epoch,train_loss,train_acc_all,train_acc_no_bg,train_f1_macro,train_iou_macro,train_d21_acc,train_d21_f1,train_d21_iou,train_d21_bin_acc_all,train_pred_bg_frac,train_gt_bg_frac,val_loss,val_acc_all,val_acc_no_bg,val_f1_macro,val_iou_macro,val_d21_acc,val_d21_f1,val_d21_iou,val_d21_bin_acc_all,val_pred_bg_frac,val_gt_bg_frac,lr
1.0,2.048345281157577,0.7555412961725598,0.1250338463339843,0.12978675739832143,0.07027700397652073,0.9142214273611206,0.26122981300209297,0.15023826320206363,0.9750540750068525,0.8694981089809479,0.8097832930715456,1.1954327076673508,0.8620990953947257,0.5473415473415093,0.48692690976006464,0.3337874407280098,0.9307636807636162,0.5598871053093315,0.38878000979887994,0.9836914062499873,0.7981560958059107,0.8147820723684106,0.001
2.0,1.9996841047939502,0.7451685855263154,0.17097000637802803,0.1699291874062593,0.09373918509431613,0.9179790037328048,0.3145130178683931,0.18660068051705378,0.9749921832168306,0.8373367577268361,0.8097832930715456,1.3027912179629009,0.8824218749999887,0.4362789987789685,0.4849195153294957,0.34511585388267546,0.9687673437672765,0.7972620012605615,0.662872547550799,0.9920757092927504,0.8827611019736729,0.8147820723684106,0.0009999383779245895
3.0,1.988110214471817,0.7448598225911454,0.18259766461702787,0.18257407648750842,0.10121001172791685,0.920090564627215,0.33216972388582044,0.19916278571206375,0.9756179006476146,0.8324145936129381,0.8097832930715456,1.3043686946233113,0.8846409847861728,0.4349192474192172,0.5164525363608933,0.36453044280473057,0.9642163392162723,0.7576811049512554,0.6098926032365679,0.9924085115131451,0.8857216282894623,0.8147820723684106,0.000999753526902683
4.0,1.985358378761693,0.7466506690309754,0.18342686461635235,0.18579726812710043,0.10307521786267007,0.9208719153394094,0.3341197091356893,0.2005664578469426,0.9760562829803996,0.8344291285464633,0.8097832930715456,1.1233927061160405,0.8811394942434098,0.5555347430347044,0.5419287283392445,0.38646159150907333,0.9670121545120873,0.7867999820648403,0.648532781431999,0.9912032277960399,0.8208226254111737,0.8147820723684106,0.0009994454925435043
5.0,1.978677988575216,0.7447847065172692,0.19144218314342742,0.1929790254220205,0.10739753109280155,0.9216594583122912,0.3425720777962986,0.20668897464984048,0.9763130054139249,0.8295372143126366,0.8097832930715456,0.9692614177862803,0.8700131064966994,0.665195915195869,0.5841245973350712,0.41956278216880805,0.971965534465467,0.817751319171597,0.691691462576721,0.9912057976973556,0.7700516550164375,0.8147820723684106,0.000999014350849922
6.0,1.969576072692871,0.747602282072368,0.1986843134837597,0.20230215612260288,0.11307316287750013,0.9225373519979304,0.3517109952675769,0.21337944635787479,0.9764543499862933,0.8305483634011782,0.8097832930715456,1.1515858123699825,0.8934840152138043,0.5564713064712679,0.5773420036792445,0.4144584636613281,0.9629884004883336,0.7366862445087919,0.5831379903105304,0.9921271073190662,0.840810032894726,0.8147820723684106,0.0009984602081996978
7.0,1.9692678737012963,0.7472305565549612,0.1982668988201486,0.20147515089320675,0.1125439146342294,0.9220329642183005,0.3480825125616232,0.21071422465621675,0.976350643760279,0.829880617375959,0.8097832930715456,1.0512674873073895,0.895880448190778,0.6323121323120884,0.6251564449393398,0.4614549801934989,0.9721805971805296,0.8229580573947801,0.6991747936979,0.9922735916940661,0.8160670230263053,0.8147820723684106,0.0009977832013192388
8.0,1.9637568175792695,0.7465888307805643,0.20384499983393425,0.20687783950812216,0.11588277539197518,0.923284363809949,0.3590166903016493,0.21878143926256297,0.9767085025185027,0.8275763260690785,0.8097832930715456,1.144577791293462,0.8942626953124885,0.5907009657009247,0.5988557318992289,0.43395545797815105,0.9692668442667769,0.7943743037500954,0.6588896588891515,0.9928068462170925,0.8278011924341999,0.8147820723684106,0.0009969834972498627
9.0,1.9599976083688568,0.7470447741056739,0.20811794117464877,0.2112008324946306,0.11852689032813575,0.9235216399808353,0.36043517354686305,0.2198358782351966,0.9767797102007943,0.8264063784950653,0.8097832930715456,1.0461851706107457,0.8909629420230148,0.600184537684496,0.5947712812279387,0.43049567852940573,0.9552114552113888,0.7083747402652867,0.5484367349789827,0.9900082236841978,0.8179738898026211,0.8147820723684106,0.000996061293306582
10.0,1.9593967707533586,0.7467653508771925,0.2074317261039247,0.21003207468012522,0.1178104397604018,0.9234619691051201,0.35924540039208924,0.21895132914936682,0.9768620005825104,0.8261376096491223,0.8097832930715456,1.0296840965747833,0.8836567125822254,0.6004897879897463,0.5824418809772464,0.4161282529204856,0.9679556554555883,0.7898257268959412,0.6526545345159778,0.9920885587993293,0.8040527343749897,0.8147820723684106,0.0009950168170294207
11.0,1.9563132288163168,0.7468720553214085,0.21091262100943925,0.21394018193082132,0.12018781804726252,0.9236888310193956,0.36438870003515733,0.22278441096792972,0.9766918516995609,0.8252152827748076,0.8097832930715456,1.0319323937098186,0.8932167454769622,0.6424963924963478,0.6151539484951106,0.45207003021459863,0.9690656565655893,0.7920921340976397,0.6557554234535198,0.9926256681743293,0.8060662520559106,0.8147820723684106,0.0009938503261272716
12.0,1.9573611218678324,0.7452017800849776,0.2116199460597795,0.2131047827659202,0.1196656064993326,0.9235171365185171,0.36091198163617727,0.22019072654588026,0.9767963074801255,0.8226318894771103,0.8097832930715456,1.1029909426967304,0.8993626644736726,0.5812798312797909,0.6157100861939868,0.4521826075322193,0.970362970362903,0.8072550081209136,0.6768043576935415,0.9926899157072241,0.8396420127466997,0.8147820723684106,0.0009925621084143099
13.0,1.9538944312354976,0.7470408121744787,0.212189915509417,0.2146866842982925,0.1206662505974202,0.9239086562737989,0.3643434730572628,0.22275060017537418,0.9768451891447363,0.8247101900870335,0.8097832930715456,1.0411201889316242,0.8924727590460412,0.6434815184814738,0.6190304902286167,0.4516445046169461,0.9669289044288373,0.7935738102451853,0.6577889447231459,0.9906442742598557,0.8048211348684107,0.8147820723684106,0.0009911524817389804
14.0,1.9496655001974943,0.7469909667968746,0.2157155635717179,0.21775609981918936,0.12262201541967621,0.9241234151330945,0.3688252454917006,0.22611019725037315,0.9767317387095663,0.82338942142955,0.8097832930715456,1.1201249609390895,0.9012117084703831,0.5453712953712575,0.6118033626538694,0.45015088362491185,0.9689407814407142,0.7979419596512172,0.6638131711341414,0.9929032175164346,0.8598632812499889,0.8147820723684106,0.0009896217939055723
15.0,1.9482771106979304,0.7481547037760412,0.2162250177464556,0.21962577822954138,0.123746624956136,0.924215736110616,0.36758833864162915,0.22518115212173234,0.9768824527138152,0.8248485899808109,0.8097832930715456,1.060776377717654,0.8856355365953833,0.643661893661849,0.6082226183810108,0.4428523039197314,0.9709734709734036,0.8075967994110146,0.6772849980712091,0.993057411595382,0.7937153063322266,0.8147820723684106,0.0009879704225884047
16.0,1.9453339847556332,0.7477658991228066,0.22012867517708398,0.2229185377978525,0.1257987119309328,0.9242666815280898,0.3687355566764726,0.22604278428653374,0.9768124764425707,0.8229534483792484,0.8097832930715456,1.1519771963357925,0.9026315789473568,0.5554376179375794,0.6094423638825359,0.45024231042805074,0.9670052170051499,0.778481602235315,0.637306489742517,0.9930355674341977,0.8579769736841995,0.8147820723684106,0.0009861987752386398
17.0,1.9477988958358765,0.749423860248766,0.2160116662191345,0.220868390774854,0.12450882483768168,0.9245813609575686,0.3686865474011001,0.226005950489609,0.9770272238212714,0.8267857601768087,0.8097832930715456,1.0135515704751015,0.8850251850328833,0.632894882894839,0.5847193920918612,0.42906103482877433,0.9683510933510261,0.7892645971910618,0.6518885921399069,0.9921181126644609,0.7934840152138056,0.8147820723684106,0.0009843072889837514
18.0,1.943579055551897,0.7487412302117594,0.21933972487222772,0.22276964327246335,0.12575115983431592,0.9245000171694475,0.3703067265752926,0.22722479905504803,0.97702497515762,0.8239330626370609,0.8097832930715456,1.034653678536415,0.8998509457236726,0.6556776556776102,0.6332180362762628,0.4717740412018456,0.9741785991785316,0.8371401067643138,0.7198976520163155,0.991543739720382,0.810333573190779,0.8147820723684106,0.0009822964305196704
19.0,1.9419097907710494,0.7498629385964908,0.21951733016739872,0.22393588670729203,0.1264558563080974,0.9242953911003678,0.3681268985089057,0.22558549324241967,0.9770989668996705,0.8251820346765346,0.8097832930715456,0.9156663666168848,0.8963635896381463,0.6738886113885646,0.6361192947605836,0.4715297100322525,0.975226162726095,0.8419002080839235,0.7269668934928305,0.9926269531249873,0.7950542249177529,0.8147820723684106,0.0009801666959956333
20.0,1.9357926362439206,0.7519916735197364,0.2238620454388083,0.22926797933653154,0.12985349674022936,0.9250967259265989,0.3749048679426019,0.23069718230462358,0.9774935538308657,0.8257428085594841,0.8097832930715456,1.0236480832099915,0.9063489412006462,0.6480533355532906,0.6457010222236397,0.484151608549293,0.9697455322454649,0.8017276653781306,0.6690696615566329,0.992337839226961,0.8200786389802526,0.8147820723684106,0.0009779186108917661
21.0,1.9318728063190191,0.7540480764288647,0.22607915623129946,0.23275134163290015,0.13209813850157573,0.9252174750100036,0.37565591741490695,0.23126622089641394,0.9775989733244238,0.8274801153885686,0.8097832930715456,0.939522941907247,0.902337325246699,0.6895673770673292,0.6528586285489298,0.4889887469631751,0.9743381618380942,0.8349913012442186,0.716725379077411,0.9929340563322241,0.7950079666940687,0.8147820723684106,0.0009755527298894296
22.0,1.9315912520676328,0.7540059942948186,0.22734068861316378,0.2339087137048983,0.13280510151585945,0.925223667270691,0.37609760107087875,0.23160111181490678,0.9775965640419402,0.8268866823430642,0.8097832930715456,0.9508303453524908,0.9127377158716988,0.705495892995844,0.6778661145081152,0.5176879569446593,0.9748584748584072,0.847346251052718,0.7351264435018746,0.9919921874999872,0.8041902240953844,0.8147820723684106,0.0009730696367343592
23.0,1.9241211924636572,0.7577963310375544,0.22864359655507588,0.23798927812279652,0.13542487946142184,0.9256602216491541,0.3772347218357759,0.2324641320046778,0.9780152437979709,0.83073949981154,0.8097832930715456,0.8498890474438667,0.879903371710515,0.7476481851481332,0.6341274804425451,0.47170489339865534,0.975677100677033,0.8509987250315125,0.7406421068199877,0.9913278680098556,0.749211040296043,0.8147820723684106,0.0009704699440926359
24.0,1.9155192434787751,0.7604127582750818,0.23310427598117714,0.24419054837266724,0.13940869674843823,0.9265071540313562,0.38331912320768474,0.23710252821709307,0.9784384208813043,0.8323614287794677,0.8097832930715456,0.868307001888752,0.9096217105263041,0.7177405927405429,0.6728849369834143,0.5100634634193576,0.9745532245531568,0.8395450568675242,0.7234620024119998,0.9922170538651188,0.7924804687499898,0.8147820723684106,0.0009677542933995191
25.0,1.9122043659812527,0.7639244213438866,0.23275441325233792,0.2469252875575199,0.14117072719744772,0.9267160020963592,0.3829496789911534,0.23681988990437752,0.9788276538514249,0.8364998265316607,0.8097832930715456,0.8261793305476507,0.9073846114309094,0.7242132867132364,0.675818744801845,0.5134195607410453,0.9739565989565313,0.8358548316568273,0.7179987980763837,0.9927284642269609,0.7881424753289372,0.8147820723684106,0.0009649233547011819
26.0,1.9055025154038479,0.7687149850945719,0.23087928412962927,0.25007284206592983,0.1431863906090887,0.9265350192044496,0.3799548639980905,0.23453350499590195,0.9789745130037001,0.8431725217584973,0.8097832930715456,0.8549159367879232,0.9092863384045936,0.7084859584859092,0.671162373823181,0.50730976007359,0.9722014097013422,0.8338791924046126,0.7150881683726428,0.9908935546874873,0.7952225534539371,0.8147820723684106,0.000961977826489388
27.0,1.897075235948228,0.7742330986156793,0.2292766144771671,0.2536045199625767,0.1454858502176499,0.92691781350149,0.38021740894746237,0.23473360625539036,0.9794596889562768,0.8505118386787276,0.8097832930715456,0.957694115738074,0.9110081722861725,0.6511405261404809,0.6585167178191529,0.49416871347702535,0.9705294705294031,0.8115517700289187,0.6828667413208788,0.9924483449835398,0.8209215666118316,0.8147820723684106,0.0009589184355291488
28.0,1.882915576194462,0.7821044386478888,0.22659846172985806,0.2591072775311199,0.14911413156139885,0.9274666729715113,0.3790499414466205,0.2338443059651724,0.9802243416769457,0.8611343651487111,0.8097832930715456,0.899126373231411,0.9100521689966988,0.6769341769341299,0.6652652472036552,0.500701216787917,0.972007159507092,0.8223171429825962,0.6982500747826067,0.9920127467105135,0.8100547388980159,0.8147820723684106,0.0009557459366794051
29.0,1.8678637586141889,0.7874779952199831,0.22799369064929167,0.2660918877113306,0.1537318678312302,0.9282820811174866,0.38420397559058944,0.23777999808547606,0.9807557758532066,0.8674755966454216,0.8097832930715456,0.6747991628944874,0.896453536184199,0.7425838050837535,0.6539251107104139,0.4888226140595652,0.9753649128648452,0.8511173535697241,0.740821837821516,0.9909256784539346,0.7690236944901216,0.8147820723684106,0.000952461112706777
30.0,1.8537726904216565,0.7936043722587715,0.22962450694124215,0.27407436140849656,0.15906886797146697,0.9286378546406183,0.3848055808310492,0.23824102923104404,0.9811653003357999,0.8745771441543306,0.8097832930715456,0.6685378216207027,0.8963584498355148,0.7344946719946209,0.6482964841039829,0.4856445761843392,0.9770784770784092,0.859392288705056,0.7534512349819017,0.9909488075657767,0.7697908100328849,0.8147820723684106,0.0009490647740924278
31.0,1.8415658240778405,0.7986520332202572,0.23020376478191076,0.2804193117845123,0.16333286344620543,0.9291309837644528,0.38509987227484144,0.23846668017626285,0.98184675250137,0.8805741159539469,0.8097832930715456,0.680834449827671,0.8957031249999885,0.7100399600399108,0.6323528831532608,0.46820386369223643,0.9754689754689078,0.853872220844345,0.7450061296598074,0.9904772306743294,0.77573242187499,0.8147820723684106,0.00094555775883209
32.0,1.835024175623007,0.8012613396895555,0.23155592934292732,0.2845302367101335,0.16609695575528488,0.9293311063712144,0.3846889060983525,0.23815159045875736,0.9821421305338536,0.8832894308525214,0.8097832930715456,0.7517913803458214,0.8901045949835412,0.6850649350648875,0.6212728754850779,0.4541996097898031,0.9620448995448327,0.7696130037475177,0.6255048257918916,0.9879715768914347,0.7802156147203847,0.8147820723684106,0.0009419409322293028
33.0,1.8226079171163994,0.8037215918825379,0.2312634857586442,0.2866086762249007,0.16755015564647927,0.9297991849859044,0.3900335784667287,0.24226193369627885,0.9823677464535356,0.8859732644599776,0.8097832930715456,0.6150880083441734,0.9078600431743304,0.7401695526695012,0.6851370154015352,0.5243083613279416,0.9738802863802187,0.835467377528805,0.717427199038789,0.9925922594572241,0.7835282175164373,0.8147820723684106,0.0009382151866819101
34.0,1.812469333410263,0.8065250329803998,0.23400609431038136,0.2930684826960207,0.17192855817797942,0.930105138957142,0.3915804638536114,0.24345666976403357,0.9826964796635137,0.8888443260862111,0.8097832930715456,0.5966787474850813,0.9134315892269619,0.7333846708846199,0.6851886398620087,0.5239942667578458,0.9713272838272163,0.8146719878028722,0.6872966633875408,0.9930856805098557,0.7914679276315688,0.8147820723684106,0.0009343814414618769
35.0,1.800000997698098,0.8092591938219568,0.2341178364691498,0.29598120085318425,0.1739284920785694,0.9300378684887649,0.3895365829098735,0.24187856661389398,0.9829267535293306,0.8917544716282889,0.8097832930715456,0.5897067325810591,0.9101087068256462,0.7174353424352926,0.6708387463739418,0.5069806128415397,0.9722777222776547,0.8214796283055658,0.6970432145559536,0.9926526521381451,0.7906763980263056,0.8147820723684106,0.0009304406424884702
36.0,1.7900130322105006,0.8111952396861289,0.23587390530682306,0.30015383249954136,0.17684285953652484,0.9309323686917023,0.3964493111870212,0.24723216668659914,0.9833496093749994,0.8935520105194622,0.8097832930715456,0.5843722559511662,0.9007285670230147,0.7468573093572575,0.6683919900083722,0.5032424469877669,0.9689477189476516,0.8070855960689565,0.6765662258828842,0.9906866776315661,0.7724904913651216,0.8147820723684106,0.0009263937620948695
37.0,1.780941185198332,0.8142868309690237,0.23757396233191466,0.3058511586429539,0.18078807504221142,0.931141779689495,0.3977637788297405,0.2482553905436099,0.983544172320449,0.8967922813013975,0.8097832930715456,0.7765483570595583,0.8991981907894622,0.6259088134087699,0.6065560814876738,0.4435882151435062,0.9722152847152172,0.8204116407332315,0.6955067285024743,0.9929751747532767,0.8061973170230159,0.8147820723684106,0.000922241798788257
38.0,1.7752904496694866,0.8160842627809753,0.23710813544838377,0.30733060895462877,0.18182251620918735,0.9314119874285823,0.39868821391291775,0.2489760066571048,0.9838470994380477,0.8989093445895006,0.8097832930715456,0.5638520841797193,0.910513466282883,0.7139735264734769,0.6713075237859941,0.5072977941187587,0.962391774891708,0.777909787373191,0.6365403955744977,0.987111944901303,0.7931396484374897,0.8147820723684106,0.0009179857770034514
39.0,1.7612630261663804,0.8181314568770555,0.2414421549967878,0.3142268261297696,0.1866571831362603,0.9319509955747828,0.4036447413210361,0.2528539553627087,0.9840243155496157,0.8999418024431189,0.8097832930715456,0.5600914992392063,0.9129021895559093,0.7286394161393656,0.6759895446166893,0.517433022523994,0.9754897879897202,0.8483495729060186,0.7366380916878593,0.9936998869243293,0.7899606805098582,0.8147820723684106,0.000913626746850144
40.0,1.7586730419543752,0.8193829452782342,0.24142048208438183,0.31581604994233226,0.18779471357781136,0.9318795031104825,0.40233711327985094,0.2518285406915917,0.9842178077028503,0.9014256527549337,0.8097832930715456,0.49375583976507187,0.9174894634045935,0.750027750027698,0.6973205352447103,0.5379563509305975,0.974733599733532,0.8421873645892876,0.7273952095802938,0.9934004934210399,0.788268400493411,0.8147820723684106,0.0009091657838537996
41.0,1.750413659999245,0.8224982010690784,0.24262572118726963,0.3211237005130668,0.19154942035432768,0.9324753674684493,0.4070979301822575,0.2555699674800705,0.984525339226973,0.9047040972793305,0.8097832930715456,0.4463932563861211,0.9142462479440672,0.7778402153401613,0.7045237594306443,0.5457333819944178,0.9779803529802851,0.8646597305130204,0.7615864192888443,0.9923326994243293,0.7780723170230163,0.8147820723684106,0.0009046039886902867
42.0,1.7418712459635317,0.8237191718921322,0.24329955173661885,0.32348692112219724,0.19322672486802925,0.9325153356965226,0.40620147359295633,0.25486375276596007,0.9847188849198185,0.9060109456380203,0.8097832930715456,0.450635672857364,0.9264352898848565,0.7603923853923326,0.7182196566721785,0.5627683188101106,0.9782301032300352,0.8680625630672435,0.7668821038550131,0.9938386615953819,0.7959524054276214,0.8147820723684106,0.0008999424869143022
43.0,1.7322776642284896,0.8259910717345116,0.24626367434112872,0.32963878965646914,0.19764669918741085,0.9331247104414437,0.4123943355443008,0.25975866978635886,0.985030057137472,0.9077251768948733,0.8097832930715456,0.4151094524810712,0.9259804173519618,0.784944222444168,0.7314909530409237,0.5789080305228967,0.9768772893772215,0.8605147520398156,0.7551784927275192,0.9940622430098557,0.7886063425164372,0.8147820723684106,0.0008951824286816577
44.0,1.7275258964613864,0.8262922320449556,0.24717196639741523,0.3306304791216605,0.19837037322904486,0.9336060179766932,0.4156840791090222,0.26237448833768734,0.9852362917180641,0.9076947663959698,0.8097832930715456,0.42427480531235534,0.9294150904605144,0.785589410589356,0.7402686190744456,0.5895806880624447,0.978389665889598,0.8687260314379582,0.7679183430183519,0.9938412314966978,0.7933246813322267,0.8147820723684106,0.0008903249884654961
45.0,1.717637502049145,0.8286802593030422,0.24816132077542796,0.3347344381330281,0.20133039216908716,0.9335148228647512,0.4148496063655223,0.2617099349256971,0.9853744774533986,0.909929670367324,0.8097832930715456,0.46224942430853844,0.9258981805098565,0.7615856365855836,0.7255965612463504,0.5711811021435411,0.9747474747474071,0.8453958545698074,0.7321954090636167,0.9933670847039346,0.7975714432565687,0.8147820723684106,0.0008853713647665072
46.0,1.706884385671532,0.8308768289131025,0.2520979097742576,0.3416449533070928,0.20632585791552938,0.9341337674670982,0.42087809561990547,0.2665266655173951,0.9856263277823459,0.9113378692091552,0.8097832930715456,0.4304292971889178,0.920863743832225,0.7800185925185383,0.7198488636892978,0.5645432215161806,0.9773143523142844,0.8601727529287351,0.7546518607437315,0.9929751747532767,0.7844585217927531,0.8147820723684106,0.000880322779817216
47.0,1.6991350188067085,0.8323011431777682,0.2518845582469365,0.3437213965988806,0.2078969009905566,0.9348036574869191,0.4259781970296507,0.2706304297855238,0.985896970514665,0.9130685906661179,0.8097832930715456,0.4177878846724828,0.9238152754934091,0.7793317793317251,0.7227038746325309,0.5680774809681834,0.9759407259406582,0.8555601832566199,0.747579882086944,0.9933388157894609,0.7879098992598583,0.8147820723684106,0.0008751804792804151
48.0,1.6918351475606885,0.8338124057702846,0.2553142262685824,0.3494044346836301,0.21201038834473793,0.9347940876294931,0.4262778205664678,0.2708723471889481,0.9859108908134588,0.9137127257229983,0.8097832930715456,0.42461995345850784,0.9060970908716989,0.8014416139415583,0.697913674601234,0.5368789005941537,0.9797632922632242,0.8755599163854462,0.7786630245080972,0.9910207648026188,0.7619102076480165,0.8147820723684106,0.000869945731941816
49.0,1.6878343930892776,0.8349584211382944,0.2557479659830967,0.3513859033223189,0.21348919813294615,0.9348433442485976,0.42591931275976286,0.2705828971871242,0.9860260545161726,0.9148825662177901,0.8097832930715456,0.41141543226937455,0.9069078947368304,0.7976190476189923,0.6960260001991162,0.53648493607695,0.9808594183593502,0.8845654993511215,0.7930232558133585,0.992152806332224,0.7625205592105165,0.8147820723684106,0.0008646198293969955
50.0,1.6802815561231814,0.8361345793071541,0.256618260076074,0.35411237424064174,0.21550067716974647,0.9353328143092986,0.43053555450351016,0.2743200432089515,0.9861744127775488,0.9158954821134863,0.8097832930715456,0.48021463056405383,0.8861263877466992,0.7704587079586545,0.6422340809399002,0.4808034428277832,0.9823371073370392,0.8941900091426754,0.8086289837636735,0.9899118523848557,0.7457506681743326,0.8147820723684106,0.0008592040857327133
51.0,1.6750321671105268,0.8376759311609095,0.2577244230079631,0.35697627957069145,0.21762739552835075,0.9355270261217676,0.43274352719752274,0.2761153229909562,0.9863102427700103,0.9171344422457506,0.8097832930715456,0.3738600655148427,0.9259739925986723,0.7980838605838052,0.7317355124368448,0.5805053550416881,0.9814907314906633,0.8890459951755431,0.8002545481763866,0.993448036595382,0.7831710012335426,0.8147820723684106,0.0008536998372026809
52.0,1.6674722761961451,0.8392519231428175,0.26166438960353133,0.36396164471466796,0.22281990724466347,0.9359875051437958,0.43669733860080406,0.2793427973889258,0.9864229971902406,0.9180807013260686,0.8097832930715456,0.36236007884144783,0.9359811883223563,0.8025863025862469,0.7543682482521306,0.6075880450966842,0.9814837939837258,0.8887963001537899,0.7998500187470566,0.9946109169407766,0.793075400904595,0.8147820723684106,0.0008481084418978613
53.0,1.6620467616277828,0.8402404249760137,0.26269877860472535,0.3661822981610004,0.224464487579678,0.9359680839625489,0.4361144160221982,0.2788659352642185,0.9865143893057834,0.9187518203467648,0.8097832930715456,0.3656640239059925,0.9262798108552512,0.8074148074147514,0.737580458496593,0.5855391133756521,0.9809426684426004,0.8887809223041868,0.7998251111267216,0.9915887129934083,0.7806319387335426,0.8147820723684106,0.0008424312794113804
54.0,1.659727197258096,0.8405541135553724,0.26323243888942294,0.3670331864744412,0.22511936405129304,0.9363742399703646,0.4404248840876295,0.2824005587124129,0.9865778337445169,0.9187531052974227,0.8097832930715456,0.4047234437117974,0.9182899876644619,0.7862415362414816,0.7069600167708214,0.5496042169249008,0.9816294816294134,0.8906778961271197,0.8029028656488255,0.992898077713803,0.7772512335526216,0.8147820723684106,0.000836669750498132
55.0,1.652657623458327,0.8420970180578394,0.2642848417398894,0.3706809087176211,0.2278763551080698,0.9366906081982128,0.44401654155037623,0.2853607081355432,0.9867299397786452,0.9202142548142812,0.8097832930715456,0.37668449121216935,0.9274015727795933,0.8013583638583082,0.7416366486972545,0.5906522994336971,0.9800269175268495,0.8808410247916556,0.7870562130171693,0.9919793379934083,0.7858334189967005,0.8147820723684106,0.0008308252767291643
56.0,1.6487941616198474,0.8429824026007396,0.26701647310222615,0.37458913948911804,0.23078621422816287,0.9366956745933207,0.4436236978618974,0.2850362712747943,0.9867222300746978,0.9203848320141168,0.8097832930715456,0.38276279779771966,0.928295898437488,0.7900779775779228,0.7318062621967693,0.5809647293670056,0.9808871683871002,0.8882398279985038,0.7989491352252799,0.9943603515624873,0.7867560135690689,0.8147820723684106,0.000824899300140927
57.0,1.6454767611988803,0.8433928372567155,0.26728358471096986,0.37581828767760717,0.2317481087866041,0.9369588456725361,0.4465732980153286,0.2874762597068678,0.9868008262232725,0.9208175391481628,0.8097832930715456,0.3734011525909106,0.9318693462170933,0.7900571650571102,0.7389994547901003,0.5890113081411713,0.9828574203573521,0.8937250010748382,0.8078687504853371,0.9952842310855136,0.7902009662828846,0.8147820723684106,0.0008188932828794707
58.0,1.6439052329774488,0.8442146702816606,0.2672036482548232,0.3766088862351461,0.2323183134611558,0.9368310599292593,0.4449742306284451,0.286152319397431,0.9868578459087165,0.9216369628906245,0.8097832930715456,0.32754140968124074,0.9391061883223564,0.8191253191252622,0.7700240490123471,0.6283434834243058,0.9838980463979781,0.9015566017725318,0.8207583597182633,0.9952713815789346,0.7923237047697267,0.8147820723684106,0.000812808706839685
59.0,1.6432907856870116,0.8448467053865126,0.2687798600661664,0.37924354172401414,0.23433947946870134,0.9370545442467961,0.4472905040359343,0.288070952872105,0.9869299102247802,0.9218817995305641,0.8097832930715456,0.3612392886231343,0.9351228412828827,0.7996170496169941,0.7489364898399016,0.6010764670969587,0.9827186702186019,0.8988919105406913,0.8163521085219578,0.993947882401303,0.7921707956414372,0.8147820723684106,0.000806647073299662
60.0,1.635762715627227,0.8457890025356355,0.271132637660991,0.3832823902082115,0.23738833546099292,0.9372639552445889,0.44934160140325496,0.28977471879679156,0.987029922217653,0.9223486113966551,0.8097832930715456,0.38986961791912716,0.9287931743420933,0.7899669774669226,0.7324679575321825,0.5794953687216656,0.9812271062270381,0.8902498377673222,0.8022074409759504,0.9926770662006451,0.7873085423519636,0.8147820723684106,0.0008004099025502793
61.0,1.6335596402486166,0.8461375989412001,0.27084385313984133,0.3835477108551822,0.23760876395709207,0.9372484745928703,0.44932136196908895,0.2897578846766394,0.9870165908545773,0.9228155303419676,0.8097832930715456,0.335456108674407,0.9340113589638038,0.8164474414473848,0.7535819294394186,0.606715928532923,0.9836482961482278,0.9010121372471123,0.8198563130534853,0.9947856702302503,0.7867984169407793,0.8147820723684106,0.0007940987335200906
62.0,1.6266279974527527,0.8474450897752188,0.27353579774049963,0.38869647300459315,0.24157433989298913,0.9375980558553146,0.4522890155417262,0.2922309268871897,0.9871584172834424,0.9234910931503558,0.8097832930715456,0.3403499045719703,0.944821648848672,0.8136793761793196,0.7803692055564667,0.6418692321142007,0.9840437340436657,0.9037012225754045,0.8243201955386309,0.9952919407894609,0.8002210115131476,0.8147820723684106,0.0007877151233956179
63.0,1.6253534256627684,0.8482183623732177,0.2749968897963358,0.3913100294479759,0.24353480828878754,0.9376163511709821,0.45252128032723404,0.2924248809204468,0.9871601305509863,0.9239629377398569,0.8097832930715456,0.32436520978808403,0.931225585937488,0.8367604617604036,0.7597821496979874,0.6152376157204166,0.9845848595847912,0.9064657349718359,0.828932173376835,0.9951133326480135,0.7787700452302532,0.8147820723684106,0.0007812606472371395
64.0,1.6248573377728461,0.8484547397546596,0.27514747431759806,0.39167116311457445,0.24381980952841875,0.9375915821282323,0.45313602170426803,0.29293850529993837,0.9871397319592922,0.9241265012506847,0.8097832930715456,0.3210249599069357,0.9414306640624879,0.8224136974136403,0.7739817078506892,0.6336919243401316,0.9829337329336647,0.8968812877259822,0.8130414956674167,0.995228978207224,0.7933799342105161,0.8147820723684106,0.000774736897590067
65.0,1.6195291982931004,0.8493223491467923,0.27699023480489515,0.3950585576237282,0.24643946820201704,0.9378916253051773,0.4551039860923736,0.2945855138439017,0.9872528611567977,0.924551605760005,0.8097832930715456,0.31582983831564587,0.9472579152960404,0.8255147630147057,0.7895023184750464,0.6542664127006705,0.9841269841269158,0.9035250463818082,0.8240270727574034,0.9957455283716977,0.7995001541940686,0.8147820723684106,0.0007681454840920089
66.0,1.6165038472989148,0.849910856548108,0.2773966722791058,0.39663798212892193,0.24764914517629058,0.9379738134924831,0.4558841684732308,0.2952396181460481,0.9873006184895827,0.9251052588747253,0.8097832930715456,0.305143595362703,0.9453202097039352,0.8284978909978334,0.786457204213928,0.6501975732625418,0.9846889221888538,0.9084422319017181,0.8322438431127757,0.995437140213803,0.7961065995065687,0.8147820723684106,0.0007614880330756165
67.0,1.6164611275781664,0.8505325049684753,0.2796692319513889,0.399960316111815,0.2502316966222868,0.9381601442458954,0.457197068894796,0.29634184617945847,0.9873591372841277,0.9253028200383766,0.8097832930715456,0.3200231719141205,0.9357601768091985,0.8339785214784635,0.7683085393785702,0.6259120156467047,0.9846126096125413,0.9076833430446567,0.8309708885834239,0.9939260382401188,0.7840049342105162,0.8147820723684106,0.0007547661871673105
68.0,1.6129745791617194,0.8506563956277408,0.2794443403018776,0.40011380841859717,0.25035047658451576,0.9381528261196285,0.45783203876786505,0.29687559998463087,0.9873378820586617,0.9254589415433109,0.8097832930715456,0.2966136084869504,0.9498535156249878,0.8316128316127739,0.7990821480666945,0.6672553625270429,0.9820804195803514,0.8907221728641999,0.8029748283746735,0.995401161595382,0.8005512438322265,0.8147820723684106,0.0007479816048819877
69.0,1.6081923973926326,0.8517348975466004,0.28206451097184077,0.40448472660978735,0.2537623483419587,0.9381942016796763,0.4579847800812965,0.29700405947059455,0.9874090362013426,0.9259106016995609,0.8097832930715456,0.28673053719103336,0.9421785053453826,0.8467365967365379,0.7869318086367773,0.6506512415877396,0.9861527361526676,0.9167639699745969,0.8463196797036908,0.9950850637335398,0.7878970497532793,0.8147820723684106,0.0007411359602138068
70.0,1.6108602670985355,0.8517344692297144,0.2813115883655295,0.4036899542613552,0.25311634734390753,0.9379315935332507,0.4558255230311263,0.2951904268783705,0.9873716120134314,0.9261383592036727,0.8097832930715456,0.30353258705387515,0.9499614514802509,0.8218378843378272,0.7943631571941704,0.6615481235923225,0.9853826728826044,0.9123434704826258,0.8388157894730425,0.995863743832224,0.8029489617598581,0.8147820723684106,0.0007342309422231565
71.0,1.6071035006328633,0.8523373787863208,0.28210926412862714,0.4056509538923156,0.25468569164763055,0.9383825026978528,0.4599866794938094,0.2986900654486646,0.9874774598238755,0.9265776517098404,0.8097832930715456,0.29811420167485875,0.9474390933388036,0.8315712065711488,0.7922612633412632,0.6581907042930776,0.985937673437605,0.9147853869756948,0.8429534361192818,0.9957570929276187,0.7982948704769635,0.8147820723684106,0.0007272682546199037
72.0,1.6056593266234063,0.8522119354783438,0.2827774653500787,0.4062183917688487,0.2551407939150515,0.9385184509665812,0.4607830794410059,0.29936201537705565,0.987489559775904,0.9263139691269183,0.8097832930715456,0.28862586058676243,0.9480545847039352,0.8415334665334081,0.7973915911667253,0.6648963155641446,0.9860833610832926,0.9159262363784929,0.8448929096104191,0.9957391036184082,0.7957326788651213,0.8147820723684106,0.0007202496153430296
73.0,1.6014513268805386,0.8533391049033712,0.284590953332308,0.40988369739987424,0.25801106999788165,0.9386330077892985,0.4621263704273744,0.3004969729247514,0.9875288043105805,0.9270057544373624,0.8097832930715456,0.29597554293771583,0.9448974609374878,0.8376762126761544,0.7895501106998022,0.6550329469567133,0.9847513597512914,0.9066032123732018,0.8291621327523478,0.9957892166940662,0.7932026110197267,0.8147820723684106,0.000713176756136754
74.0,1.6040843782717722,0.8532272606565237,0.2843578991573451,0.4095925829793394,0.25778379081364816,0.9385339316182997,0.4610824844033685,0.29961481348440494,0.9875246282209424,0.9269412392064139,0.8097832930715456,0.3075375423456232,0.9464651007401194,0.8322163947163369,0.7895837602684622,0.6543325965769903,0.9855144855144171,0.9120916133374402,0.838390092878608,0.9959228515624872,0.7962145353618318,0.8147820723684106,0.000706051422123252
75.0,1.597497879334709,0.8537532873320993,0.28531207023599753,0.41144534253198056,0.25922090903346817,0.9384841120664055,0.4603087195620227,0.2989616979782364,0.9875369958710246,0.9272979200932012,0.8097832930715456,0.28456804994493723,0.9427284642269615,0.8458971583970997,0.7883852102198293,0.6521962329884653,0.9865342990342305,0.9193836441413301,0.8507956030433924,0.9948010896381451,0.7885253906249898,0.8147820723684106,0.000698875371372073
76.0,1.600362287148049,0.8538826925712715,0.2853092555720487,0.4118189018760835,0.2595546909356645,0.938689301068275,0.462423494570571,0.30074828337821213,0.9875677811472033,0.9274078904536727,0.8097832930715456,0.29916056152433157,0.9478939658716984,0.8340340215339636,0.7939608997422491,0.6598452080391475,0.9834540459539777,0.9005877203947728,0.8191537761595244,0.9947856702302503,0.7973992598684108,0.8147820723684106,0.0006916503744663626
77.0,1.5956149683186882,0.8543715092173789,0.28717284457256714,0.41457431410906126,0.2617106022677341,0.9387472831456208,0.46340597399137823,0.3015799659166305,0.9876236765008217,0.927522518760279,0.8097832930715456,0.26628159545361996,0.9522203947368298,0.851669164169105,0.8121818491629238,0.6849458496117642,0.9851398601397917,0.9108094603593809,0.8362260111622936,0.995570775082224,0.7979607833059108,0.8147820723684106,0.0006843782140659969
78.0,1.5953810893391307,0.8546925862630204,0.28746585108964007,0.4153447423572701,0.26231914800886624,0.938799635895069,0.463117972118094,0.30133605814647474,0.9876236765008217,0.9277770460697637,0.8097832930715456,0.28041313371310633,0.9489463404605141,0.8422549672549088,0.7994943132419147,0.6679057224629379,0.9860278610277925,0.9156121679372682,0.8443585780518976,0.9954589843749871,0.7961914062499897,0.8147820723684106,0.0006770606844677392
79.0,1.5913145133277826,0.8550025806092374,0.28847237491774064,0.41698876660818235,0.26364363485804265,0.9389859666484813,0.4653123442964924,0.30319677269000456,0.9876882988109917,0.9278673673930915,0.8097832930715456,0.27811515983194113,0.9530748869243298,0.8458763458762871,0.8126085654748,0.6864757009506357,0.9863053613052928,0.9181388405072082,0.848666053357215,0.995827765213803,0.8000269839638054,0.8147820723684106,0.0006696995911625234
80.0,1.591452021217137,0.8552492911355533,0.2893350694180562,0.41842678508894837,0.2647767531585525,0.9389001193980421,0.4644583202784701,0.30247197221159083,0.9876517312568525,0.9279235304447637,0.8097832930715456,0.2855061364049713,0.9523116262335404,0.8427197802197217,0.8095383290166565,0.6815774100717652,0.9861943611942927,0.916993409526605,0.8467108303798746,0.995473118832224,0.8005499588815687,0.8147820723684106,0.0006622967503899759
81.0,1.587635795327655,0.8558269299958876,0.29047979324604417,0.4205260120828006,0.2664404050481483,0.9389997585018306,0.46519180228755,0.30309442116669283,0.987703396981222,0.9282610976905148,0.8097832930715456,0.26852715853601694,0.950558953536172,0.8532370407369815,0.8085929916480641,0.6798904096885886,0.9860556110555425,0.9157374025316861,0.8445716053194829,0.9957198293585399,0.7955720600328845,0.8147820723684106,0.0006548539886902865
82.0,1.5898314651428607,0.8558943899054271,0.2902976844885551,0.4206363702439697,0.2665301943994602,0.9389538794794647,0.4651103142463841,0.30302523924904706,0.9876888877467099,0.9283883613452572,0.8097832930715456,0.33089353051036596,0.946151572779593,0.8199508824508255,0.7802808815809694,0.6441155726594942,0.9857850482849798,0.9154598341375106,0.8440995206567419,0.9957326788651187,0.797505910773016,0.8147820723684106,0.0006473731424535361
83.0,1.5867502274612586,0.8560274893777408,0.2913022380518915,0.4219638668877504,0.2675953730161644,0.939013268888785,0.4656293698532724,0.30346603402383004,0.9877287747567154,0.928294934724506,0.8097832930715456,0.269000924192369,0.9499717310855141,0.863379675879616,0.8116333167522106,0.6839589842748708,0.985937673437605,0.9169364422403323,0.8466136965563021,0.994252415707224,0.792502312911174,0.8147820723684106,0.0006398560574665953
84.0,1.582537322060058,0.8563793516995609,0.29227301564784197,0.4235295889277876,0.2688665961993862,0.9393068383386477,0.46876370391173156,0.3061341382184096,0.9877778705797692,0.9284126147889249,0.8097832930715456,0.26982617812852067,0.9535400390624877,0.8560744810744216,0.8171331817277672,0.6923916034023267,0.986527361527293,0.9182522310149359,0.8488598334494133,0.9960282175164346,0.7981869346217002,0.8147820723684106,0.000632304588457704
85.0,1.5841827299772648,0.8566534209669677,0.2930940531217148,0.4249175768713488,0.26994855072575397,0.939068436302182,0.465807104344274,0.30361703907199,0.9877568830523569,0.928581799958881,0.8097832930715456,0.295612383633852,0.9537250719572246,0.8417970917970333,0.8123931601815878,0.686482148258892,0.9861249861249176,0.9167083125100297,0.846224819313512,0.9960641961348556,0.8016665810032791,0.8147820723684106,0.0006247205986388451
86.0,1.581707025724545,0.8567053543893909,0.2932021362173498,0.425151986012456,0.2701536454458522,0.939269966240918,0.4680805954179915,0.30555171115265656,0.9877881501850323,0.9286109790467374,0.8097832930715456,0.2827531201764941,0.9480931332236721,0.855956543456484,0.8045254176047908,0.6745599187237735,0.984869297369229,0.9081800193655925,0.8318038096700611,0.9954602693256451,0.7920538651315687,0.8147820723684106,0.0006171059592460251
87.0,1.581350581661651,0.8570833975808657,0.2939376079071783,0.42656220985179416,0.2712686339828965,0.9390909536137726,0.4663416366420683,0.30407139411479966,0.9877678586725597,0.9288077371162275,0.8097832930715456,0.2733782433594267,0.9538612767269614,0.8538544788544196,0.8163361546471917,0.6914471080161003,0.9862637362636678,0.9178082191777012,0.8481012658221341,0.9958367598684083,0.7991943359374897,0.8147820723684106,0.0006094625490775734
88.0,1.5791293234678736,0.8572395190857999,0.2940744005750913,0.42698375365200797,0.27161477228909636,0.9393504656298545,0.46866777958331046,0.3060523205446442,0.9878378349438043,0.9289510626541935,0.8097832930715456,0.2861812462409337,0.9522576583059088,0.85159978909973,0.8110440095409474,0.6839130485624175,0.9857642357641673,0.9144286905750982,0.8423478795322354,0.9954191509045924,0.7977731805098581,0.8147820723684106,0.0006017922540305783
89.0,1.5769931563682724,0.8574241772032616,0.2948706690062145,0.42815233709817047,0.27255037661433024,0.9392741882368413,0.46852244174014707,0.3059283756482253,0.9877969842208053,0.9289422286184205,0.8097832930715456,0.25744906812906265,0.9553132709703824,0.864559052058992,0.825538708388016,0.7042970580684946,0.9844877344876661,0.9062159214827169,0.8285144566294742,0.9959524054276188,0.7983090049342002,0.8147820723684106,0.0005940969666355699
90.0,1.573490908467456,0.8577933328193525,0.29604100627613683,0.43023254804779537,0.27423943443913285,0.9394987984199576,0.4702376844740955,0.3073926450544288,0.987882701137609,0.9290931567811124,0.8097832930715456,0.3089753945047657,0.949155787417751,0.8331321456320878,0.7908038300493179,0.6579349794406216,0.9864787989787305,0.9189638684458363,0.8500769230762691,0.9956054687499872,0.7978631270559108,0.8147820723684106,0.0005863785855895654
91.0,1.574886832582323,0.8579684073464907,0.29642070444283364,0.4308955543423564,0.27477018063327213,0.939399722248959,0.46992668166843593,0.3071269043374062,0.9878544322231354,0.9291630795127461,0.8097832930715456,0.2546533653512597,0.9547800164473561,0.8676531801531199,0.8261610297856741,0.7049709536566147,0.9867493617492932,0.9197276624355216,0.8513849984431595,0.9957994962993293,0.7969713712993318,0.8147820723684106,0.0005786390152875957
92.0,1.5749984602917704,0.8580796626576201,0.29666417287440716,0.4313545157252268,0.2751460383378409,0.9396417833485581,0.4715574174470066,0.3085215125708898,0.9879095780222034,0.929262020713404,0.8097832930715456,0.26499076684316,0.9560559724506456,0.8659673659673058,0.8279388416151553,0.7075625935859293,0.9863053613052928,0.9185038394843866,0.8492899679333873,0.9957596628289346,0.7987471731085424,0.8147820723684106,0.000570880165352823
93.0,1.5735040866753511,0.8580995793928174,0.2964527916118503,0.4312398284868985,0.2750525510047766,0.9394270244892625,0.46943530194888083,0.30670725814244687,0.987871779057017,0.929312133789062,0.8097832930715456,0.2724370841557781,0.9549868935032771,0.8517662892662301,0.8177867079050909,0.6934141779100702,0.9856671106670422,0.9145150612376223,0.842494472820887,0.9959973787006451,0.8006219161184107,0.8147820723684106,0.0005631039501653704
94.0,1.5737650624100576,0.8583680805407067,0.29736812032800886,0.4327203039574476,0.2762603600834144,0.9396116664443056,0.4712142534979267,0.3082277909616079,0.987883557771381,0.9293723658511508,0.8097832930715456,0.2695431246732672,0.953317742598672,0.8606532356531759,0.8182500082819956,0.6943768958481729,0.9862637362636678,0.9179988403872616,0.8484268544738204,0.9957725123355136,0.796895559210516,0.8147820723684106,0.0005553122883899776
95.0,1.5696170377234617,0.8586654395387878,0.29838083641679686,0.4344137977129635,0.2776336507711972,0.939651634672379,0.471978072044061,0.3088817401170637,0.9879263359203667,0.9294788561369238,0.8097832930715456,0.28612039765963954,0.9458033511513037,0.8606462981462384,0.8007326731472034,0.6690198135622369,0.9872349872349186,0.9235753447412678,0.8580027782058511,0.9946494654605135,0.7883994654605162,0.8147820723684106,0.0005475071025025983
96.0,1.568149184906169,0.8588157252261508,0.2988945125874578,0.4351578415365906,0.27823902310592197,0.9397622509655679,0.4727732284861089,0.30956321438594475,0.9879619933011233,0.9294869941577572,0.8097832930715456,0.3006271713723739,0.9551449424341982,0.8543470418469825,0.8195354601256521,0.6958691884674442,0.9851953601952917,0.9118909991738596,0.8380511497299551,0.9957480982730135,0.8003238075657791,0.8147820723684106,0.0005396903183160591
97.0,1.569007203767174,0.858858824612801,0.29907971747529066,0.43560902613673186,0.27860864129076224,0.9396980766275346,0.47226355046259094,0.30912632254443495,0.9879493044133766,0.9295425147341003,0.8097832930715456,0.2704586085552971,0.9539101048519614,0.8612637362636765,0.8196435229186144,0.6957081794486507,0.9841547341546658,0.9052675238486498,0.8269303629606525,0.9956144634045925,0.7972232216282792,0.8147820723684106,0.0005318638645048925
98.0,1.5693155732594037,0.8591177421703668,0.2993454217520599,0.4362344015085788,0.2791095913334272,0.9397194680735457,0.47249753694580116,0.30932685764778106,0.9879609760485192,0.9297383626302078,0.8097832930715456,0.2952987716222803,0.9536261307565667,0.8552142302141709,0.8156394082978288,0.6906589903949748,0.9866314241313556,0.9199118906109804,0.8517007849770265,0.9957917865953819,0.7982845908717002,0.8147820723684106,0.0005240296721294668
99.0,1.5660213689270772,0.8592648690206958,0.2999263683910979,0.4369956870905895,0.2797291839811234,0.9398348692954476,0.473452918774837,0.3101462932901206,0.9879741467927625,0.9297639010245334,0.8097832930715456,0.26657175707320374,0.9493485300164352,0.8661338661338059,0.8151740285948599,0.6896080993334409,0.9863816738816054,0.9186860527729097,0.849601593624847,0.9955515008223557,0.7913445723684108,0.8147820723684106,0.0005161896741595254
100.0,1.564863667048906,0.8593911689624446,0.3006044209363703,0.43822118762399065,0.28073394168327187,0.9398503499471662,0.47339771469968844,0.3100989165665779,0.9879752711245883,0.9297195166872253,0.8097832930715456,0.28741180927803117,0.9563643606085404,0.8565809190808595,0.822785848841867,0.6999223292272244,0.983759296259228,0.9041869602582965,0.8251288563525621,0.9956131784539346,0.8009033203124897,0.8147820723684106,0.0005083458049972547
101.0,1.565539501594347,0.8595173082853613,0.3009497802028914,0.43845758493980613,0.28090754714672805,0.939797997197718,0.47305364142310097,0.3098037064406001,0.9879769843921321,0.9297738058525213,0.8097832930715456,0.25594343710690737,0.9564645867598561,0.871461871461811,0.831488831391644,0.7127093985922318,0.9869158619157934,0.9212197159561732,0.8539456361799318,0.9957249691611714,0.797494346217095,0.8147820723684106,0.0005005000000000003
102.0,1.5626084884138485,0.8598156309964359,0.3013964673715703,0.43994200673948536,0.28212746284297313,0.9397304452629461,0.47234016337895113,0.30919197589412034,0.9879717910498897,0.930019499126233,0.8097832930715456,0.25887689273804426,0.9527009662828825,0.8629356754356154,0.8170604820252381,0.6924134183370318,0.9863261738261053,0.9185705432758031,0.8494040342291798,0.9955399362664346,0.7955232319078845,0.8147820723684106,0.000492654195002746
103.0,1.5653752475976943,0.8600263093647199,0.30224002215703377,0.4410159895686874,0.2830086918233562,0.9399685658330169,0.4751388557352162,0.3115948344033028,0.9880251165021924,0.9300424676192429,0.8097832930715456,0.2659821218500535,0.9554314864309088,0.8630397380396782,0.8240466622019863,0.7023607980878984,0.9867909867909183,0.9204013377922573,0.8525402726139617,0.9960140830591977,0.7985120271381476,0.8147820723684106,0.0004848103258404752
104.0,1.5617891151392669,0.8599526388603339,0.30228561971300477,0.44089903458949725,0.2829130671297778,0.9399801059552071,0.47464116247097826,0.3111668879434723,0.9880162289268086,0.9299521998355258,0.8097832930715456,0.2510366787513097,0.9588404605263035,0.8702131202130597,0.8364149236871015,0.7199840762684786,0.9863816738816054,0.9182934443284418,0.8489302755111213,0.996071905838803,0.8006578947368318,0.8147820723684106,0.0004769703278705338
105.0,1.5604063300579263,0.8602981299684753,0.30345173498700384,0.44266284329795613,0.28435370135042654,0.9400065637963261,0.47497623000486544,0.31145496834215297,0.9880381266276036,0.9300735741330861,0.8097832930715456,0.28037617293496925,0.9436150801809089,0.8721833721833117,0.7995448154858688,0.6675693384496089,0.9863053613052928,0.9189055952670615,0.8499772001817525,0.9945325349506451,0.7831620065789373,0.8147820723684106,0.00046913613549510823
106.0,1.5612181699197543,0.8603005927905697,0.3031528176756384,0.4426215926955794,0.2843278730239546,0.9400470949571892,0.47524562216067495,0.31168667496080815,0.9880656459875268,0.9301393743146924,0.8097832930715456,0.2704703227306406,0.9532406455591983,0.8669524919524317,0.8196145453919429,0.6954763123477753,0.9864371739371054,0.9192982456136556,0.8506493506487007,0.9956350226151188,0.7949514288651214,0.8147820723684106,0.0004613096816839418
107.0,1.5592517087726216,0.8605536745305642,0.3041024852919727,0.44406454370559195,0.2855117922012137,0.9400997291730323,0.4761438238313027,0.3124598182411354,0.988060559724506,0.9301852042214906,0.8097832930715456,0.2818796639330685,0.9571970086348561,0.8609446109445511,0.8274230990834289,0.7076888712667982,0.9871517371516686,0.9222240886943884,0.8556733167075625,0.9963186163651188,0.8008699115953845,0.8147820723684106,0.00045349289749740235
108.0,1.5585890819106185,0.860680616947642,0.30415877857094925,0.4443168889383663,0.28570734416234017,0.9399643438370937,0.47498178524308143,0.311459745625918,0.9880466929653229,0.9302991365131573,0.8097832930715456,0.26412598059202236,0.958430561266435,0.8686868686868083,0.8345527469411875,0.7175555655175925,0.9867077367076682,0.9205704336286706,0.8528304785307221,0.9961644222861714,0.8004831414473581,0.8147820723684106,0.0004456877116100232
109.0,1.55994312499176,0.8606489750376913,0.30466992154405625,0.44480427895141883,0.28612560945265336,0.9402559430221922,0.477107115935091,0.31329000281464026,0.9880927370305641,0.9301705343681463,0.8097832930715456,0.28212330862879753,0.9559184827302508,0.8664321789321188,0.8254906640610474,0.7044873989656614,0.9871725496724811,0.9236738906084938,0.8581728925359682,0.9959691097861714,0.7977423416940687,0.8147820723684106,0.00043789604983463036
110.0,1.5581682224937698,0.8609428539610741,0.3051976710344613,0.44598425746951575,0.28708666933669985,0.9400569462810101,0.4756380110551533,0.3120243187016142,0.9880671450966277,0.9303494637472582,0.8097832930715456,0.27830743448187906,0.9594276829769613,0.8636779886779287,0.8358500551059185,0.7196633942833609,0.9869505494504809,0.921366163621537,0.8541973490420477,0.9962595086348556,0.8030491879111739,0.8147820723684106,0.0004301198346471779
111.0,1.5563036145348297,0.8609700520833328,0.30559003518892786,0.44623009548367104,0.2872888329023179,0.9403040737757171,0.4778615091840461,0.3139408878149351,0.9881144741125268,0.9302988152754929,0.8097832930715456,0.27021129708737135,0.9569130345394614,0.8686105561104958,0.8311703709303575,0.7122960878479504,0.986568986568918,0.9208050396789165,0.8532332651043489,0.9957134046052504,0.7990568462170949,0.8147820723684106,0.00042236098471240503
112.0,1.5555088423976773,0.8611619380482451,0.3060876677750805,0.447198349016836,0.28808119107295743,0.940349952798083,0.4781201826232022,0.3141642179389162,0.9881174723307286,0.9304266678659534,0.8097832930715456,0.27585360935578745,0.9564106188322246,0.8695263070262467,0.8294540407110328,0.7097567293413859,0.9867007992007306,0.9203142536472044,0.852390852390196,0.9958881578947241,0.7977975945723581,0.8147820723684106,0.0004146214144104352
113.0,1.5528416731770625,0.8612066436232176,0.3061557826426421,0.4475800285757969,0.28841246822312894,0.9403637446514322,0.4783526069197679,0.3143649501816915,0.988143064264665,0.9304434257641168,0.8097832930715456,0.27759034202123684,0.9573062294407771,0.8662795537794936,0.8308504995643077,0.71161085971492,0.986048673548605,0.917157569515585,0.8469907935776861,0.9957223992598556,0.799849660773016,0.8147820723684106,0.0004069030333644309
114.0,1.5515438439161109,0.8614092910498898,0.3065537761250063,0.4482839972977065,0.28898975737925825,0.9402494692951099,0.47751253405792177,0.3136397144408993,0.9881162944592922,0.9305255555270006,0.8097832930715456,0.26293784581745666,0.9589676706414351,0.8752497502496894,0.839234426653481,0.7244283898544922,0.9866383616382931,0.9186311787068362,0.8495077355830211,0.996218390213803,0.799374229029595,0.8147820723684106,0.0003992077459694224
115.0,1.5524620094843078,0.8614302250376914,0.30690223152187107,0.4488018592457234,0.2894129183446819,0.9402486248959252,0.4771641364634834,0.3133391771818101,0.9881183289645005,0.9305068702028503,0.8097832930715456,0.2725152530086537,0.9566187808388035,0.8756451881451274,0.8329158215901733,0.7148239951948696,0.9874986124985439,0.9251350228496363,0.8606988249838738,0.9958162006578819,0.796848016036174,0.8147820723684106,0.0003915374509224275
116.0,1.5516870447548858,0.8615980717173789,0.30784711420949235,0.4500578497840618,0.2904508845374056,0.9404253857919116,0.4787750136673132,0.3147299169871817,0.9881494354783437,0.9304641991330861,0.8097832930715456,0.29292842373251915,0.9584729646381456,0.8610070485069887,0.830482986763813,0.7112721214879134,0.9863539238538553,0.9191832039110402,0.8504523682803539,0.9958547491776187,0.802486379523016,0.8147820723684106,0.0003838940407539756
117.0,1.5515075462167722,0.8617075066817429,0.30764164374122793,0.44992131539120417,0.290343590979897,0.9404211637959883,0.4788676913380436,0.31481001922789553,0.9881622314453119,0.9305994937294403,0.8097832930715456,0.2703271643258631,0.956368215460514,0.8749028749028142,0.831745534113015,0.7133089874474939,0.9867354867354182,0.9207428287179071,0.8531264403127568,0.9957223992598556,0.7963751541940687,0.8147820723684106,0.0003762794013611554
118.0,1.5531503992776077,0.8617927417420499,0.3080621545351827,0.45063467246602656,0.29093520251678867,0.9404473401707124,0.4789747933924883,0.3149026007667497,0.9881640517920772,0.9305970844469567,0.8097832930715456,0.27649013775711256,0.9589830900493298,0.8697829947829344,0.8369281077768811,0.7210497530659504,0.9871378621377935,0.9233694304369168,0.8576474201467615,0.9962029708059083,0.8007491262335423,0.8147820723684106,0.0003686954115422966
119.0,1.5479912830418663,0.8618501362047692,0.3084784433332143,0.4511981765397062,0.29139573161790583,0.940433829783758,0.47908236104956237,0.3149955979077012,0.9881558066920224,0.9305899101391167,0.8097832930715456,0.2765989118876557,0.9582146895559087,0.8698662448661845,0.834616894037967,0.7177658238327957,0.9868742368741683,0.9210284664826275,0.8536170212759353,0.9960796155427504,0.7999331825657792,0.8147820723684106,0.00036114394253340535
120.0,1.549510038617933,0.8620302969949282,0.30899352683584963,0.45202617773594894,0.29208698825485707,0.9405222102317512,0.47925281549568793,0.31514299048457584,0.9881750809518909,0.9306567275733273,0.8097832930715456,0.2850692585731546,0.9591103001644613,0.8753191253190645,0.8392805725664514,0.7242818345590927,0.9866661116660431,0.9203349083971979,0.8524262899256354,0.996059056332224,0.7994513260690687,0.8147820723684106,0.00035362685754646456
121.0,1.550759538354581,0.8621222780461891,0.3091649398703332,0.45246336529947145,0.29245196294956044,0.9405047593152684,0.47949253378510304,0.3153503316749483,0.9881840756064961,0.9307081791392539,0.8097832930715456,0.29442738943422836,0.9578150699013035,0.869900932400872,0.8323051297179128,0.7140425973464394,0.9868395493394808,0.9205378461019057,0.8527745440427995,0.9960937499999872,0.7991699218749897,0.8147820723684106,0.00034614601130971426
122.0,1.5467427010402868,0.8620345801637879,0.30924881685600825,0.4524379797415836,0.29242527057167084,0.9405604896614552,0.48024631802786877,0.3160027336829149,0.9881842362253284,0.9306085419236563,0.8097832930715456,0.2966032155478994,0.9586811266447245,0.874777999777939,0.839329428575413,0.724717521324086,0.9868742368741683,0.9219986807384062,0.855285299066196,0.9960744757401188,0.7995579769736739,0.8147820723684106,0.0003387032496100247
123.0,1.5463401080877113,0.8622932835629107,0.3096532840654547,0.45327199994558925,0.2931223135314043,0.940484212268442,0.479316619838993,0.31519817083043533,0.9881905003597856,0.9307839376884589,0.8097832930715456,0.3001941981104513,0.9585873252466982,0.8700604950604346,0.8349957248577221,0.7180450370936174,0.9874222999222313,0.9244740679021352,0.859555348980665,0.995998663651303,0.8003700657894633,0.8147820723684106,0.0003313004088374773
124.0,1.5455073677264808,0.8624543842516442,0.31040339200781714,0.4544610949336672,0.2941118699642645,0.9405697780524864,0.48004471992177755,0.3158281866668292,0.9882055985300159,0.9307937354372253,0.8097832930715456,0.31448397257675725,0.9585127981085403,0.8663489288488687,0.8342856778957378,0.717219408301352,0.9870407370406685,0.9230642504114814,0.8571210035177779,0.9961245888157767,0.801363332648016,0.8147820723684106,0.0003239393155322615
125.0,1.5451332598271077,0.8624123021175981,0.310480513800015,0.45448225215822785,0.2941280334685607,0.9406173458732215,0.48054659608517836,0.3162628053266167,0.9882028680098678,0.9307582386753009,0.8097832930715456,0.2957853654709955,0.9588314658716982,0.8641705516704916,0.8332608002112636,0.7159426789924636,0.986992174492106,0.9225750505839193,0.8562777862939933,0.9961155941611713,0.8019826788651213,0.8147820723684106,0.0003166217859340038
126.0,1.5451815602222556,0.8625605532997528,0.3108945508668875,0.4552073698490669,0.2947355614872496,0.9406677283579056,0.48082242051518315,0.316501788209802,0.988215663976836,0.9308157937568525,0.8097832930715456,0.29811231419444084,0.9585629111841982,0.8708721833721229,0.8356346063130602,0.7194411744732433,0.987678987678919,0.9265143992051776,0.8630897317292143,0.9960487767269609,0.7997378700657792,0.8147820723684106,0.0003093496255336381
127.0,1.5442808426655175,0.8627005058422418,0.31128747795414374,0.45584642379789286,0.29526855625010157,0.9406677283579056,0.4812900018947338,0.3169071135998238,0.9882197865268635,0.9308585719058382,0.8097832930715456,0.2983997847574453,0.9589124177631455,0.8702339327338723,0.8364374980923045,0.7203059886576505,0.9873459873459187,0.9236564540428077,0.8581427904799672,0.9961824115953819,0.8003996196545949,0.8147820723684106,0.00030212462862792735
128.0,1.5429321734920929,0.8626483047217648,0.31121795575460776,0.45567068415285383,0.29511484360593465,0.940616220007642,0.48075408544987985,0.3164425724931049,0.9882135223924062,0.9308414392303996,0.8097832930715456,0.2956569221181174,0.9609400699013034,0.872599622599562,0.8429764100812228,0.7300696191022377,0.9871447996447311,0.9223744292233579,0.855932203389165,0.9964239823190661,0.8023270456414371,0.8147820723684106,0.0002949485778767485
129.0,1.5426240361050556,0.8627878824869787,0.3117299431268994,0.45657041415087923,0.295872200312051,0.9406148126756676,0.48077117115342255,0.3164573776015241,0.9882255152652132,0.9308697616844841,0.8097832930715456,0.2994356166260938,0.9608899568256455,0.8724539349538744,0.8427217147907048,0.7294752054654873,0.9874569874569189,0.923758117567292,0.8583183136111132,0.9963712993420925,0.8026739823190686,0.8147820723684106,0.0002878232438632466
130.0,1.5399772829523213,0.8629183585183657,0.31194526491898467,0.4570197202058979,0.29624861795096435,0.9406767352825418,0.481289608072344,0.316906772107786,0.988233546206825,0.9309464304070718,0.8097832930715456,0.3003978806858261,0.9595960115131456,0.8743964368963761,0.8396587805923759,0.7251229962079879,0.9874014874014189,0.9244718016965046,0.8595514307804644,0.9963083367598556,0.8001876027960423,0.8147820723684106,0.00028075038465697074
131.0,1.5403176119453028,0.8630329332853613,0.312458096690461,0.4578011639295905,0.29690100656817736,0.94066913568988,0.4808820414817469,0.3165534570803172,0.9882446289062494,0.9309624922902955,0.8097832930715456,0.3083330139828225,0.9583997224506455,0.8689158064157461,0.8351373563409403,0.7184760144579265,0.9872974247973563,0.9229085091150171,0.8568524743953898,0.9963610197368293,0.8002865439967002,0.8147820723684106,0.00027373174538009677
132.0,1.5427671887111245,0.8631109404982177,0.3127344966902358,0.45823225103876336,0.2972563888743731,0.9407062892540045,0.4815748155512671,0.31715412816081795,0.9882309763055093,0.930977536920915,0.8097832930715456,0.3041840153746307,0.9600071957236719,0.8738414363413757,0.8416035680107704,0.7281229263854031,0.9874500499499813,0.9247347618053152,0.8600061909914409,0.9963507401315661,0.8007953844572265,0.8147820723684106,0.00026676905777684405
133.0,1.5415505179710556,0.863195907860471,0.3129937272399228,0.458670607578055,0.2976320775738858,0.9408008619626851,0.4822080089809184,0.3177036193590352,0.9882626182154599,0.9310240628426529,0.8097832930715456,0.3251610041285555,0.9574501439144614,0.8648434898434297,0.8303504039613058,0.7116828931021145,0.9866799866799182,0.9200266577803565,0.8518975624800587,0.9962826377466977,0.7999061986019634,0.8147820723684106,0.0002598640397861935
134.0,1.5390114749144568,0.8631673712479435,0.31311757245367117,0.4587950573572885,0.2977322750472414,0.9408703841622211,0.48266198442150837,0.3180978657794265,0.9882610655667483,0.9309654369688865,0.8097832930715456,0.30775953192884725,0.9595574629934087,0.8653152403151803,0.8361666534907568,0.7198626578633744,0.986076423576355,0.9173836084465,0.8473764258548688,0.9961117393091977,0.8023655941611739,0.8147820723684106,0.0002530183951180127
135.0,1.5394556041610867,0.8633586682771376,0.31354793457144686,0.4595214136948103,0.29834201841763425,0.9407803149158587,0.48224625644431773,0.31773682555020194,0.9882563005413919,0.9310690361156793,0.8097832930715456,0.3137765404147406,0.959247789884856,0.8694291819291216,0.8368157834414192,0.7213709551900837,0.9876443001442315,0.9261761658027249,0.8625028950815544,0.9963545949835398,0.8012399773848581,0.8147820723684106,0.0002462338128326898
136.0,1.5399325468691818,0.8634990491365127,0.31433941807385707,0.46066768344630005,0.2993048760899136,0.9408602513720054,0.4827465664226917,0.3181713454979599,0.9882882636890071,0.9310542591831135,0.8097832930715456,0.3044785348077615,0.9603310032894613,0.8739663114662508,0.8422819662097212,0.729058367578352,0.9874500499499813,0.9252695501297454,0.8609317343166812,0.9961348684210398,0.8013157894736739,0.8147820723684106,0.00023951196692438383
137.0,1.5371995336000335,0.8634488289816332,0.314001095467208,0.46017998226456214,0.2988934793234524,0.9408616587039798,0.4829968798905382,0.31838885068060163,0.9882780376233546,0.931051207425301,0.8097832930715456,0.3093219470853607,0.9606830797697244,0.876984126984066,0.8448106349886656,0.7325278762364213,0.9875333000332315,0.9258449222131284,0.8619285439870442,0.9961824115953819,0.8013800370065687,0.8147820723684106,0.0002328545159079913
138.0,1.5397950215559257,0.8636386804413372,0.3146087814137598,0.46119598370675435,0.29974857807655664,0.9408816428180165,0.48309399879408654,0.3184732596548734,0.9882913689864303,0.9311336584258493,0.8097832930715456,0.3052875720895827,0.9602474814966981,0.8787878787878177,0.8440997836779461,0.7315299850753058,0.987678987678919,0.9266115702475509,0.8632583923615158,0.996290347450645,0.8000719572368318,0.8147820723684106,0.00022626310240993336
139.0,1.5350598200894239,0.8635858368455313,0.31445481929575897,0.4609918060216736,0.29957773868195464,0.9408352008628608,0.48292843718942835,0.3183293715523484,0.988277341608415,0.9311073169373624,0.8097832930715456,0.30364188412204385,0.9590087890624877,0.8765817515816907,0.8403458291281171,0.7261202670406736,0.9873459873459187,0.9239619809901101,0.8586703858663732,0.9962402343749872,0.7991069592927529,0.8147820723684106,0.00021973935276286093
140.0,1.5365478304917353,0.863623153954221,0.314783572044982,0.4613645123122163,0.29988557184220177,0.9408748876245393,0.4828032785674245,0.318220618161862,0.9882829632675433,0.9310966090152133,0.8097832930715456,0.3123962734825909,0.9604697779605139,0.8706571206570601,0.8413396739252669,0.7275042870612947,0.9873182373181687,0.9244565666580195,0.8595250902936605,0.9961798416940661,0.802388723273016,0.8147820723684106,0.00021328487660438256
141.0,1.5377696149770106,0.8637310898094841,0.31515989261494015,0.46203988530218193,0.30045960734991456,0.9409832521865691,0.48395321821653103,0.31922050429552784,0.9883066813151036,0.9311208089192703,0.8097832930715456,0.3094348559776942,0.959053762335514,0.8745559995559388,0.8394086093949843,0.7245627149414812,0.9874847374846689,0.9250332446804667,0.8605226534708051,0.9959973787006451,0.7997699938322266,0.8147820723684106,0.00020690126647990995
142.0,1.5342265613311739,0.8639386628803449,0.31582921970197125,0.4631066308023735,0.3013580123028889,0.9409705861987994,0.48372683834660235,0.319023544424627,0.9883073773300433,0.9311817369962988,0.8097832930715456,0.31560328137129545,0.9602706106085402,0.8743686868686261,0.8422644916113541,0.7289577339490079,0.9876026751026065,0.9259458787447988,0.8621035573725888,0.9962248149670925,0.8011140522203845,0.8147820723684106,0.0002005900974497212
143.0,1.5353696244981205,0.8639270447848131,0.31568876797092477,0.4629818195894592,0.3012545773536777,0.9409976069727081,0.4838996383296571,0.319173882259699,0.9883158901281518,0.9311991909094018,0.8097832930715456,0.3314633946865797,0.9597155119243298,0.8701714951714348,0.8389628903261254,0.724251818360255,0.9873737373736688,0.9243620646658945,0.8593617185682254,0.9963417454769609,0.8013491981907792,0.8147820723684106,0.00019435292670033839
144.0,1.5350191033461638,0.8639454624109095,0.3159992254044804,0.4632788614470055,0.30150142549301256,0.9409700232660096,0.48384135461401906,0.3191231709732088,0.9883086622807011,0.9311600534539468,0.8097832930715456,0.3085894271110495,0.9598478618420929,0.8764776889776281,0.8418261307342265,0.7283261738838014,0.9877969252968567,0.9263554532129259,0.8628139135853511,0.996340460526303,0.799971731085516,0.8147820723684106,0.00018819129316031543
145.0,1.5347909687446397,0.8639937016001914,0.31598430768555164,0.4633576486777642,0.3015674583319088,0.9409722749971686,0.48380768596484425,0.31909387845216725,0.9883100007709698,0.9312072753906244,0.8097832930715456,0.3330024752455453,0.9598504317434087,0.8734390609390003,0.8408693820949499,0.7268566733603431,0.9868603618602934,0.922294247968769,0.8557941221251287,0.9960911800986714,0.8007812499999897,0.8147820723684106,0.00018210671712052962
146.0,1.5319153592774744,0.8641738088507396,0.31670711338761043,0.464436261968224,0.30248132622773477,0.9411200448544821,0.4852000236248256,0.32030633165566863,0.9883478532757669,0.9312457168311398,0.8097832930715456,0.3111497069088121,0.9611263877466981,0.8762210012209404,0.8446623070177074,0.7324819471282007,0.9877067377066691,0.9259197324410845,0.8620582282415833,0.9963969983552503,0.8014956825657792,0.8147820723684106,0.00017610069985907347
147.0,1.5376838615523618,0.8640437075966277,0.3163803309031516,0.4639429380909127,0.3020650381926147,0.941019561351509,0.4839392096066631,0.3192083145169309,0.9883250989412,0.9311891790021924,0.8097832930715456,0.3295784671790898,0.9605815686677508,0.8698939948939345,0.8408620417582835,0.7270090765319409,0.9877483627482941,0.9254663627918774,0.8612725844455135,0.9965768914473556,0.8026174444901213,0.8147820723684106,0.0001701747232708361
148.0,1.5340002156401935,0.8641952782346486,0.31652950809243946,0.46433719893248576,0.302396236227617,0.9409874741824923,0.4838287972229284,0.31911224559385565,0.9883217794853338,0.9313039143880203,0.8097832930715456,0.31458976212888956,0.960115131578935,0.8742646242645635,0.841268638122152,0.7275945416262977,0.9874222999222313,0.9247124288854596,0.8599675600518576,0.9962877775493293,0.800826223273016,0.8147820723684106,0.00016433024950186832
149.0,1.5333262598043993,0.8641971521210247,0.316782546381439,0.46456001094529725,0.30258731497353447,0.941122578052036,0.48501052476087286,0.3201411842708138,0.9883567943907615,0.9312541225500268,0.8097832930715456,0.3261215112482508,0.9612278988486719,0.8747849372848765,0.8447587495383184,0.7326964713803121,0.9874777999777314,0.9249511454821318,0.8603805693062652,0.9963712993420925,0.8018811677631476,0.8147820723684106,0.00015856872058862012
150.0,1.5323087166079827,0.8643096388432012,0.3170907520838356,0.4651731788121297,0.3031050050143211,0.9411135711273998,0.4849723177513377,0.3201078920429514,0.9883392333984369,0.9313053064178997,0.8097832930715456,0.33709440116460127,0.9616185238486719,0.8735014985014379,0.8459740739394318,0.7344022806688011,0.9874569874569189,0.925134575568975,0.860698050696617,0.9962942023026188,0.8032637746710423,0.8147820723684106,0.00015289155810213915
151.0,1.533809996755761,0.8643545050370061,0.31732380625879847,0.4655483445770781,0.303423321617665,0.9410885206182552,0.484820439609115,0.3199755674397042,0.9883479068153777,0.9313115705523569,0.8097832930715456,0.3391822854367395,0.9597514905427508,0.8697344322343719,0.8396948874929931,0.7252967874414766,0.9875055500054815,0.9257227698268133,0.8617168304661688,0.9961579975328819,0.8019505550986739,0.8147820723684106,0.00014730016279731968
152.0,1.5340003621159939,0.8644186454906793,0.3174532808004445,0.4657276417297816,0.303574616364429,0.941153820821868,0.4853078748608954,0.32040034196145717,0.98835668731154,0.9313496907552078,0.8097832930715456,0.3379771998152137,0.9601819490131456,0.873751248751188,0.8405941106873194,0.7265696001105797,0.9873737373736688,0.9249422632790643,0.8603651987104032,0.9961644222861714,0.8007606907894634,0.8147820723684106,0.00014179591426728737
153.0,1.5309048025623748,0.8644561232182012,0.31786478466976303,0.46624949139809324,0.30401552284822525,0.9411462212292062,0.48522493112844733,0.3203280415025055,0.9883561519154325,0.9312979179516168,0.8097832930715456,0.3414181632300218,0.9598542865953824,0.8756105006104398,0.8411662237789451,0.7274707570482745,0.987554112554044,0.9257327372077638,0.8617341040455786,0.9962993421052504,0.8001991673519634,0.8147820723684106,0.00013638017060300516
154.0,1.5313363897695875,0.8644577294065237,0.31773643599369655,0.4661393429303414,0.30392264865482144,0.9411735234695098,0.4853991234549543,0.3204798907565653,0.9883619877330038,0.9313300952576749,0.8097832930715456,0.3286158513898651,0.9603541324013034,0.874833499833439,0.8425864024817502,0.7295049714529453,0.9873321123320438,0.9234509935436725,0.8577881619931014,0.9963635896381451,0.800985557154595,0.8147820723684106,0.00013105426805818453
155.0,1.5303993762258374,0.8645054867393087,0.31791516715444706,0.466395916695693,0.30414019861769465,0.9411543837546578,0.4852088781203558,0.32031404931808644,0.9883620412726145,0.9313391969915016,0.8097832930715456,0.3416878680388133,0.9603438527960403,0.8745698745698138,0.8419219389122176,0.72843540424933,0.9874292374291689,0.9246569646565802,0.8598716263236719,0.9963121916118293,0.8009649979440686,0.8147820723684106,0.00012581952071958556
156.0,1.5317107588444885,0.8646072119997253,0.31814737693022527,0.4669264872259434,0.30458912355940276,0.9411743678686945,0.4855116524667366,0.32057800461622443,0.9883694832785082,0.9314038728412823,0.8097832930715456,0.34830743074417114,0.9604980468749876,0.8719266844266239,0.8418788200742255,0.7284769947565388,0.9872974247973563,0.9238194299975353,0.858424186189702,0.9962016858552504,0.8020520662006476,0.8147820723684106,0.00012067722018278467
157.0,1.5304436019049925,0.8646653024773844,0.3183815569707677,0.46715824777334436,0.3047865769291563,0.9412452974002049,0.4860712746968551,0.3210661549469745,0.9883844208299062,0.9313940215529052,0.8097832930715456,0.34412137465551496,0.9600380345394613,0.8762695637695029,0.8418715737468058,0.7282480638848096,0.9875124875124189,0.9252367502903617,0.8608749420305604,0.9962248149670925,0.8003238075657791,0.8147820723684106,0.00011562863523349344
158.0,1.5323865374713612,0.8646261114823186,0.3184257471947643,0.46725876689194124,0.30487111128236066,0.9411577613513964,0.48526123996650206,0.3203596902450497,0.9883580793414194,0.9313560619688865,0.8097832930715456,0.35339571970204514,0.9608308490953824,0.8716283716283111,0.8423066741927566,0.7290369837475436,0.9875749250748564,0.9255580032416453,0.8614313346221575,0.996352025082224,0.8024092824835423,0.8147820723684106,0.00011067501153450448
159.0,1.5315084100488507,0.8647679914507944,0.318661616033676,0.4677254728071306,0.30526772668119884,0.9412129287647933,0.4857894114866342,0.3208202446685943,0.9883740341454216,0.9314591257195718,0.8097832930715456,0.33811502701913315,0.9606059827302508,0.8750416250415642,0.8434451207633803,0.7307849180099639,0.9873598623597938,0.9241970377762838,0.8590764947011685,0.9963764391447241,0.8013093647203844,0.8147820723684106,0.00010581757131834274
160.0,1.5295461580222636,0.8647245708264798,0.3187657585997826,0.4677709495742054,0.30530738332242,0.941281043632355,0.48638521232174015,0.3213401562149168,0.9883921305338536,0.9313907020970389,0.8097832930715456,0.346368206354479,0.9605764288651192,0.87313381063375,0.8428694657943996,0.7299587028100621,0.9874916749916064,0.9248217487383043,0.860156674163608,0.9962916324013029,0.8017680921052528,0.8147820723684106,0.00010105751308569835
161.0,1.5300725811210119,0.8647859272203943,0.3187964384368248,0.46786553205763326,0.3053878162644588,0.9412669703126109,0.48626464259510643,0.32123491085571604,0.988392880088404,0.9314424213610192,0.8097832930715456,0.35141085491826135,0.9595471833881456,0.8727106227105621,0.8401462904672324,0.7258771497082037,0.987581862581794,0.9253606871816673,0.8610895545546631,0.9962877775493293,0.8007748252467002,0.8147820723684106,9.63960113097139e-05
162.0,1.5281557388015483,0.8648288659882122,0.319031181410157,0.46820529096560665,0.30567487615609773,0.9412151804959524,0.4858065755070367,0.3208352167225346,0.9883837783545772,0.9314338014836891,0.8097832930715456,0.35739358483503264,0.9594546669407771,0.873681873681813,0.8391738296729906,0.7244026566832089,0.9873806748806063,0.9244569957220298,0.8595258321099238,0.9962209601151187,0.8001991673519634,0.8147820723684106,9.183421614620096e-05
163.0,1.529333693174678,0.8648842259457231,0.31941847916951566,0.4687102790659606,0.3061060221319286,0.9413350851801725,0.4867593536535396,0.32166685109124066,0.9884047658819896,0.9314090661835247,0.8097832930715456,0.35507938188190263,0.9610595703124877,0.8736888111887505,0.8444255269803838,0.732305062659914,0.9875194250193564,0.9249885335442084,0.8604452718944531,0.9963854337993293,0.8023463199013054,0.8147820723684106,8.737325314985651e-05
164.0,1.5292796113185192,0.8648859392132671,0.3190998592105084,0.4684245161273975,0.3058641062551842,0.941281043632355,0.48632956772673697,0.32129158194386914,0.9883865088747252,0.9314824689898569,0.8097832930715456,0.3587977831872801,0.9609285053453823,0.8748404373403765,0.8439338647457136,0.7315435219818492,0.9874500499499813,0.9250279746359463,0.8605135322685938,0.9963109066611714,0.8016640111019634,0.8147820723684106,8.301422299654919e-05
165.0,1.527827777020764,0.8649391575863482,0.3193717557479651,0.46885065327856573,0.30622462345189966,0.9412793548339857,0.4863400894246369,0.32130076645801653,0.9883947004351694,0.9314789889151585,0.8097832930715456,0.3559926475087802,0.9601793791118297,0.8745421245420638,0.8419335627106607,0.7286080358643952,0.9875610500609815,0.9254562840390281,0.8612551265179437,0.9962273848684082,0.800863486842095,0.8147820723684106,7.875820121174366e-05
166.0,1.530108963920359,0.864892471045778,0.3193298172551276,0.46868186644798865,0.306082563148466,0.9412818880315397,0.4864393803250884,0.32138744494394134,0.9883844208299062,0.9314359966077297,0.8097832930715456,0.35623540993159014,0.9597283614309087,0.8754440004439397,0.8412696663626154,0.7275428071910923,0.9874153624152938,0.9245487064300288,0.859684405939929,0.9962967722039345,0.8001374897203845,0.8147820723684106,7.460623790513114e-05
167.0,1.527196998044587,0.8649883069490126,0.31971120422019367,0.4692606719230116,0.306574077546481,0.9412897690905964,0.48661447167957217,0.321540323052793,0.9883940044202296,0.9314508270799062,0.8097832930715456,0.36600684250394505,0.9613949424341982,0.8738414363413757,0.8452635067154134,0.7335656407591268,0.9872974247973563,0.9236733502851625,0.8581719597204817,0.9963597347861713,0.8025788959703845,0.8147820723684106,7.055935751153016e-05
168.0,1.5275088671921637,0.8649615906832506,0.3193039223467984,0.46880770781290476,0.30618817660497866,0.941266688846216,0.48628368148301954,0.32125152879334873,0.9883928265487932,0.9315197860985466,0.8097832930715456,0.3530540874538322,0.9606252569901192,0.8728701853701247,0.8426342105138654,0.7296721851852155,0.9875194250193564,0.9248066875649217,0.8601306173216761,0.9963918585526188,0.8016768606085423,0.8147820723684106,6.66185585381235e-05
169.0,1.5253832009473913,0.864984666255482,0.3197266848719122,0.4692501176027957,0.3065650640794903,0.9413288929194851,0.48678606073437475,0.32169017751093143,0.9884061579118689,0.9314404939350324,0.8097832930715456,0.3527457158391674,0.961213764391435,0.8741050616050009,0.8447494837103974,0.7327953979129311,0.9874084249083563,0.924422236102051,0.8594657375138525,0.9963545949835398,0.8022692228618318,0.8147820723684106,6.278481331809019e-05
170.0,1.5266179415217618,0.865066100003426,0.3199090750957962,0.46965409765621363,0.30690884443810446,0.9413322705162237,0.48678527988022574,0.321689495487921,0.9884070680852516,0.9314955861944896,0.8097832930715456,0.3670260696671903,0.9610377261513035,0.8726343101342495,0.8435215001765719,0.7309238294905595,0.9873182373181687,0.9245002478106209,0.8596006144386639,0.9962839226973556,0.8023578844572266,0.8147820723684106,5.905906777069766e-05
171.0,1.5256930956780388,0.8650889078776036,0.3200225060529339,0.46983572259933093,0.30706402413112155,0.9412984945488377,0.48672487965267897,0.32163674212853494,0.9883975380345389,0.9314880906489852,0.8097832930715456,0.35693118736768764,0.9610570004111718,0.8750971250970643,0.8445799164582902,0.7325352650305316,0.9876651126650441,0.9259475218655036,0.8621064060796788,0.9964149876644609,0.8017064144736739,0.8147820723684106,5.544224116791034e-05
172.0,1.5264098736539222,0.8651093064692977,0.32008471012620304,0.46994734002198507,0.3071590250709101,0.9414479532045205,0.4877304012706579,0.32251551025059605,0.9884327670984095,0.9315081144634041,0.8097832930715456,0.3628575454155604,0.9603952508223561,0.8748543123542516,0.8423111134971849,0.7291006494277611,0.987623487623419,0.9259689600792904,0.862143574684443,0.9963096217105135,0.8010716488486739,0.8147820723684106,5.1935225907572586e-05
173.0,1.525291429911005,0.8651141785738756,0.3201922302890482,0.470054089355132,0.307250385747389,0.9413767422066152,0.48723238729244656,0.3220801286328423,0.9884154738041386,0.9314779716625543,0.8097832930715456,0.3556052336158852,0.9614142166940666,0.876297313797253,0.8463660975538484,0.7351676942857175,0.9877275502274816,0.9263928764611465,0.8628788466003697,0.9964111328124872,0.8019788240131476,0.8147820723684106,4.8538887293223374e-05
174.0,1.5275059730860225,0.8651120905290565,0.3201621133847958,0.4699989123113947,0.307202687735979,0.9413305817178543,0.4870029188672903,0.32187961559231437,0.9884047658819896,0.9314835933216825,0.8097832930715456,0.36379013567542035,0.9614990234374876,0.8746739371738764,0.845846216184181,0.7343634163459428,0.9874847374846689,0.9251203719073031,0.8606734630824369,0.9963712993420925,0.802497944078937,0.8147820723684106,4.525406332059523e-05
175.0,1.5275753404291574,0.8652114065069896,0.32055307020728785,0.4706113651477148,0.3077256535090332,0.941388845261595,0.4874000881267527,0.32222670667958875,0.9884153131853064,0.931503081739994,0.8097832930715456,0.36505815231551725,0.9613371196545929,0.8746461871461264,0.8450461450570631,0.7331805021856954,0.987554112554044,0.9250814332243693,0.8606060606053919,0.9964085629111714,0.8021959806743317,0.8147820723684106,4.208156447085157e-05
176.0,1.522679793592869,0.8652202940823733,0.3204784816126439,0.470528212410333,0.30765410479361976,0.9413753348746408,0.4871253776695299,0.3219866144090313,0.9884218985574281,0.9315448426363755,0.8097832930715456,0.36430705105885863,0.9607036389802508,0.8732656232655626,0.8437123942013474,0.7312387054407721,0.9875055500054815,0.9251050027026552,0.8606468585570561,0.996340460526303,0.8019312808388055,0.8147820723684106,3.902217351061242e-05
177.0,1.5262002017871852,0.8652091578433383,0.3205404042195181,0.4706373842517345,0.30774682710632445,0.9413694240803482,0.48722644807127763,0.32207493808315496,0.9884247361567976,0.931498852110745,0.8097832930715456,0.3724753074347973,0.9611379523026192,0.8742854367853761,0.8443550386441643,0.7320327352319628,0.9873112998112312,0.9240606186419248,0.858840781044332,0.9963211862664345,0.8021946957236739,0.8147820723684106,3.607664529881848e-05
178.0,1.526091290147681,0.865246260793585,0.32056264006471386,0.47065713476569876,0.3077644083607864,0.9413657650172147,0.48712248229201627,0.3219840843626317,0.9884105481599501,0.9315478408545773,0.8097832930715456,0.3675569873303175,0.9608552631578824,0.87572150072144,0.8443317970896506,0.7320662470984562,0.987609612609544,0.9259842519681202,0.8621700879758741,0.9963327508223556,0.801387746710516,0.8147820723684106,3.324570660048127e-05
179.0,1.5270006915260301,0.86524015727796,0.32038250157198894,0.4704936138241465,0.30762416809768733,0.9413390257097008,0.48700099935508395,0.3218779385495296,0.9884125826651584,0.9315753066748897,0.8097832930715456,0.3612573842207591,0.9607833059210402,0.8748196248195641,0.843584262460275,0.7310020818081062,0.9876026751026065,0.9258413910441441,0.8619224231178628,0.9963314658716977,0.801449424342095,0.8147820723684106,3.053005590736441e-05
180.0,1.5243653513752577,0.8653178967927626,0.3208601500441049,0.47113709602771964,0.3081744573109244,0.9414079849764471,0.4875346805938724,0.3223443700416905,0.9884268777412275,0.9315535695929271,0.8097832930715456,0.3692488040154179,0.9607087787828824,0.8743201243200636,0.8432734075725193,0.730610355519753,0.9874639249638564,0.9249054565096102,0.8603015075370233,0.9963545949835398,0.8014764083059107,0.8147820723684106,2.793036326564115e-05
181.0,1.526584668620898,0.8652548271313043,0.32068564087927764,0.4708451650680026,0.3079248967185449,0.941391659925544,0.4872555706859537,0.32210039002219276,0.9884197034333876,0.9315228378563591,0.8097832930715456,0.3683053705220421,0.9610570004111718,0.8748126873126265,0.8445228085003106,0.7324292769174158,0.9874431124430438,0.9248463710343278,0.8601992739624158,0.9963725842927503,0.8018182051809107,0.8147820723684106,2.5447270110570835e-05
182.0,1.5260862429936728,0.8652924119380477,0.32062653293635224,0.47087184156335976,0.3079478264853189,0.9414054517788931,0.4875289252129268,0.3223393381467222,0.9884229158100323,0.9315780371950378,0.8097832930715456,0.3663703170605004,0.9611597964638035,0.8749722499721893,0.8448864632237439,0.7329037203370926,0.9875610500609815,0.925530589358755,0.8613838422876989,0.9963584498355135,0.8020032380756476,0.8147820723684106,2.3081389108234126e-05
183.0,1.5253779466411002,0.8653006570381025,0.32069014434159576,0.47096269374665567,0.3080252727405493,0.9413846232656718,0.48743003696901965,0.3222528867307913,0.9884210419236562,0.9315782513534808,0.8097832930715456,0.3637481944945951,0.9607653166118297,0.8757978132977524,0.8442701222367289,0.7320345176276973,0.9876720501719816,0.9261644575556047,0.862482587834033,0.9963610197368293,0.8012643914473581,0.8147820723684106,2.0833304004367014e-05
184.0,1.5243802971353657,0.8652900026555642,0.3208795712253518,0.47111294399247106,0.30815374653678995,0.9414183992330578,0.48778338895286394,0.3225618508548837,0.9884230228892538,0.931514646295915,0.8097832930715456,0.3711491576395929,0.9612703022203823,0.8749791874791267,0.8452224426280238,0.7334771897816819,0.9876165501164815,0.9256838336313228,0.8616493566882175,0.9964149876644609,0.8020610608552529,0.8147820723684106,1.8703569480329935e-05
185.0,1.5249895533252704,0.8653222870408438,0.3208255296775343,0.4710533191250656,0.3081028027653358,0.9414209324306118,0.48750409388981125,0.3223176287092016,0.9884379604406518,0.9315592983312768,0.8097832930715456,0.36868635114903253,0.9610659950657771,0.8747988122987516,0.8446233249895283,0.7325829177520767,0.9875055500054815,0.9251174587331399,0.8606684202376136,0.9963957134045924,0.801876027960516,0.8147820723684106,1.669271101624885e-05
186.0,1.526032896797385,0.8653463263260686,0.3208244038119548,0.47118810819873025,0.30821740382839913,0.9413747719418509,0.4872138912755953,0.3220639642747768,0.9884296082613755,0.931587674324972,0.8097832930715456,0.36875825266664225,0.9608077199835403,0.8748820623820016,0.8440219700527594,0.731659134365917,0.9875749250748564,0.9255641910141201,0.8614420547726586,0.9963494551809082,0.8015303762335423,0.8147820723684106,1.4801224761360576e-05
187.0,1.525272261122601,0.8653819837068252,0.32106421318039485,0.47145004869895574,0.3084416774119951,0.9414302208216428,0.48763960840702403,0.3224361145119591,0.9884336772717922,0.9315716124417484,0.8097832930715456,0.3712720625723402,0.9608578330591981,0.8753191253190645,0.8443090542958267,0.7320822170925007,0.9876443001442315,0.9259120595694804,0.862044926412965,0.9963738692434082,0.8015200966282792,0.8147820723684106,1.3029577411595725e-05
188.0,1.5237945572848905,0.8653662966008767,0.32100454230467973,0.4714069856436609,0.3084048680253076,0.9414122069723704,0.4875980976200437,0.3223998177023887,0.9884296618009862,0.9315753066748897,0.8097832930715456,0.37228630141665536,0.9610839843749877,0.8754440004439397,0.8449546048131485,0.7330890147776961,0.9876720501719816,0.9260230631526889,0.8622373827421798,0.9963905736019608,0.8017526726973581,0.8147820723684106,1.1378206094427965e-05
189.0,1.528067257137675,0.8653443989000817,0.32093473863874883,0.4712613337332337,0.30827997263629686,0.9413756163410356,0.48704826546744734,0.3219192353270461,0.9884194357353339,0.9315622965494786,0.8097832930715456,0.36955609343325097,0.9612034847861718,0.8754578754578146,0.8452906038445381,0.7335881909455827,0.987609612609544,0.9257133349967034,0.8617004800984499,0.9963841488486714,0.8018631784539371,0.8147820723684106,9.847518261019994e-06
190.0,1.5242227894760538,0.8653770580626365,0.32101748975884437,0.47142194333792276,0.3084175274919528,0.9414313466872224,0.48781340304134513,0.32258810124520804,0.9884284303899391,0.931581142492461,0.8097832930715456,0.3711375609661142,0.9610737047697244,0.875270562770502,0.8447108277228461,0.7327048042686387,0.9875749250748564,0.9254650630484308,0.8612703330744683,0.9963931435032767,0.8017411081414371,0.8147820723684106,8.43789158569046e-06
191.0,1.5254703130899814,0.865335939641584,0.32102396348592666,0.4713103959503819,0.3083216895398469,0.9414136143043448,0.48746783546531186,0.322285930107989,0.988420667146381,0.931526425010279,0.8097832930715456,0.37059641008575755,0.961116108141435,0.87574925074919,0.8450589698181152,0.7332207443135299,0.987678987678919,0.9262213359916391,0.8625812441961757,0.9963828638980134,0.8017025596217002,0.8147820723684106,7.149673872728745e-06
192.0,1.5237802919850014,0.8654010438082506,0.3211168473962379,0.47155469162262714,0.3085314690740337,0.9413871564632258,0.48735250746539355,0.32218511574615516,0.9884257534094019,0.9315740752638426,0.8097832930715456,0.37070267942423624,0.9611983449835403,0.875381562881502,0.8451925307881885,0.7334112335719052,0.9876304251303565,0.9259397715468636,0.8620929692931687,0.9963867187499872,0.801887592516437,0.8147820723684106,5.983182970579516e-06
193.0,1.5233107253516975,0.865401150887472,0.3209986315103872,0.4714641017908886,0.3084535379816197,0.9413953189886773,0.4873469146562939,0.3221802271639558,0.9884276808353887,0.9316114459121431,0.8097832930715456,0.37082059495151043,0.9611353824013035,0.8756382506381898,0.8450473130609145,0.7332272118160489,0.9877344877344191,0.9265170407311194,0.8630943162452662,0.9963969983552503,0.8017346833881476,0.8147820723684106,4.938706693418361e-06
194.0,1.5233253121572106,0.8653631377638427,0.3210968632822013,0.4714871860379269,0.30847251158891476,0.9413868749968309,0.4874825257437514,0.32229877276853386,0.9884224874931463,0.9315533554344841,0.8097832930715456,0.369910041646411,0.961164936266435,0.8759018759018151,0.845287420972671,0.7335954473508147,0.9878038628037942,0.9268536240322348,0.863678660048958,0.9964175575657767,0.801717979029595,0.8147820723684106,4.016502750137796e-06
195.0,1.523468617402148,0.8653878195243964,0.3211438681701467,0.4715706996281876,0.30854447830307247,0.9413975707198364,0.4872428875403773,0.3220893053665166,0.9884307325932011,0.9315628319455861,0.8097832930715456,0.3703217403963208,0.9612111944901192,0.8756243756243148,0.8453128147137513,0.7336045349616086,0.987678987678919,0.9261906740915442,0.862528059446658,0.9963905736019608,0.8018503289473581,0.8147820723684106,3.216798680761545e-06
196.0,1.5239514907005063,0.865411269873903,0.32112444698889975,0.47164416196252396,0.3086071871183925,0.9414487976037051,0.4878374252764773,0.3226091118976882,0.9884391383120882,0.9315954375685301,0.8097832930715456,0.3706018915399909,0.9611610814144613,0.8757423132422524,0.8451983830760794,0.7334342054057954,0.9876928626927941,0.926279920212381,0.8626828701905235,0.9963905736019608,0.8017565275493318,0.8147820723684106,2.5397918003025844e-06
197.0,1.5245474685310272,0.8653773257606903,0.3210101716325774,0.47145256456041157,0.3084440180719405,0.9414454200069665,0.48771202300977895,0.3224994382223622,0.9884387099952022,0.93159399199904,0.8097832930715456,0.370446002886941,0.9610981188322245,0.8755480630480023,0.8449418877494482,0.7330546676998925,0.9876928626927941,0.926279920212381,0.8626828701905235,0.9963815789473556,0.801717979029595,0.8147820723684106,1.985649150078358e-06
198.0,1.5247322467466196,0.8653377064487385,0.32084973578749426,0.47116405929127264,0.30819823108048305,0.9414389462798842,0.48803234355428476,0.3227796186470916,0.9884397272478064,0.9315785190515345,0.8097832930715456,0.3704488662381967,0.9611315275493297,0.8757006882006274,0.8451148622309127,0.7333164384013345,0.9877067377066691,0.9263385433983512,0.862784574879307,0.9963905736019608,0.801730828536174,0.8147820723684106,1.554507456496034e-06
199.0,1.5215750600750508,0.8654348808422418,0.32135271623514966,0.47188493806201703,0.30881234241064837,0.9414096737748164,0.4874283139338632,0.32225138049592617,0.9884278949938317,0.9315620288514249,0.8097832930715456,0.3706617838082214,0.9611469469572245,0.8756868131867523,0.845153752417272,0.7333617459531044,0.9876651126650441,0.9261075554812874,0.862383900928125,0.9963802939966977,0.8017578124999897,0.8147820723684106,1.246473097317066e-06
200.0,1.5248127702754317,0.8653915137575379,0.32102396348592666,0.47146914340817764,0.30845863750621216,0.9414245914937452,0.4878274480463746,0.3226003853965834,0.9884329277172418,0.9315979003906244,0.8097832930715456,0.3711757922234635,0.9611418071545929,0.8756105006104398,0.8451066158124222,0.7332961899807321,0.9876720501719816,0.9261399060638738,0.8624400061922415,0.9963880037006451,0.8017719469572265,0.8147820723684106,1.0616220754105364e-06
