epoch,split,loss,acc_all,acc_no_bg,acc_macro,prec_macro,rec_macro,f1_macro,iou_macro,d21_cls_acc,d21_cls_f1,d21_cls_iou,d21_bin_acc_all,d21_bin_f1,d21_bin_iou,sec
1,train,2.3618763158195897,0.04445581268845943,0.22790868779803772,0.21616807579994202,0.21789148449897766,0.21616807579994202,0.21109282970428467,0.1276872158050537,0.23579043327987473,0.27066296033779474,0.15651255931391414,0.9346346135723644,0.10834361225032137,0.05841367762817283,11.071007251739502
1,val,1.96381413936615,0.07266138980263158,0.3923021423021423,0.4097976088523865,0.5534173250198364,0.4097976088523865,0.3793085515499115,0.24058061838150024,0.28449618758687834,0.4049244372280903,0.2538590972271169,0.982553391229387,0.3322708296837712,0.20411338166913703,11.071007251739502
2,train,2.1744423966658744,0.053437296549479166,0.2809285126020949,0.2870614528656006,0.28915587067604065,0.2870614528656006,0.2796688973903656,0.1628294140100479,0.3085393486865088,0.33413472139478256,0.20057728055664084,0.9236006887334121,0.11983222773896046,0.06464895041648427,10.433385133743286
2,val,1.532539039850235,0.09657817639802632,0.5214299589299589,0.5422137975692749,0.5581378936767578,0.5422137975692749,0.5126063823699951,0.36718350648880005,0.4466672132487934,0.5958331010417423,0.4243321130925895,0.9867795308429467,0.5110900819378471,0.34657451138353185,10.433385133743286
3,train,2.1307441790898642,0.055745067931058115,0.29306084008711947,0.29829373955726624,0.29914796352386475,0.29829373955726624,0.29152053594589233,0.17088937759399414,0.3290900565004991,0.33801730055201945,0.20338196461177316,0.9177916945071233,0.12343654604213723,0.0668441640105203,10.444646835327148
3,val,2.156478226184845,0.06400981702302631,0.3455919080919081,0.3695017397403717,0.43162307143211365,0.3695017397403717,0.3134867548942566,0.20261257886886597,0.22505534147722794,0.24884416149567182,0.14210281099542263,0.8620868864512247,0.0681195009559582,0.036098636003330416,10.444646835327148
4,train,2.1050218812206336,0.057130512438322366,0.30034434598749954,0.3051055669784546,0.30593574047088623,0.3051055669784546,0.2989630103111267,0.1759520322084427,0.3417575823159522,0.3365702849708814,0.20233514403419617,0.914703797457371,0.1289863231922367,0.0703599470513012,10.542711973190308
4,val,0.8026671012242635,0.13424008018092104,0.7247682872682872,0.7406593561172485,0.7289373874664307,0.7406593561172485,0.7290568351745605,0.5840653777122498,0.8320898581611608,0.8323628261319349,0.7128608555168133,0.952884310767617,0.35900639895637315,0.21935981177120442,10.542711973190308
5,train,2.084858430895889,0.058326426723547146,0.30663146084999476,0.3104586601257324,0.31003785133361816,0.3104586601257324,0.3048246204853058,0.1800634264945984,0.3355500683711806,0.34702587264281703,0.20994029667015018,0.922201645165018,0.1323247790638383,0.07244657734365753,10.496781349182129
5,val,0.6812448228398958,0.143896484375,0.7769036519036518,0.7732045650482178,0.7752591371536255,0.7732045650482178,0.7716478109359741,0.6310884356498718,0.9080921538075689,0.8373780852995888,0.7202497073737025,0.901932852608678,0.2365767258182275,0.1354495439639781,10.496781349182129
6,train,2.0723476443374365,0.058284826445997806,0.30641276146117086,0.3106566071510315,0.3156173527240753,0.3106566071510315,0.30591481924057007,0.1808750033378601,0.3400163303853269,0.34393553921946823,0.2076824624900062,0.9176883630583849,0.12438347656903098,0.0674696389299265,10.53132176399231
6,val,0.6634900470574697,0.13977436266447368,0.7546481296481297,0.7742725610733032,0.7656564712524414,0.7742725610733032,0.7580865621566772,0.615614652633667,0.8002787570707548,0.8572055803411364,0.750096057787789,0.943138304210699,0.31582622822353806,0.18981284297557474,10.53132176399231
7,train,2.058591721768965,0.05934228729783443,0.3119720042264994,0.315452516078949,0.32402709126472473,0.315452516078949,0.31177759170532227,0.1849953532218933,0.3435972100618671,0.35039769158879563,0.21241343799159493,0.9222756904466796,0.13366369219871455,0.07287216796424789,10.552302598953247
7,val,0.6760252589980761,0.13889674136513158,0.7499098124098124,0.7607560157775879,0.7571335434913635,0.7607560157775879,0.750662088394165,0.6076032519340515,0.8975977699426927,0.8953954313287327,0.8106026950978745,0.970028468540587,0.48311278210639724,0.3199930087495619,10.552302598953247
8,train,2.0550583759943644,0.059331472296463815,0.3119151480147331,0.3165637254714966,0.33112913370132446,0.3165637254714966,0.31321287155151367,0.18608123064041138,0.343839870406248,0.3492913687318557,0.21160086533260794,0.9228216338574534,0.13785934911955527,0.0756628126862954,10.582236766815186
8,val,0.592286559442679,0.1488024259868421,0.8033910533910534,0.8011932373046875,0.8105207085609436,0.8011932373046875,0.8019589185714722,0.670772135257721,0.8720996966460013,0.8591389983119361,0.7530619469021217,0.9594532194590224,0.41069397142623415,0.2610697730068901,10.582236766815186
9,train,2.059210018944322,0.05907116270901864,0.3105466584028133,0.3150293827056885,0.32660579681396484,0.3150293827056885,0.3115226626396179,0.18485808372497559,0.34089515433524703,0.3518140249927484,0.21345529957701503,0.9242149486874962,0.13734463297483926,0.07520624722226484,10.615244626998901
9,val,0.9611431310574213,0.13137335526315788,0.7092907092907093,0.7223829030990601,0.7187310457229614,0.7223829030990601,0.7099924087524414,0.5533439517021179,0.7156677871601904,0.7551038012429027,0.6065596553397217,0.9669145856583329,0.4064814501860716,0.257356778523466,10.615244626998901
10,train,2.03889422416687,0.05971096105742873,0.31391018182166175,0.31842201948165894,0.33445826172828674,0.31842201948165894,0.3156053423881531,0.18775779008865356,0.33963922309338357,0.3583497193522127,0.21828627549331767,0.9274296275354952,0.13851593511041546,0.07597630586246265,10.646309614181519
10,val,0.8977977285782496,0.14330283717105263,0.7736985236985237,0.7838664054870605,0.7837652564048767,0.7838664054870605,0.7774518728256226,0.6415565609931946,0.8970238583250824,0.9036547544461508,0.8242428808190264,0.959200722830488,0.4099019262907689,0.25941331759436215,10.646309614181519
11,train,2.0407083109805457,0.060153412400630484,0.3162362201089725,0.3206856846809387,0.33981853723526,0.3206856846809387,0.31859928369522095,0.18996180593967438,0.33992123376388034,0.36395554511890427,0.22246067343390727,0.9296730443049579,0.14781247515454693,0.08177141590666909,10.668044805526733
11,val,0.63664610683918,0.14164653577302633,0.7647560772560773,0.7772855758666992,0.7581748962402344,0.7772855758666992,0.7628072500228882,0.6193339824676514,0.8426662293999814,0.8561076123426107,0.7484162236942049,0.9573413303918722,0.38592172063616514,0.2409487324133398,10.668044805526733
12,train,2.038888354887042,0.06045939127604167,0.3178448005557272,0.32093545794487,0.34384965896606445,0.32093545794487,0.3208658695220947,0.19155113399028778,0.33900961787553036,0.356524687957296,0.21693340411825102,0.9263270863314087,0.14008966976951306,0.07684729244718103,10.680680513381958
12,val,0.5280832822124163,0.1508557771381579,0.8144771894771895,0.8159051537513733,0.8102819919586182,0.8159051537513733,0.8114542961120605,0.6852445006370544,0.8379109617112094,0.8897013966027271,0.8013172338083727,0.9716420854839459,0.4800727707177574,0.31777610105529036,10.680680513381958
13,train,2.038179988819256,0.06024881998697917,0.3167377932246535,0.32051217555999756,0.3442145884037018,0.32051217555999756,0.3202820420265198,0.19117096066474915,0.33887517092796793,0.3590797534560892,0.21882828265716417,0.9268716912519149,0.14230145231052205,0.07837676596674668,10.694055557250977
13,val,1.4451910257339478,0.14063656455592105,0.7593031968031968,0.7657604217529297,0.7673195600509644,0.7657604217529297,0.7584078311920166,0.613864541053772,0.91547101746256,0.852008693661354,0.7421734795608227,0.8448658897761905,0.17262478650915258,0.09559241184855533,10.694055557250977
14,train,2.0259872547367164,0.060763763963130484,0.3194449370106355,0.32279956340789795,0.34911537170410156,0.32279956340789795,0.3232572674751282,0.19332149624824524,0.33997042167152514,0.3636143586245059,0.22220579031745963,0.928205577114031,0.14080757805100713,0.0772017654458983,10.690507650375366
14,val,1.3593384226163228,0.1265637849506579,0.6833236208236209,0.682502031326294,0.6827043294906616,0.682502031326294,0.6721062660217285,0.5133491158485413,0.7427236205618244,0.7220052552248822,0.5649516682254038,0.8825184050059095,0.18152428876894933,0.10067410817028964,10.690507650375366
15,train,2.0188875750491495,0.06131688168174342,0.32235276633616883,0.3260009288787842,0.3556138873100281,0.3260009288787842,0.32690179347991943,0.19596067070960999,0.3357533783894457,0.3719692461716449,0.2284780255949607,0.9351150780391938,0.1537109194210223,0.08537921951818317,10.703175783157349
15,val,1.961730072895686,0.11319644325657895,0.6111527361527361,0.6073688864707947,0.6565618515014648,0.6073688864707947,0.6084601283073425,0.44434845447540283,0.5575141428215483,0.6380483178811205,0.46848088184604303,0.9711042131694928,0.39823069448969267,0.25453455405284314,10.703175783157349
16,train,2.0276441599193373,0.061273139819764254,0.32212280829154966,0.3248106837272644,0.344102680683136,0.3248106837272644,0.3244072198867798,0.19404193758964539,0.33838657104536307,0.3663356796769806,0.2242417130613491,0.9327075623627968,0.1489656737310699,0.08262307158262615,10.708003997802734
16,val,0.6245361293355624,0.14632504111842104,0.79001554001554,0.8025220036506653,0.7980127334594727,0.8025220036506653,0.792569637298584,0.6615762710571289,0.9373616463057002,0.9128872514702621,0.8397355857503931,0.9564899262926353,0.40298154933490477,0.25351565342145355,10.708003997802734
17,train,2.0206894916400575,0.06089504308867873,0.3201350926108879,0.32365891337394714,0.34611767530441284,0.32365891337394714,0.3230079710483551,0.19310246407985687,0.3421510855771105,0.36038026977219134,0.21979503491568161,0.9276115015931984,0.14058231764376622,0.07712335762601444,10.710416316986084
17,val,1.3461359689633052,0.13425678453947368,0.7248584748584749,0.7251380085945129,0.7301738262176514,0.7251380085945129,0.7214341163635254,0.5722072124481201,0.8546363859958558,0.8264488969313676,0.7042291582213861,0.8723733084541067,0.18335631206932834,0.1015057931393679,10.710416316986084
18,train,2.0082757544099237,0.06142385382401316,0.3229151361931445,0.3267110586166382,0.36054688692092896,0.3267110586166382,0.3289720118045807,0.1974886804819107,0.33580912468477647,0.37794257995855857,0.23300197721537466,0.9375090481940735,0.15444385677525582,0.08544892280173945,10.719480752944946
18,val,0.5082445045312246,0.1542467619243421,0.8327852702852703,0.8318408131599426,0.827784538269043,0.8318408131599426,0.8286786675453186,0.7094488739967346,0.9299007952767648,0.9036010147610871,0.8241534660653799,0.9511651538665756,0.3736648231628379,0.2302559351030005,10.719480752944946
19,train,2.004658468146073,0.061890183833607455,0.32536670849257293,0.3277958631515503,0.3600112795829773,0.3277958631515503,0.3302890658378601,0.19837835431098938,0.3367764868684572,0.3747637174127306,0.23059030093200164,0.9358658104610696,0.1528545951972295,0.08448425269597093,10.72625184059143
19,val,0.5737003112832705,0.14758043791118422,0.7967934842934843,0.805131196975708,0.7932134866714478,0.805131196975708,0.7962682247161865,0.664401113986969,0.8252029187498358,0.8749130687308746,0.7776404233942844,0.9664362952821239,0.4345271678832014,0.2789504276189683,10.72625184059143
20,train,2.0026929470530725,0.06173561497738487,0.32455411501054654,0.3282308578491211,0.3619364798069,0.3282308578491211,0.3301260471343994,0.1983019858598709,0.34281676192723654,0.3648282647359073,0.22311312197880287,0.9307510108277095,0.15012448435848963,0.08299322964112665,10.730423927307129
20,val,0.7994442482789358,0.15217927631578948,0.8216228216228216,0.8254559636116028,0.82314133644104,0.8254559636116028,0.8191070556640625,0.6952368021011353,0.9324424038690395,0.8928753630161531,0.8064813501625255,0.9103279113768128,0.2546978636116177,0.14663566498004485,10.730423927307129
21,train,1.998687067784761,0.061723193787691887,0.32448881480693376,0.32771897315979004,0.36842113733291626,0.32771897315979004,0.3315712511539459,0.1994088739156723,0.34481051178377176,0.36732433426297695,0.2249830435219787,0.9296281245715415,0.15156033439065036,0.08419009121158476,10.758700370788574
21,val,0.5140026857455572,0.15355160361842105,0.829032079032079,0.8370408415794373,0.826573371887207,0.8370408415794373,0.8293886184692383,0.710495114326477,0.8581618430754626,0.8801715388976044,0.7859878350974048,0.9445826212563647,0.3280998163500675,0.1969938940688625,10.758700370788574
22,train,2.002957052306125,0.06188536526864035,0.3253413765170335,0.3288955092430115,0.363844096660614,0.3288955092430115,0.331270694732666,0.19916987419128418,0.34305942227161745,0.3699210371474058,0.22693443181250741,0.9324206435888096,0.1512081363637231,0.08381949802069498,10.800123691558838
22,val,0.5324679662783941,0.14810469777960528,0.7996239871239871,0.8053692579269409,0.7953792810440063,0.8053692579269409,0.7985237836837769,0.6661581993103027,0.8160203328680691,0.8526879367527791,0.7432048984462789,0.9663874308266739,0.43093868515804745,0.2754557875432998,10.800123691558838
23,train,2.0059353761505663,0.061588809364720394,0.3237823341557781,0.3281016945838928,0.3617085814476013,0.3281016945838928,0.32955801486968994,0.19793368875980377,0.34011470620061646,0.37086672380530167,0.2276466482592671,0.9359577379727186,0.16283561395018598,0.09131772718392309,10.844104051589966
23,val,0.4948414588967959,0.15492393092105264,0.8364413364413364,0.841132640838623,0.8344579339027405,0.841132640838623,0.835635781288147,0.7197750210762024,0.8723456587678343,0.9094017044099544,0.8338557993723872,0.9585978190102686,0.4022164876500168,0.2531755620568017,10.844104051589966
24,train,2.006604354005111,0.061777268794544954,0.3247730958657653,0.32879358530044556,0.3727015256881714,0.32879358530044556,0.33299100399017334,0.20044657588005066,0.34630910337001614,0.367370503245426,0.22501768470932676,0.9287478798312725,0.1439983400523246,0.07927069631156056,10.893330574035645
24,val,0.8625741104284922,0.1427503083881579,0.7707153957153957,0.7696284055709839,0.7820192575454712,0.7696284055709839,0.7694573998451233,0.6288698315620422,0.8382389112069867,0.8360454606956462,0.7182801742302105,0.9612350463865704,0.4039454853968328,0.25394738919106513,10.893330574035645
25,train,2.0023853644990086,0.0618066620408443,0.3249276209165559,0.32851749658584595,0.37520259618759155,0.32851749658584595,0.3338446617126465,0.20108211040496826,0.34521057343261596,0.3695760496224355,0.22667482015317444,0.9292598255892216,0.1487853001368775,0.08215662489750142,10.918485403060913
25,val,0.8600688974062601,0.149072265625,0.8048479298479299,0.8130875825881958,0.8010638952255249,0.8130875825881958,0.804589033126831,0.6765425205230713,0.9143231942273392,0.9112972370830691,0.8370487127517547,0.96778306506914,0.47207422370384894,0.3104984581495144,10.918485403060913
26,train,1.9923978387263783,0.06192717970463268,0.3255612017714369,0.3298777937889099,0.379386842250824,0.3298777937889099,0.3350051939487457,0.2019793689250946,0.3397867868163179,0.375024198861584,0.2307875629203922,0.9351620322778179,0.16059651832417216,0.0894507945946276,10.95666790008545
26,val,0.4172971174120903,0.1584254214638158,0.8553460428460429,0.8559120893478394,0.8520147800445557,0.8559120893478394,0.8532758355140686,0.7460912466049194,0.9369517094359785,0.9269578568646019,0.8638597021688231,0.955759865896895,0.39766904454320096,0.2486469734105666,10.95666790008545
27,train,1.9863614485974896,0.062324229457922146,0.32764855655588715,0.3312663435935974,0.3819333612918854,0.3312663435935974,0.33701035380363464,0.20346176624298096,0.329795083176741,0.388606707253007,0.24116192801014213,0.9470862137642473,0.1787064516183763,0.10073858981353097,10.986872673034668
27,val,0.5513236075639725,0.15508840460526316,0.8373293373293373,0.8395079374313354,0.8369544148445129,0.8395079374313354,0.8359593152999878,0.7203606963157654,0.8869394113299278,0.9065236469059812,0.8290290443705808,0.9546648661294098,0.38529765776318176,0.24002291578420484,10.986872673034668
28,train,1.988939477058879,0.062356299684758774,0.3278171549264219,0.33097130060195923,0.38340941071510315,0.33097130060195923,0.3375875949859619,0.20385634899139404,0.3421182936386806,0.3736694267125454,0.22976228753649747,0.9329688892028467,0.15755597040444316,0.08766145728289393,11.015479564666748
28,val,0.4793885697921117,0.15481214021381579,0.8358377733377733,0.8389275074005127,0.8312880992889404,0.8389275074005127,0.8332898616790771,0.7158865928649902,0.8120849389187406,0.8769366926849395,0.7808435159631211,0.9721472603932652,0.4765953051676705,0.31411774538134885,11.015479564666748
29,train,1.9851067729163587,0.0629180908203125,0.33077058180792623,0.3325667977333069,0.381460577249527,0.3325667977333069,0.3391823172569275,0.2049504816532135,0.3369535633359784,0.3840518722818039,0.23766349411941026,0.9400101511100554,0.1608116656273078,0.0896304906918375,11.037207126617432
29,val,0.6157209624846777,0.1528101870888158,0.8250291375291375,0.8364390730857849,0.821449875831604,0.8364390730857849,0.82554030418396,0.7050626277923584,0.8638189718776225,0.901630220501941,0.8208804051415497,0.9791194370813222,0.5628311107541043,0.39331562101123013,11.037207126617432
30,train,1.9765451332979036,0.06351907295093202,0.3339300420904847,0.3357378840446472,0.39617395401000977,0.3357378840446472,0.3444088399410248,0.20890697836875916,0.33927195338296917,0.379358954621139,0.23407957103586616,0.9380152652136734,0.16330126556579738,0.0914653240255936,11.059380054473877
30,val,0.5069389666120211,0.15673571134868422,0.8462232212232212,0.8461490869522095,0.8450096845626831,0.8461490869522095,0.844668984413147,0.7325748205184937,0.9162089038280591,0.9028843773223769,0.8229619265035547,0.9529564267111624,0.380714710704763,0.2361665376323662,11.059380054473877
31,train,1.9771392165568837,0.06230367024739583,0.32754047346025217,0.3318152129650116,0.384933739900589,0.3318152129650116,0.3376491665840149,0.20392057299613953,0.33735034579097967,0.3858474541607536,0.23904026990665636,0.940074291563728,0.16600129788543255,0.09275613679124485,11.093586444854736
31,val,0.5271391769250234,0.15326377467105262,0.8274780774780774,0.8243036270141602,0.8302974700927734,0.8243036270141602,0.8253360986709595,0.7041643261909485,0.9148971058449497,0.8956218096810624,0.8109738372087129,0.9508750552221374,0.3674928049155306,0.2256339236427001,11.093586444854736
32,train,1.9881787509248967,0.06279971474095394,0.33014825960884053,0.33381250500679016,0.39890435338020325,0.33381250500679016,0.34264135360717773,0.20765188336372375,0.3362550950474225,0.3819118635895218,0.2360266175011627,0.9386383056639217,0.16292838507632593,0.09084198570747211,11.099678754806519
32,val,0.5926746974388758,0.15167814555921053,0.8189171939171939,0.8279284834861755,0.8131108283996582,0.8279284834861755,0.8174535036087036,0.6990824937820435,0.8862015249644287,0.9118825613340491,0.8380369049458536,0.9525992983861998,0.37508289914850884,0.23171285985546164,11.099678754806519
33,train,1.976784856695878,0.06299218964158443,0.3311601312984439,0.33433443307876587,0.39371055364608765,0.33433443307876587,0.34196335077285767,0.2070569396018982,0.3516804228848264,0.3668887987532829,0.2246563519894041,0.9270948443495014,0.15180052275039696,0.08406201961981091,11.114662408828735
33,val,0.5289862329761187,0.15357601768092105,0.8291638916638917,0.8340427875518799,0.8259038925170898,0.8340427875518799,0.8269939422607422,0.7067317366600037,0.8980896941863588,0.8817515847940706,0.788511373451779,0.9544597807383202,0.3813201371002939,0.23623658946843265,11.114662408828735
34,train,1.9762551203108671,0.06307030393366228,0.33157079076857776,0.33558446168899536,0.39630627632141113,0.33558446168899536,0.34369489550590515,0.20834697782993317,0.3485881430908911,0.3747490383522156,0.23057918642332037,0.9303323846112888,0.15618231899016866,0.08712109082969502,11.146330118179321
34,val,0.5584295690059662,0.15450760690789472,0.8341935841935842,0.8339561223983765,0.832938015460968,0.8339561223983765,0.8321872353553772,0.7150627374649048,0.9044027219800734,0.9156636457014344,0.8444461456014357,0.9571151733396959,0.3992990803839855,0.2504340646300153,11.146330118179321
35,train,1.9807628453823558,0.06281727573327851,0.3302405805863621,0.3345121741294861,0.3948376774787903,0.3345121741294861,0.341536283493042,0.20681056380271912,0.3423248828507887,0.37956604634400953,0.23423728661436585,0.9350040904261193,0.1575792805206412,0.08776886728729459,11.136937856674194
35,val,0.5498654494682947,0.14881270559210527,0.8034465534465535,0.8085163235664368,0.8037233948707581,0.8085163235664368,0.8031792640686035,0.6747527122497559,0.9272771993105458,0.9124646985100193,0.8390207715127307,0.9528014773412781,0.3807623267310045,0.2356325224622837,11.136937856674194
36,train,1.969348378767047,0.0627813506544682,0.33005171663539573,0.3331740200519562,0.3983253836631775,0.3331740200519562,0.34231454133987427,0.20743727684020996,0.3358747085616362,0.38288876311840614,0.23677330318938125,0.9397072775320662,0.1638785134933394,0.09154188760181256,11.149685621261597
36,val,0.6060011262694994,0.144873046875,0.7821761571761572,0.7878262996673584,0.7892987132072449,0.7878262996673584,0.7836540937423706,0.6511406898498535,0.903828810362463,0.9098336928495089,0.8345824816406733,0.9671923319497205,0.4632033273298528,0.30264805934811134,11.149685621261597
37,train,1.9768014284602382,0.06281882838199013,0.3302487431118136,0.33362966775894165,0.3765394985675812,0.33362966775894165,0.3376602232456207,0.203799307346344,0.3417575823159522,0.37569550216793335,0.23129623095001384,0.9354112056262298,0.16088351541939502,0.0903706796221516,11.145668506622314
37,val,0.5373864670594534,0.15562422902960527,0.8402222777222778,0.8458328247070312,0.8350774049758911,0.8458328247070312,0.8389495015144348,0.7247973680496216,0.9360498483225907,0.9218409316172831,0.855013854563877,0.9477115812754304,0.3704620435993353,0.22926419894243474,11.145668506622314
38,train,1.973019232038866,0.06308010168242872,0.3316222991188413,0.3355191946029663,0.39351898431777954,0.3355191946029663,0.34259217977523804,0.20753173530101776,0.3559532124622366,0.36357941799257126,0.2221796939602545,0.923788934004793,0.14681168261516905,0.08106156037220644,11.173665523529053
38,val,1.106121261914571,0.15059621710526316,0.8130758130758131,0.8253320455551147,0.8170812726020813,0.8253320455551147,0.8165960311889648,0.6946943998336792,0.9376895958014776,0.919964602465654,0.851791167050829,0.9682742527551519,0.4824465316457886,0.3199278174380609,11.173665523529053
39,train,1.957773344349443,0.06325383771929824,0.33253565757023573,0.33647391200065613,0.403682142496109,0.33647391200065613,0.3457869291305542,0.20999538898468018,0.34641403757299166,0.3735772875855293,0.22969261978739233,0.9311008921839314,0.1555417371984192,0.08635943526826174,11.182724952697754
39,val,0.5087798275053501,0.15808362458881578,0.853500666000666,0.854425847530365,0.8570162653923035,0.854425847530365,0.8535287976264954,0.7466058731079102,0.9082561285554577,0.9263703591773232,0.8628397850293147,0.9617749168757818,0.42634719221369327,0.272049674570236,11.182724952697754
40,train,1.9871624252252411,0.06289431923314144,0.33064561072859827,0.3342345654964447,0.3862905502319336,0.3342345654964447,0.340878427028656,0.2062709629535675,0.35204113420755484,0.36840948836023585,0.22579776717733385,0.9276398775868924,0.15384004251170674,0.0859018985219866,11.209136724472046
40,val,0.44692396124204,0.15592362253289474,0.8418387168387168,0.8487723469734192,0.8381613492965698,0.8487723469734192,0.8422046899795532,0.7303960919380188,0.9150610805928383,0.9314416807926047,0.8716807247728274,0.9641511099677641,0.4439633458754517,0.2864408006152442,11.209136724472046
41,train,1.9780146329026473,0.06316324869791666,0.3320594164300942,0.33576732873916626,0.3855675458908081,0.33576732873916626,0.34122952818870544,0.20651690661907196,0.3579305663495569,0.36063991676118284,0.21998822988801825,0.9221400746126613,0.1478017413650733,0.0817683205188257,11.243558883666992
41,val,0.4629542827606201,0.15785747327302632,0.8522796647796648,0.8559293150901794,0.8508089780807495,0.8559293150901794,0.852096438407898,0.7438166737556458,0.9092399770427898,0.9154696994736411,0.8441163038507808,0.9633416675384487,0.43696476496457287,0.2809713847656515,11.243558883666992
42,train,1.9571408202773646,0.06372846636855811,0.335030857160871,0.33855903148651123,0.3927527070045471,0.33855903148651123,0.3447880446910858,0.20915323495864868,0.3431905900253369,0.3848384123591195,0.23826620283941868,0.9385957416733773,0.16370570937259266,0.09148338019345041,11.273798942565918
42,val,0.538849209745725,0.15154708059210525,0.8182095682095682,0.8175534009933472,0.825446367263794,0.8175534009933472,0.8175743818283081,0.6946355104446411,0.9484299417881868,0.9173307907700822,0.8472863107003242,0.9547413417269732,0.3954046538744753,0.2472971633328063,11.273798942565918
43,train,1.955834440390269,0.06336594966419956,0.3331250482011201,0.33766040205955505,0.40115129947662354,0.33766040205955505,0.3458005487918854,0.2100117951631546,0.33927851177065516,0.3866403785090743,0.23964922602267985,0.9399496513499113,0.16181238073100898,0.09027897507997051,11.269960880279541
43,val,0.6166140933831533,0.15877492804276316,0.8572330447330447,0.8616690635681152,0.8573603630065918,0.8616690635681152,0.8573824167251587,0.7522550225257874,0.9134213331139514,0.9264864814867388,0.8630412890224936,0.973225729805932,0.5171397706553381,0.3512556293627857,11.269960880279541
44,train,1.9715173102261727,0.06304888808936404,0.33145820421062466,0.3358525037765503,0.39607852697372437,0.3358525037765503,0.34322649240493774,0.208114892244339,0.3328348958691886,0.3914233053175597,0.2433351873339732,0.9443153247497194,0.16995816964363186,0.09529194361823311,11.263112783432007
44,val,0.6488088990251223,0.15499203330592104,0.8368090243090243,0.8339880704879761,0.8360852599143982,0.8339880704879761,0.8338850736618042,0.7168225646018982,0.9172747396893356,0.9085593583260088,0.8324404761898567,0.9695247468492738,0.48419163650752184,0.32062251114075035,11.263112783432007
45,train,1.9620001849375273,0.06313240988212719,0.33189729178664173,0.33574777841567993,0.3941289186477661,0.33574777841567993,0.34266194701194763,0.20757833123207092,0.3342154364770855,0.3866728331773545,0.2396741635390449,0.9427426522236778,0.16912493950590535,0.09466711672438827,11.2604238986969
45,val,0.7973888168732325,0.15438039679276316,0.833506771006771,0.8426295518875122,0.8309153318405151,0.8426295518875122,0.8324122428894043,0.7150022387504578,0.8702959744192258,0.9056394455662996,0.8275512590622689,0.9721610659643218,0.4945441517797127,0.3301116724056934,11.2604238986969
46,train,1.9578747485813341,0.06329217208059211,0.33273718750897174,0.33664608001708984,0.4017641842365265,0.33664608001708984,0.3455122113227844,0.20976871252059937,0.34259705593975653,0.380028112688115,0.23458932945928243,0.9355198374964313,0.1634743489450047,0.09131364809014476,11.258749008178711
46,val,0.4916597207387288,0.1564247532894737,0.8445443445443446,0.8459423780441284,0.841637372970581,0.8459423780441284,0.8426609039306641,0.7297322750091553,0.8775928507002725,0.9093921193845357,0.8338396821680814,0.9722882225398424,0.49793687953564,0.3335790252445905,11.258749008178711
47,train,1.9548494431010464,0.06366967987595942,0.3347218070592898,0.3384075164794922,0.39988741278648376,0.3384075164794922,0.3465069532394409,0.2105145901441574,0.3421248520263666,0.3853543717395993,0.23866189031782303,0.9378185071441817,0.16714490662007386,0.09376738562570322,11.253697633743286
47,val,0.7087564418713251,0.14308696546052632,0.7725330225330226,0.784248948097229,0.785843014717102,0.784248948097229,0.7772079706192017,0.6391221880912781,0.8284004263336653,0.8354210541587902,0.7173588924382553,0.9516726902551546,0.35036450816671705,0.2131508175146902,11.253697633743286
48,train,1.9674099987013298,0.06337938810649671,0.3331956962662357,0.33673062920570374,0.39297497272491455,0.33673062920570374,0.3437870442867279,0.20842701196670532,0.34757487219340855,0.37564012559264065,0.23125425444643694,0.9313083581755721,0.15697271803343474,0.08726887132366677,11.279385805130005
48,val,0.6221385324994723,0.15061934621710527,0.8132006882006882,0.820484459400177,0.8196173906326294,0.820484459400177,0.8168141841888428,0.6956754326820374,0.9349020250873699,0.9259815614457627,0.8621654317247375,0.9323579697380442,0.30419194424819035,0.18009432295186636,11.279385805130005
49,train,1.9637671087917528,0.06350547388980263,0.3338585496261845,0.3381783962249756,0.3991301357746124,0.3381783962249756,0.34554457664489746,0.20979277789592743,0.3411542106488429,0.3864686155940391,0.2395172634491849,0.9381364788924007,0.16565039190676342,0.09318220809269022,11.26508641242981
49,val,0.5240646600723267,0.1527151007401316,0.824515762015762,0.8346177339553833,0.8257557153701782,0.8346177339553833,0.8275872468948364,0.7089906930923462,0.8810363204059349,0.8714975011837324,0.7722601509157224,0.9581980024063811,0.3995085855347131,0.25101479880455796,11.26508641242981
50,train,1.9492213052615786,0.06406822873834978,0.3368170429027967,0.3395434319972992,0.40472865104675293,0.3395434319972992,0.34897369146347046,0.21230420470237732,0.35585811584079,0.3699663121179361,0.22696851052437367,0.9263131124930055,0.15905005449787532,0.08853704260179247,11.272704601287842
50,val,0.5361176083485285,0.15794356496710527,0.8527444777444777,0.857765793800354,0.8501657247543335,0.857765793800354,0.8522660136222839,0.7450108528137207,0.910715749773788,0.932309365936604,0.8732017923112387,0.9717087518599689,0.5015840484377533,0.3368302642761896,11.272704601287842
51,train,1.959185092281877,0.06365538479989036,0.3346466555318561,0.33914780616760254,0.4051309823989868,0.33914780616760254,0.34676608443260193,0.21069303154945374,0.35041137486759105,0.37439670999959723,0.23031247440588845,0.9288249233311366,0.15479232082873606,0.08625765683928738,11.284029006958008
51,val,0.7675966372092565,0.15478258634868422,0.8356782106782107,0.8341529965400696,0.8406802415847778,0.8341529965400696,0.8331372737884521,0.7166134119033813,0.9670410756735532,0.9251705966244608,0.8607604174262127,0.9466625395273837,0.3657086401423739,0.2254977777426492,11.284029006958008
52,train,1.9537799460846081,0.06342484323601974,0.3334346612354911,0.33811280131340027,0.40195995569229126,0.33811280131340027,0.34541600942611694,0.20973560214042664,0.33466140683973156,0.39110831293881654,0.24309176442564775,0.9438550982557514,0.1744177669513106,0.0982495400301045,11.290210485458374
52,val,0.3948922355969747,0.15950478001644736,0.8611735486735487,0.8668413162231445,0.8583730459213257,0.8668413162231445,0.861282229423523,0.7581933736801147,0.9007952775265222,0.9240926818270764,0.8588961851150259,0.9511591593423012,0.3683488405396842,0.22671968025349262,11.290210485458374
53,train,1.9772962107993008,0.06379319575794956,0.3353711500322842,0.338880717754364,0.405409038066864,0.338880717754364,0.3480406403541565,0.21165867149829865,0.34771587752865696,0.3784143497821193,0.23336069596448358,0.9333462363793816,0.16565104141328907,0.09315715256284517,11.295024156570435
53,val,0.4471663335959117,0.15836245888157896,0.855006105006105,0.8636808395385742,0.8517714738845825,0.8636808395385742,0.8560740947723389,0.7503597140312195,0.8684102648185058,0.9153128190718653,0.8438495857227184,0.9688021341958138,0.4654282382895534,0.3044486694105632,11.295024156570435
54,train,1.9458959838800263,0.06405623586554277,0.336753994430343,0.3406272530555725,0.4092622995376587,0.3406272530555725,0.35036712884902954,0.2134065181016922,0.3367502533177133,0.39655777798986097,0.24731654099303643,0.9464645118042709,0.18116047953168998,0.10242553724179222,11.276308059692383
54,val,0.5103709921240807,0.149462890625,0.806956931956932,0.8092071413993835,0.8159967660903931,0.8092071413993835,0.8071901798248291,0.6821961402893066,0.9462982700656338,0.9313697751094296,0.8715547836586335,0.9491379147482722,0.3683402598105763,0.22642951242972806,11.276308059692383
55,train,1.952114240746749,0.06377429627535636,0.3352717923948906,0.33977872133255005,0.41531240940093994,0.33977872133255005,0.3495340049266815,0.21284762024879456,0.353825015658139,0.37193557673550354,0.2284526199005685,0.9258715713231876,0.16046326680194212,0.0898756065185376,11.27623438835144
55,val,0.42651597907145816,0.15527986225328946,0.8383630258630259,0.8418172597885132,0.8356894254684448,0.8418172597885132,0.8363733291625977,0.7203406095504761,0.857997868327574,0.8853637851904627,0.7943074003789037,0.9586668468655514,0.392968574503381,0.24515060107477413,11.27623438835144
56,train,1.9485928748783312,0.06367519445586622,0.3347507980979627,0.3391820788383484,0.40878984332084656,0.3391820788383484,0.34840667247772217,0.21190178394317627,0.3670303292638417,0.36200714607091705,0.22100655158931878,0.9175337406625524,0.15222066672210763,0.08475413063295867,11.286386728286743
56,val,0.4939184548954169,0.1553942228618421,0.838980463980464,0.8482576608657837,0.8374340534210205,0.8482576608657837,0.8400501012802124,0.7265017032623291,0.8179880298427334,0.8688495987806576,0.7681114789431303,0.9656866164433032,0.4277320360898871,0.27277333687453426,11.286386728286743
57,train,1.9585268399171663,0.06378345154879386,0.3353199231484155,0.3391653299331665,0.40171751379966736,0.3391653299331665,0.34685420989990234,0.210758775472641,0.3503753037353182,0.37236273922938923,0.22877501905601552,0.9278321383290808,0.1500868747758528,0.08324871774053587,11.297338962554932
57,val,0.5389901225765547,0.15523617393092104,0.8381271506271506,0.8430210947990417,0.8348993062973022,0.8430210947990417,0.8368170261383057,0.7218806743621826,0.9044027219800734,0.9265854632928638,0.863213083965206,0.9262582688103108,0.2892701037192906,0.171392890758481,11.297338962554932
58,train,1.954302508161779,0.06352078621847587,0.33393904901512095,0.3380303382873535,0.4084324836730957,0.3380303382873535,0.34743475914001465,0.2111959159374237,0.3628460779201922,0.36205181064155634,0.22103984674175986,0.9180631403336041,0.14333510124297127,0.07902417299724346,11.310372352600098
58,val,0.7189815367261568,0.15236173930921051,0.8226079476079476,0.8305609226226807,0.8221520185470581,0.8305609226226807,0.8240708112716675,0.705963134765625,0.9096499139125115,0.924159755110452,0.8590120780420726,0.9661656334285155,0.45810521191398834,0.2984686913403172,11.310372352600098
59,train,1.948317227028964,0.06359049479166666,0.33430551826125826,0.33919757604599,0.4016595482826233,0.33919757604599,0.3462844491004944,0.2103092521429062,0.34781097415010354,0.3801342136097725,0.2346701948541805,0.9327940823737607,0.156753648245229,0.08726534335194387,11.310781717300415
59,val,0.39499976485967636,0.15682051809210526,0.8466810966810967,0.8577290177345276,0.8428353071212769,0.8577290177345276,0.8476312756538391,0.737448513507843,0.892186603262366,0.9215395639591982,0.8544954848835065,0.9632337661015068,0.4321683966953616,0.2770564639732617,11.310781717300415
60,train,1.9453877869405245,0.06390402275219298,0.3359537854696914,0.34064149856567383,0.419264018535614,0.34064149856567383,0.35105273127555847,0.21394023299217224,0.35577613599471536,0.37052467872472084,0.22738895153143085,0.9246294523538888,0.1493449130197097,0.08261547452472105,11.303591251373291
60,val,0.45310989767313004,0.15592747738486842,0.8418595293595293,0.8487914800643921,0.8427973985671997,0.8487914800643921,0.843471109867096,0.7324929237365723,0.8892350578003695,0.9216519324633735,0.8546887312838024,0.957534608386664,0.40625932711439877,0.2572029721139397,11.303591251373291
61,train,1.941912869821515,0.06400317811129386,0.3364750612330142,0.340763658285141,0.41662994027137756,0.340763658285141,0.35049015283584595,0.21351493895053864,0.369456932707651,0.35762419233691023,0.2177480919718793,0.9123786257023004,0.1396814785760001,0.07696454349742636,11.310548067092896
61,val,0.4930647239089012,0.14975328947368421,0.8085248085248086,0.8113438487052917,0.8225384950637817,0.8113438487052917,0.8102777004241943,0.6856750845909119,0.8753791916037752,0.9015071508275628,0.8206764027664714,0.9636317661828869,0.4291746410171946,0.2744825518691874,11.310548067092896
62,train,1.9495954149647763,0.06395686634799891,0.33623159280144066,0.3398823142051697,0.4052320718765259,0.3398823142051697,0.3480755090713501,0.21169525384902954,0.33708801028354085,0.3933510325090807,0.24482699489367604,0.9432456033270218,0.16928817816627592,0.09472718512113118,11.301464557647705
62,val,0.5723937749862671,0.15740902549342106,0.8498584748584749,0.8560596108436584,0.8478991985321045,0.8560596108436584,0.8500350117683411,0.7406489849090576,0.8523407395254141,0.8796378509082636,0.7851370742385128,0.9523716881160177,0.36109922150298607,0.22150396733061087,11.301464557647705
63,train,1.9524291322942366,0.06412985283031798,0.3371410107233067,0.34098243713378906,0.40734511613845825,0.34098243713378906,0.3495773375034332,0.21276719868183136,0.3514607168973464,0.3736380145595542,0.22973853547283046,0.9301930210045197,0.16071068949807402,0.08999026358640862,11.30164909362793
63,val,0.5207243884603182,0.15463738692434212,0.8348942723942724,0.8436716794967651,0.8321597576141357,0.8436716794967651,0.8356920480728149,0.7210705280303955,0.8966139214553606,0.9267011220279785,0.8634138638868913,0.9687387375603042,0.4729658529945108,0.3111918018903363,11.30164909362793
64,train,1.9371966761455202,0.06405516507332785,0.3367483651024453,0.3415944278240204,0.40858736634254456,0.3415944278240204,0.3490920662879944,0.2124229073524475,0.3486734021308087,0.38242063653264413,0.23641538170781343,0.9341628225224735,0.1599490905435152,0.08919485485448797,11.314248323440552
64,val,0.5117511053880056,0.15548802425986843,0.839486901986902,0.8413485288619995,0.8374219536781311,0.8413485288619995,0.8378487825393677,0.72216796875,0.831187997047773,0.8483327007459469,0.7366126571236382,0.9488425481885625,0.3370747086314827,0.20305332880094662,11.314248323440552
65,train,1.940050658113078,0.06412830018160635,0.3371328481978551,0.3409786820411682,0.4116245210170746,0.3409786820411682,0.35028088092803955,0.21334494650363922,0.34539748748166615,0.38275790150028743,0.23667322781567132,0.9350547388978842,0.16110252333300543,0.08962278155238693,11.316586256027222
65,val,0.49721993257602054,0.1561754728618421,0.8431984681984682,0.8464467525482178,0.8485746383666992,0.8464467525482178,0.8445286750793457,0.7339893579483032,0.919734360907666,0.9208290530743589,0.8532745112947034,0.9654907953170012,0.45532109436286045,0.29611413720491636,11.316586256027222
66,train,1.9482530947317156,0.0637195252535636,0.3349838522729256,0.3403416872024536,0.414547324180603,0.3403416872024536,0.34876856207847595,0.21229124069213867,0.3645742130754456,0.36015659045867676,0.21962865140682564,0.9176377145866208,0.14704259602468145,0.08163960384961126,11.32527470588684
66,val,0.5730005875229836,0.15566020764802632,0.8404165279165279,0.8465331792831421,0.8374048471450806,0.8465331792831421,0.8400567173957825,0.7295196652412415,0.9253914897098258,0.9303111427430382,0.8697025735853986,0.8893163771855027,0.22297793361286403,0.12689728807593456,11.32527470588684
67,train,1.9398707695174635,0.06406619423314144,0.3368063471797912,0.3407151699066162,0.41102513670921326,0.3407151699066162,0.3502805233001709,0.21333611011505127,0.3419707299157463,0.38573214084522905,0.23895176054643183,0.9365751567638388,0.1626247928734502,0.09078164713597318,11.305177211761475
67,val,0.4319722106059392,0.15664833470394737,0.8457514707514707,0.8496865034103394,0.8454042673110962,0.8496865034103394,0.8462477922439575,0.7364256381988525,0.9080101664336246,0.9062640594810903,0.8285949423905217,0.944323403494553,0.33968843776665186,0.20495512685791037,11.305177211761475
68,train,1.9430147923921284,0.0640607331928454,0.3367776376075131,0.34166061878204346,0.40417420864105225,0.34166061878204346,0.34910133481025696,0.21247734129428864,0.3402852242804517,0.3900967383175243,0.24231067398938386,0.939845088490127,0.16819226492291767,0.09434069330938878,11.324418544769287
68,val,0.5278098285198212,0.15187217310855264,0.8199647574647575,0.8347285985946655,0.8277829885482788,0.8347285985946655,0.8241817951202393,0.7061480283737183,0.9306386816422639,0.9317463524792342,0.8722145381889717,0.9423459370929536,0.33859098033280016,0.20451648698549682,11.324418544769287
69,train,1.9414678310093128,0.06410383257949562,0.3370042180553937,0.3417232632637024,0.4026627540588379,0.3417232632637024,0.3486889898777008,0.21210461854934692,0.352241165031977,0.3772677653357212,0.2324892323009278,0.9295043945311098,0.15863937894755284,0.08858562481037018,11.317116737365723
69,val,0.448280431330204,0.15742701480263158,0.8499555999556,0.8527639508247375,0.8467025756835938,0.8527639508247375,0.8482882976531982,0.7390607595443726,0.8869394113299278,0.9242598950465098,0.85918513223663,0.9556218101863294,0.3873834286910183,0.24143091994688234,11.317116737365723
70,train,1.9360093154405293,0.06399648565995066,0.3364398779336539,0.3414570689201355,0.41038501262664795,0.3414570689201355,0.34969860315322876,0.21286633610725403,0.35326427351098844,0.3763419023550471,0.23178642660888485,0.9266655637505441,0.14811527409979044,0.08177396388761662,11.319847583770752
70,val,0.4826099860171477,0.15712890625,0.8483460983460983,0.8541455268859863,0.8449786901473999,0.8541455268859863,0.8480671644210815,0.7379022836685181,0.8769369517087177,0.9124722693633437,0.8390335738932859,0.9607878185452386,0.41514386740278636,0.26370282911468085,11.319847583770752
71,train,1.9304626602875559,0.064349365234375,0.33829502294232583,0.34314996004104614,0.4209674894809723,0.34314996004104614,0.3531363010406494,0.2156039923429489,0.3558187655146742,0.37620610609476807,0.23168341354468208,0.9260904412519163,0.15462394150428554,0.0861206411860456,11.331324338912964
71,val,0.4260934342940648,0.15774696751644737,0.8516830391830392,0.8550425171852112,0.8537549376487732,0.8550425171852112,0.8518924713134766,0.7446221113204956,0.9635156185939464,0.9378341662580906,0.8829451540188707,0.9567422412689185,0.4107654545393058,0.25925271606258954,11.331324338912964
72,train,1.9408279059226052,0.06418526632743969,0.3374323284420103,0.3421539068222046,0.42139074206352234,0.3421539068222046,0.3525814414024353,0.2151133120059967,0.3638691863992037,0.36552990185771034,0.22363817385906049,0.9180006060682551,0.14495441393168465,0.07994539256584084,11.33260703086853
72,val,1.22518490254879,0.14300087376644738,0.7720682095682095,0.7849200963973999,0.7818266153335571,0.7849200963973999,0.7745338082313538,0.6371452808380127,0.7537099286703667,0.8210968153321965,0.6964921584963281,0.9038561866395556,0.24732924026467504,0.14873801911275586,11.33260703086853
73,train,1.936507617172442,0.06430524859512061,0.3380630946329425,0.34292203187942505,0.40543287992477417,0.34292203187942505,0.3494762182235718,0.21276727318763733,0.3606916475653507,0.36730474935321505,0.2249683493171792,0.9214254814280386,0.151956034314102,0.08497735447910311,11.314589023590088
73,val,0.5006170943379402,0.15621916118421053,0.8434343434343434,0.8492984771728516,0.8391014337539673,0.8492984771728516,0.8417866230010986,0.7285562753677368,0.8573419693360191,0.8986765161521355,0.8159968786571861,0.962910061790681,0.42300028197368994,0.2697260941918474,11.314589023590088
74,train,1.9359952790695325,0.06433250025699014,0.3382063610279378,0.3419843912124634,0.4129883944988251,0.3419843912124634,0.35204678773880005,0.21465234458446503,0.34048197591103085,0.39048449509465905,0.24260996553536437,0.9386127672695941,0.16910139200423815,0.09515473584775919,11.335143566131592
74,val,0.4332471614082654,0.1577097039473684,0.8514818514818515,0.8595279455184937,0.8510105609893799,0.8595279455184937,0.852800190448761,0.7452897429466248,0.8747232926122204,0.9062645947084282,0.8285958372158833,0.9626795450844868,0.42394674044629865,0.27045154026610396,11.335143566131592
75,train,1.9239973214634678,0.06423869885896381,0.3377132319041033,0.3430083394050598,0.41255682706832886,0.3430083394050598,0.3506021201610565,0.21362219750881195,0.3552481857859947,0.37253141641104126,0.22890237409037795,0.924564883583329,0.13977316606565618,0.07672999451668275,11.321788311004639
75,val,0.4170265197753906,0.15852564761513158,0.8558871683871684,0.8594051599502563,0.8573192954063416,0.8594051599502563,0.8564871549606323,0.7515267133712769,0.931376568007763,0.9347101607951563,0.8774233413139125,0.9370084490093419,0.3225019895030073,0.19326965648785258,11.321788311004639
76,train,1.9413719039214286,0.0642015959087171,0.3375181756924496,0.34171217679977417,0.41995367407798767,0.34171217679977417,0.3521531820297241,0.2148156762123108,0.3452827156971617,0.38199218071424623,0.23608797329141465,0.9344676770660575,0.1659868154470678,0.09264617565966107,11.340118169784546
76,val,0.4727381244301796,0.15516807154605264,0.8377594627594628,0.8427554368972778,0.8379577398300171,0.8427554368972778,0.8387115597724915,0.7249330282211304,0.9142412068533948,0.929637343896016,0.8685255861041603,0.9603800092423183,0.4201852658661529,0.2668666763776223,11.340118169784546
77,train,1.9393270494645103,0.06448043020148027,0.3389840526769987,0.34303680062294006,0.4138031601905823,0.34303680062294006,0.3526526689529419,0.2151370644569397,0.34859142228473405,0.38370315064677546,0.23739646397537606,0.9350517406796816,0.1644250805136759,0.0922206001151281,11.335867166519165
77,val,0.4179365436236064,0.15682051809210526,0.8466810966810967,0.8520437479019165,0.8417196273803711,0.8520437479019165,0.8450489044189453,0.7331443428993225,0.8535705501345793,0.9060133968107928,0.8281759605434506,0.966868264334393,0.4463407066935658,0.288579659009325,11.335867166519165
78,train,1.9403571831552606,0.06442405299136514,0.3386876685631872,0.3433876931667328,0.41218408942222595,0.3433876931667328,0.3515711724758148,0.21429038047790527,0.3596685390863392,0.37243462998081966,0.22882929495657936,0.9236222116569319,0.14885088457400292,0.08238126396828786,11.337579727172852
78,val,0.4924558500448863,0.15866056743421053,0.8566156066156067,0.8567936420440674,0.8545782566070557,0.8567936420440674,0.8548938035964966,0.749061107635498,0.9243256538485494,0.932814822072296,0.8740890060467714,0.9482013157434364,0.3616513646172725,0.22160459025912693,11.337579727172852
79,train,1.9323442952674732,0.06402909128289473,0.33661129096813747,0.3419085443019867,0.42628639936447144,0.3419085443019867,0.35291561484336853,0.21546703577041626,0.3475158467042348,0.3800759198507047,0.23462576464362603,0.9336206268844512,0.1698156517615556,0.09587293190588682,11.339187145233154
79,val,0.3759476902584235,0.16127544202302632,0.8707334332334332,0.8711372017860413,0.8702094554901123,0.8711372017860413,0.8699597716331482,0.7713607549667358,0.958432401409397,0.935611664136505,0.87901345965796,0.9505949474514903,0.3782061286880452,0.2339516073655059,11.339187145233154
80,train,1.9304919393439042,0.06448300010279605,0.3389975630639531,0.34351491928100586,0.41761350631713867,0.34351491928100586,0.3532569408416748,0.21558134257793427,0.3615606339337419,0.3693020292633425,0.22646869133347383,0.9211456298826725,0.1495926515282797,0.08340252820685247,11.327529668807983
80,val,0.4797643994291623,0.15519120065789474,0.8378843378843379,0.8445107936859131,0.8429973125457764,0.8445107936859131,0.8406433463096619,0.7290666699409485,0.8971058456990266,0.9286653885975915,0.8668303889718237,0.9649129595073846,0.44476930130036196,0.28746023033954,11.327529668807983
81,train,1.9365868591425712,0.06478699801260965,0.34059572925409715,0.3445598781108856,0.41573143005371094,0.3445598781108856,0.35343170166015625,0.21568837761878967,0.372401648778652,0.3589455834509752,0.21872863319882863,0.9119102076478866,0.1451611513343022,0.080866991363812,11.331470012664795
81,val,0.42665617416302365,0.1574180201480263,0.8499070374070374,0.8540382385253906,0.8466491103172302,0.8540382385253906,0.8492016792297363,0.7395132184028625,0.8331556940224373,0.8928916565660838,0.8065079365072964,0.9665111360094304,0.43730652258551167,0.28077505393354957,11.331470012664795
82,train,1.9409586881336414,0.06435927006236294,0.3383470942253792,0.34326666593551636,0.4121272563934326,0.34326666593551636,0.3518674373626709,0.21452274918556213,0.35506455093078754,0.3748868223196627,0.23068352014043597,0.9261217619242019,0.1527447211701576,0.08512690077158179,11.337642669677734
82,val,0.4500203753511111,0.15716359991776316,0.8485334110334111,0.8509129881858826,0.8546985387802124,0.8509129881858826,0.8495166301727295,0.7415211796760559,0.8821841436411558,0.9167199098098636,0.8462445929997277,0.9204406738279829,0.2727244980072781,0.15917358000304335,11.337642669677734
83,train,1.928063392430021,0.06486912777549342,0.34102749870384724,0.3452654778957367,0.4185945987701416,0.3452654778957367,0.3550149202346802,0.21685583889484406,0.35304456752350843,0.3790721902847988,0.23386124548457568,0.9300461618522449,0.1624444086890589,0.09115370166146186,11.346924543380737
83,val,0.6589409982164701,0.15653397409539474,0.8451340326340326,0.8569079041481018,0.8446279764175415,0.8569079041481018,0.8468422889709473,0.7375966310501099,0.9111256866435097,0.9256590679254105,0.8616064506118299,0.9470992315381723,0.35858900905592467,0.22059369123300773,11.346924543380737
84,train,1.93132297825395,0.0642596863863761,0.3378235667308973,0.34330958127975464,0.4177941083908081,0.34330958127975464,0.3520204424858093,0.21470972895622253,0.34552209684769963,0.38772517119537825,0.24048330370122992,0.9355279755172642,0.15965673117874551,0.08893089752842688,11.3336660861969
84,val,0.47372065981229144,0.15624743009868422,0.8435869685869686,0.850317120552063,0.8450783491134644,0.850317120552063,0.8453153371810913,0.7343116998672485,0.8856276133468183,0.9177570043515954,0.8480138169250683,0.9623398553755953,0.4229991895354055,0.268948936156604,11.3336660861969
85,train,1.9228606815923723,0.06465486225328948,0.3399010701915266,0.3450331687927246,0.41731229424476624,0.3450331687927246,0.353288471698761,0.21560660004615784,0.3537889445258661,0.37713667993545613,0.23238967903691188,0.9303320098340143,0.1774467308442403,0.10085154422438562,11.323747158050537
85,val,0.5760123307506243,0.15327662417763158,0.8275474525474525,0.8357842564582825,0.8216889500617981,0.8357842564582825,0.8262571096420288,0.7073410749435425,0.9119455603829532,0.9165670915343327,0.8459841801027943,0.9546853928337441,0.3934878765586404,0.24718514090532495,11.323747158050537
86,train,1.933502163175951,0.0641376160738761,0.3371818233505647,0.3425886034965515,0.417477011680603,0.3425886034965515,0.35185888409614563,0.21465596556663513,0.34612874770865193,0.3825839490959369,0.23654022414097808,0.9346280282002414,0.16049911521513185,0.08947142968077834,11.336753368377686
86,val,0.7874443382024765,0.14490645559210527,0.7823565323565324,0.7994052767753601,0.796220064163208,0.7994052767753601,0.7908501625061035,0.663445234298706,0.8811183077798793,0.90764747610676,0.8309107777943165,0.9507529849096374,0.35909388972984074,0.2192779272089956,11.336753368377686
87,train,1.9345244903313485,0.0642444275973136,0.3377433488083557,0.3434831202030182,0.42580467462539673,0.3434831202030182,0.35342487692832947,0.21579661965370178,0.351775519506273,0.377970423311985,0.23302314265729507,0.9260467529295459,0.14484077609038104,0.07987515070199043,11.343146324157715
87,val,1.1561397711435955,0.1515625,0.8182928182928183,0.830871045589447,0.8183494210243225,0.830871045589447,0.8205667734146118,0.6999201774597168,0.9039927851103516,0.912786120253246,0.8395644559500193,0.97522717430463,0.5391704290022906,0.37301271735437536,11.343146324157715
88,train,1.931168704493004,0.06470299436334978,0.3401541084805262,0.3448984920978546,0.41912007331848145,0.3448984920978546,0.3546154499053955,0.2165944129228592,0.36534810282239016,0.36706756285705916,0.22479042036982405,0.916551610043035,0.14509571121661086,0.08020769640481734,11.337177276611328
88,val,0.43935895959536236,0.16019608347039474,0.8649059274059274,0.8688972592353821,0.860990047454834,0.8688972592353821,0.8638509511947632,0.7618020176887512,0.9210461588907755,0.9316249898168211,0.8720018629194504,0.9429185049872987,0.3483921687753629,0.2128537189977957,11.337177276611328
89,train,1.922253952319162,0.06449579606976426,0.3390648335323301,0.34453022480010986,0.4164449870586395,0.34453022480010986,0.3528844714164734,0.215314581990242,0.3484012290418409,0.3837618334211734,0.23744139167124276,0.9330859267919355,0.15903424627481302,0.08878083874528225,11.33127760887146
89,val,0.876937617858251,0.14690969366776316,0.7931721056721057,0.7966141700744629,0.8006718754768372,0.7966141700744629,0.7936742305755615,0.663216769695282,0.9269492498147683,0.9039737696885246,0.8247738546827948,0.9616186959401417,0.4372596774413912,0.28225692649656947,11.33127760887146
90,train,1.9319230407999273,0.06463291101288378,0.3397856689696247,0.3441234529018402,0.42120933532714844,0.3441234529018402,0.35461828112602234,0.21668711304664612,0.34282004112107956,0.38976740747493965,0.24205659193468282,0.938757806075104,0.1677139062147146,0.09418736231460066,11.329673767089844
90,val,0.8957878202199936,0.15306203741776317,0.8263888888888888,0.8353087306022644,0.8289850950241089,0.8353087306022644,0.8265936374664307,0.7098861932754517,0.9484299417881868,0.9306516442367282,0.8702979235623907,0.9649719964888762,0.4617517742580883,0.30252902095920126,11.329673767089844
91,train,1.9285318445741084,0.06455768785978619,0.3393902086848145,0.34548383951187134,0.41722947359085083,0.34548383951187134,0.35275810956954956,0.2152891755104065,0.351998504687596,0.3794909455166814,0.23418008717695363,0.9291803728068769,0.15736603884136507,0.08764830455371751,11.35643458366394
91,val,0.41490958134333294,0.15697985197368422,0.8475413475413476,0.8501108884811401,0.8440362811088562,0.8501108884811401,0.8452147245407104,0.7332413196563721,0.8382389112069867,0.8682433816983783,0.7671644030908927,0.9561313447496663,0.37584248906432904,0.2320779327698408,11.35643458366394
92,train,1.9269196123407597,0.06479267321134868,0.3406255646919547,0.3452983796596527,0.42354652285575867,0.3452983796596527,0.35547393560409546,0.21728989481925964,0.3609310287158886,0.3700757302911343,0.2270508779457343,0.9211942973888391,0.14661899604357978,0.08097672245181924,11.356205463409424
92,val,0.44819192091623944,0.16152600740131579,0.872086247086247,0.8758727312088013,0.8686555624008179,0.8758727312088013,0.8714679479598999,0.7733777761459351,0.888169221939093,0.9137531053740918,0.8412020500071119,0.9718996683755011,0.4972048556501741,0.33204300256501107,11.356205463409424
93,train,1.9258359323468124,0.06476659942091557,0.34048849055764685,0.3449367582798004,0.420707643032074,0.3449367582798004,0.3547893166542053,0.21668636798858643,0.35031299905230145,0.37999992389417636,0.23456784701895939,0.9288345604610694,0.15071952831660762,0.08337940076114536,11.314410209655762
93,val,0.5237479036053022,0.15570518092105262,0.8406593406593407,0.8449029922485352,0.846350371837616,0.8449029922485352,0.8428449034690857,0.7326735258102417,0.937771583175422,0.9393118123598398,0.8855682873947928,0.95891552879682,0.41832349247695816,0.26545511092948965,11.314410209655762
94,train,1.9263324929956804,0.06456036484032346,0.33940428200455863,0.34468498826026917,0.4187847971916199,0.34468498826026917,0.35343101620674133,0.2158316671848297,0.3381340731194532,0.3950539192456472,0.24614778654380373,0.9414754231769411,0.17165114784976007,0.09655747469655976,11.325013399124146
94,val,0.4274132773280144,0.15683465254934212,0.8467574092574093,0.8506847023963928,0.8482773303985596,0.8506847023963928,0.8475878238677979,0.737719714641571,0.8979257194384701,0.9139995777256463,0.8416199185423486,0.9607416788735496,0.41695845967549533,0.2646701493371259,11.325013399124146
95,train,1.923335201489298,0.0649700499417489,0.3415580628582012,0.34623217582702637,0.41771507263183594,0.34623217582702637,0.35475459694862366,0.2166701853275299,0.3557171105055416,0.3781339874102444,0.23314749221959985,0.9265454208640306,0.14790782497535257,0.08170527841877855,11.486915826797485
95,val,0.5723165174325308,0.15134020353618421,0.8170926295926296,0.8233912587165833,0.8180567026138306,0.8233912587165833,0.8183045983314514,0.6973183155059814,0.9421169139944723,0.9286031708861726,0.8667219791817267,0.9401619320822582,0.34039930942425434,0.2065977811639128,11.486915826797485
96,train,1.923925570856061,0.064691162109375,0.3400919044072571,0.3452746868133545,0.4333532154560089,0.3452746868133545,0.35678189992904663,0.2182772159576416,0.3549792918908699,0.37762412902994796,0.23275995527650656,0.9270928098442939,0.15706411141637464,0.08751625102652155,28.105631828308105
96,val,0.5060423091053963,0.15427631578947368,0.8329448329448329,0.8387496471405029,0.8477394580841064,0.8387496471405029,0.8369756937026978,0.7260656356811523,0.9277691235542118,0.9370264513405491,0.8815143725162564,0.9647567385717447,0.4557771929138638,0.29745588935307965,28.105631828308105
97,train,1.9268847905752953,0.06475305389939692,0.34041727955974155,0.3454509973526001,0.41776108741760254,0.3454509973526001,0.3539654016494751,0.21611514687538147,0.35453004233438085,0.37560014231863453,0.23122394814115682,0.9272447017199802,0.15029958093454843,0.08309149415046978,28.160781860351562
97,val,0.49542061736186344,0.15484811883223684,0.8360320235320235,0.8423432111740112,0.8357242345809937,0.8423432111740112,0.8366463780403137,0.7215133905410767,0.8835779289982096,0.9166064164393345,0.8460511854287596,0.9609647478374633,0.4155848397130038,0.26386281485183166,28.160781860351562
98,train,1.9297244009218717,0.06478239360608552,0.34057152314413724,0.345522403717041,0.4151875376701355,0.345522403717041,0.35423386096954346,0.21631556749343872,0.34731253668596973,0.38537584148314064,0.2386783608862554,0.9320777759215954,0.15442648747869753,0.08571872359470828,28.119974374771118
98,val,0.41553540776173276,0.1600830078125,0.8642954267954268,0.8718974590301514,0.8629097938537598,0.8718974590301514,0.865822434425354,0.7656868696212769,0.8949741739764737,0.9268520434029244,0.8636759237274596,0.9518677847724534,0.370557653693022,0.22802204830714065,28.119974374771118
99,train,1.9250229613822802,0.06456743206894189,0.33944143556868317,0.3451761305332184,0.42970240116119385,0.3451761305332184,0.3558177053928375,0.2175711840391159,0.36010467186745626,0.3718905359508932,0.22841863541627191,0.9209597403541637,0.15225258970657982,0.08462301747270314,27.6935031414032
99,val,0.739778478940328,0.14659488075657895,0.7914724164724165,0.804094672203064,0.8003193140029907,0.804094672203064,0.7971904277801514,0.6705529093742371,0.876772976960829,0.9052355306205354,0.8268769813648597,0.9646780831471725,0.43707824489771396,0.2808805959094319,27.6935031414032
100,train,1.9263967689714934,0.06454756887335526,0.3393370115361817,0.3454645276069641,0.41989630460739136,0.3454645276069641,0.3537765145301819,0.21601998805999756,0.3582060186323677,0.37654860961919634,0.23194326482078664,0.9226610685648257,0.14291509913235156,0.07864591402348312,26.686546325683594
100,val,0.49384259929259616,0.15603669819078947,0.8424492174492174,0.8443639278411865,0.8412271738052368,0.8443639278411865,0.8412883281707764,0.728568434715271,0.936131835696535,0.9134399950022072,0.8406714769541741,0.9475480942497607,0.3596087233633143,0.21988616589620466,26.686546325683594
101,train,1.9234080251894499,0.06496576677288926,0.34153554554661053,0.3458770513534546,0.4178085923194885,0.3458770513534546,0.3557678461074829,0.21741151809692383,0.34868323971233767,0.38290378656341945,0.23678479332658814,0.9313041820859311,0.150522067968547,0.0831448411741464,26.728819847106934
101,val,0.3790839451054732,0.16073190789473685,0.8677988677988678,0.8671748638153076,0.8668396472930908,0.8671748638153076,0.8661562204360962,0.7654491662979126,0.9564647044347326,0.9313056270627488,0.871442444161596,0.9364498683383043,0.3227239602374205,0.19280939102441252,26.728819847106934
102,train,1.9233592888765167,0.06463360702782346,0.3397893280327582,0.3452613353729248,0.4334579110145569,0.3452613353729248,0.3568207919597626,0.21837365627288818,0.3524411958563991,0.3817639278303912,0.23591362257507462,0.926069400184891,0.14187389378968146,0.077937060801321,26.744013786315918
102,val,0.4144822446008523,0.15891884251644736,0.8580100455100456,0.8649272918701172,0.8545874953269958,0.8649272918701172,0.8581087589263916,0.7534093856811523,0.9237517422309389,0.9360305674018671,0.8797532599352855,0.9526888529458164,0.3799004049864987,0.23519260191277444,26.744013786315918
103,train,1.919099191615456,0.06464950829221491,0.33987292355203835,0.3454287648200989,0.4254070222377777,0.3454287648200989,0.35534554719924927,0.21720173954963684,0.35408407197173486,0.379591573484844,0.23425673022477325,0.9269918876780389,0.1502257449156878,0.08315380479265913,26.755336046218872
103,val,1.4725529899199803,0.13852025082236843,0.7478771228771228,0.7605117559432983,0.7561794519424438,0.7605117559432983,0.7521425485610962,0.608070969581604,0.8024104287933078,0.8574557511117921,0.750479257725059,0.9757735842748682,0.5073636344547766,0.34325147495475283,26.755336046218872
104,train,1.922911929456811,0.0647576047663103,0.34044120420330654,0.34660425782203674,0.42302870750427246,0.34660425782203674,0.35476556420326233,0.21678364276885986,0.3524051247241263,0.38196907269645175,0.2360703200339115,0.9284062435751049,0.15207644124633823,0.08437043551752037,27.933085680007935
104,val,0.4075837917625904,0.15927605879934212,0.8599386724386724,0.8650047183036804,0.8607897758483887,0.8650047183036804,0.8614603281021118,0.7592084407806396,0.9102238255301219,0.9301663055876874,0.8694494478809073,0.9566050938196069,0.4022971705585809,0.2536815007315404,27.933085680007935
105,train,1.9312727900973536,0.06470026384320175,0.34013975369438715,0.344951868057251,0.41920650005340576,0.344951868057251,0.35411059856414795,0.21621811389923096,0.3607637898298964,0.3701326177854101,0.22709370587797703,0.917694894890896,0.13774413416372133,0.07546802314019252,28.018558025360107
105,val,0.42587212721506756,0.1617431640625,0.8732586857586857,0.8753174543380737,0.8730657696723938,0.8753174543380737,0.8726730346679688,0.7760544419288635,0.9283430351718223,0.9389667418279714,0.8849550605698436,0.900785173688477,0.24030306928991382,0.1373588709708486,28.018558025360107
106,train,1.9209457269886083,0.06516375625342653,0.34257640827488683,0.34709393978118896,0.4245774745941162,0.34709393978118896,0.3572818338871002,0.21856266260147095,0.35306096349272337,0.3790824540089089,0.23386905835050634,0.9259809527479409,0.15348296490814148,0.08567484558353085,28.06399893760681
106,val,0.4760981351137161,0.15374049136513157,0.8300518925518926,0.8373985290527344,0.8417378664016724,0.8373985290527344,0.8345284461975098,0.7199068069458008,0.896941870951138,0.906717495310646,0.829353346978372,0.8624676295687843,0.1761468231764077,0.09693863405196597,28.06399893760681
107,train,1.9233669931428474,0.06487276846902412,0.34104663841869926,0.3464932143688202,0.42731574177742004,0.3464932143688202,0.3559061288833618,0.21760401129722595,0.36661059245193955,0.3653400862051747,0.22349608578487762,0.9147131668892521,0.13987268115653517,0.07719172212847648,19.82520866394043
107,val,0.48532604177792865,0.15808876439144737,0.853528416028416,0.8514395356178284,0.857931911945343,0.8514395356178284,0.8523876667022705,0.744051992893219,0.9056325325892386,0.913798803735587,0.8412795125660005,0.8849156697589781,0.21839053030341715,0.12407236691318756,19.82520866394043
108,train,1.9313511821261624,0.06469051963404605,0.3400885268105185,0.34534674882888794,0.4119829535484314,0.34534674882888794,0.35297292470932007,0.2152908593416214,0.35331018222479027,0.3779667002209724,0.23302031247296068,0.9285079688355218,0.15212879791334358,0.0840902269960034,11.240681648254395
108,val,0.47766906892259914,0.15457827919407896,0.8345751470751471,0.8382808566093445,0.8277102708816528,0.8382808566093445,0.831383228302002,0.7135570049285889,0.8372550627196546,0.8556346828944451,0.7476936593932144,0.9520843142553405,0.35831288293036107,0.2193792828868968,11.240681648254395
109,train,1.9234656791937979,0.0649005555270011,0.3411927194776434,0.3466981053352356,0.4269776940345764,0.3466981053352356,0.35647010803222656,0.21810629963874817,0.34141654615628175,0.395140626113084,0.24621511306181518,0.9401041666665234,0.1683993408759656,0.09447279713401747,11.2731614112854
109,val,0.4474761138359706,0.15696186266447368,0.8474442224442225,0.8548496961593628,0.8490885496139526,0.8548496961593628,0.8495588302612305,0.7409926056861877,0.908830040173068,0.9067855486006579,0.8294672253810016,0.9210081554593073,0.2826087229455477,0.16627040883237534,11.2731614112854
110,train,1.9133326390333343,0.06478903251781798,0.3406064249771027,0.3462890088558197,0.4279235601425171,0.3462890088558197,0.35615694522857666,0.2178250551223755,0.3514705544788754,0.38133357030073933,0.2355850281672443,0.9309799997428698,0.15982456817447907,0.08908327344257227,24.602617263793945
110,val,0.410192359238863,0.15859503495065788,0.8562617937617938,0.8552799820899963,0.8586978316307068,0.8552799820899963,0.8549281358718872,0.7483897805213928,0.94490448470858,0.9264097052218212,0.8629080563036365,0.938836415608579,0.3313600559236693,0.19937615207287676,24.602617263793945
111,train,1.9184623118032489,0.06523271527206688,0.3429389369914958,0.3474402129650116,0.4380369782447815,0.3474402129650116,0.3603283166885376,0.22098352015018463,0.33794387987656005,0.39718577528837407,0.2478052510465725,0.9414049650491985,0.16393790900510738,0.09095915078783136,27.404795169830322
111,val,0.36904602373639744,0.15972322162828947,0.8623529248529248,0.8693804740905762,0.8583811521530151,0.8693804740905762,0.8621490597724915,0.7590265870094299,0.8470115602190317,0.8828782584787063,0.7903151774779755,0.9613520304360496,0.4129541981521116,0.2620778824381655,27.404795169830322
112,train,1.9221100878297237,0.0651880096970943,0.3427039125517687,0.34688180685043335,0.43270063400268555,0.34688180685043335,0.3593003451824188,0.22009003162384033,0.344079251556786,0.39145665349169356,0.24336096409237726,0.9373477333468969,0.1645719923528972,0.09200647636664014,26.120649814605713
112,val,0.5410506427288055,0.1590794613486842,0.8588772338772339,0.8621217012405396,0.8557004928588867,0.8621217012405396,0.8577629923820496,0.7525539398193359,0.9142412068533948,0.9239756340601649,0.8586939781296329,0.9501989455448684,0.3926194352374412,0.24987732748460065,26.120649814605713
113,train,1.9123936707513374,0.06535708778782895,0.3435927834268083,0.3476622700691223,0.43190985918045044,0.3476622700691223,0.35975709557533264,0.22044330835342407,0.35387748275962677,0.3792281219199679,0.23397995312421574,0.9286035370407021,0.1641554853033443,0.09194310272925472,11.283064365386963
113,val,0.38739250351985294,0.1593544407894737,0.8603618603618604,0.8639053702354431,0.8665556311607361,0.8639053702354431,0.8628109693527222,0.7610560655593872,0.9103878002780106,0.918672949413487,0.8495791889817523,0.9577318827309719,0.4020745093846267,0.2522133822672877,11.283064365386963
114,train,1.9263642737739965,0.0648601866604989,0.34098049381590184,0.3460574746131897,0.4281730651855469,0.3460574746131897,0.3569505214691162,0.21845798194408417,0.3651218384472241,0.36646896469383416,0.22434160288040103,0.9173989279226942,0.15313713176783567,0.08527149029175664,11.277204036712646
114,val,0.40326922138532,0.1591809724506579,0.8594252969252969,0.8644522428512573,0.8618686199188232,0.8644522428512573,0.8613796234130859,0.7595372200012207,0.9092399770427898,0.9323636925097013,0.8732971100079744,0.9596087137856593,0.4128610413440869,0.26093961732591303,11.277204036712646
115,train,1.9180090941880878,0.06498798571134869,0.3416523541004869,0.34692075848579407,0.43131762742996216,0.34692075848579407,0.35839277505874634,0.21950754523277283,0.35153941754957807,0.38319562129942086,0.23700803417064462,0.9281094199731312,0.14875144612059446,0.08193866784316954,26.052210807800293
115,val,1.6158474783102672,0.13910618832236843,0.751040626040626,0.768317461013794,0.7749667763710022,0.768317461013794,0.7581039667129517,0.6147452592849731,0.8550463228655775,0.8539960644392035,0.7451947123967523,0.9673064095631876,0.4521494408817129,0.2951997626845135,26.052210807800293
116,train,1.923124859625833,0.06474818179481907,0.3403916661178072,0.3462972939014435,0.43561482429504395,0.3462972939014435,0.3570616841316223,0.2186068892478943,0.35439231619297545,0.3776181699467323,0.23275542729151807,0.9261793170057531,0.15530772290311345,0.08637638615520117,27.925355672836304
116,val,0.3705673875908057,0.16027061060855263,0.8653083028083028,0.8669025301933289,0.8637968301773071,0.8669025301933289,0.8642706871032715,0.7621849775314331,0.8621792243987355,0.9064345077909123,0.8288799558596761,0.9673897879462792,0.451932682930781,0.29291006710364464,27.925355672836304
117,train,1.915145522669742,0.06543857507538377,0.3440211752798198,0.34826019406318665,0.42714640498161316,0.34826019406318665,0.359345406293869,0.22013437747955322,0.35060484730432717,0.3849328951496263,0.23833864247865594,0.930703574732588,0.1520027571556033,0.08391632766786193,27.19789457321167
117,val,0.6296916951735815,0.15600328947368422,0.8422688422688422,0.8561075925827026,0.843550980091095,0.8561075925827026,0.8447955846786499,0.7336974740028381,0.9053865704674056,0.9039783839973076,0.8247815370820637,0.9652115958076077,0.451519189056616,0.29351734503324234,27.19789457321167
118,train,1.9233830023230167,0.06500286972313596,0.34173060175826425,0.3466640114784241,0.42014381289482117,0.3466640114784241,0.3559723496437073,0.21759408712387085,0.34971946496672107,0.38391935787010417,0.2375620089680452,0.9309541401108782,0.15174948525442872,0.08390039270459808,26.63584542274475
118,val,0.5562688559293747,0.1526161595394737,0.823981573981574,0.8379212617874146,0.8232163190841675,0.8379212617874146,0.8263288736343384,0.7092189192771912,0.855866196605021,0.8946691756745776,0.8094130417920373,0.9386473156155546,0.30893321660873535,0.18338952505571304,26.63584542274475
119,train,1.924393621871346,0.0649964449698465,0.34169682579087834,0.3464236855506897,0.42664000391960144,0.3464236855506897,0.3576503396034241,0.21888598799705505,0.3509950713716425,0.3778387630652376,0.23292306620997102,0.9277512935168546,0.15175908780929115,0.08404371789735347,26.667273998260498
119,val,0.4521353418628375,0.15921438116776315,0.8596056721056721,0.8579165935516357,0.8600660562515259,0.8579165935516357,0.8579736948013306,0.7525798082351685,0.9180126260548347,0.9023653090999316,0.8220998531565182,0.9083362760996554,0.24924483465481695,0.14314730485501,26.667273998260498
120,train,1.9131145138489574,0.06502219752261514,0.34183221112681694,0.34754395484924316,0.42741096019744873,0.34754395484924316,0.35678502917289734,0.21829260885715485,0.3428429954779804,0.3920907507753846,0.24385129761235025,0.9357334070036946,0.1603168655876997,0.08920424921571209,26.62780737876892
120,val,0.4208542952934901,0.1579307154605263,0.8526751026751027,0.8599954843521118,0.8518319129943848,0.8599954843521118,0.8542674779891968,0.7475732564926147,0.8575879314578522,0.9003658224272028,0.8187866927586546,0.9637411208378349,0.4266887173343364,0.2721395745576446,26.62780737876892
