epoch,lr,acc_all,acc_no_bg,f1m,ioum,precm,recm,loss,d21_acc,d21_f1,d21_iou,val_d11_acc,val_d11_f1,val_d11_iou,val_d22_acc,val_d22_f1,val_d22_iou
1,0.00019996641784760462,0.6436767578125,0.6902750134468079,0.3847917914390564,0.24363870918750763,0.27033013105392456,0.6772367358207703,1.2708163658777873,0.9705039858818054,0.48631593585014343,0.3212796747684479,0.9674277901649475,0.4543556272983551,0.29395872354507446,0.9793199896812439,0.41722190380096436,0.26360100507736206
2,0.00019986569440594827,0.8535721898078918,0.7608849406242371,0.5982383489608765,0.42941027879714966,0.5006555914878845,0.7603325247764587,0.40961940089861554,0.9889507293701172,0.6917589902877808,0.5287702679634094,0.9859773516654968,0.6459002494812012,0.4769960641860962,0.9898501634597778,0.602085530757904,0.43070271611213684
3,0.0001996978987058466,0.6121620535850525,0.7945318818092346,0.4284539818763733,0.27886101603507996,0.3077787160873413,0.7834082841873169,1.2790045241514842,0.940341055393219,0.3165270686149597,0.18802028894424438,0.9385318160057068,0.30304354429244995,0.1785806268453598,0.9735068678855896,0.3799843490123749,0.23455598950386047
4,0.00019946314574609083,0.7406365871429443,0.8112859129905701,0.5299733877182007,0.36693274974823,0.4194267988204956,0.810641348361969,0.8466532727082571,0.9787507653236389,0.5515146255493164,0.38075268268585205,0.964680552482605,0.43994373083114624,0.28200507164001465,0.9838777184486389,0.5108572840690613,0.3430546224117279
5,0.00019916159641463347,0.8127068877220154,0.7004037499427795,0.570842981338501,0.41129234433174133,0.5353524684906006,0.7266513705253601,0.5763648351033529,0.9915205836296082,0.7381452918052673,0.5849685668945312,0.9922311902046204,0.7332568764686584,0.5788520574569702,0.9906840920448303,0.6130856871604919,0.44205018877983093
6,0.00019879345737832356,0.8952456712722778,0.8047924041748047,0.6841900944709778,0.5219368934631348,0.6055929064750671,0.8093565702438354,0.30256133278210956,0.9906044602394104,0.7323376536369324,0.5777071714401245,0.9926038384437561,0.7730283737182617,0.630029559135437,0.9913098812103271,0.6575869917869568,0.4898544251918793
7,0.00019835898094126763,0.8354440927505493,0.8323967456817627,0.6230323314666748,0.4589589834213257,0.5124956369400024,0.8297241926193237,0.48641890784104663,0.9889366030693054,0.7163471579551697,0.5580536127090454,0.9896034598350525,0.7206628918647766,0.5633096098899841,0.9929726123809814,0.6827910542488098,0.5183619260787964
8,0.00019785846487191302,0.868049681186676,0.8429001569747925,0.6589882969856262,0.4948078691959381,0.5468957424163818,0.8452607989311218,0.3924723267555237,0.9903936982154846,0.7370753288269043,0.5836257338523865,0.9907124042510986,0.7392873167991638,0.5864042043685913,0.990551769733429,0.6397531032562256,0.47032126784324646
9,0.00019729225219897235,0.7872841358184814,0.7657065391540527,0.5338509678840637,0.37294232845306396,0.43696779012680054,0.747668445110321,0.6730204423268636,0.9608809351921082,0.42800238728523254,0.27226656675338745,0.9599364995956421,0.4171822667121887,0.2635693848133087,0.9866943359375,0.5101471543312073,0.3424144387245178
10,0.00019666073097632873,0.8938245177268982,0.8043553829193115,0.6812611222267151,0.5203264355659485,0.5998543500900269,0.8145864009857178,0.3118625084559123,0.9922825694084167,0.782800555229187,0.6431160569190979,0.9934210777282715,0.7921403646469116,0.6558214426040649,0.9934711456298828,0.721023440361023,0.5637503266334534
11,0.00019596433401708298,0.62626051902771,0.8441072702407837,0.4885222315788269,0.33282670378685,0.3569168448448181,0.8345503211021423,1.1606346766153972,0.9769942164421082,0.5545603632926941,0.38366207480430603,0.9615388512611389,0.4254011809825897,0.27016481757164,0.9908588528633118,0.6271879076957703,0.4568636417388916
12,0.0001952035385969251,0.8559814691543579,0.7964327335357666,0.6152499914169312,0.4561880826950073,0.5219763517379761,0.7868144512176514,0.4496823052565257,0.9908202886581421,0.747989296913147,0.597430408000946,0.9867482781410217,0.6832130551338196,0.5188485383987427,0.9925960898399353,0.6977232694625854,0.5357718467712402
13,0.00019437886612703355,0.8403410315513611,0.839722752571106,0.6570433378219604,0.500105082988739,0.5647364258766174,0.8421037793159485,0.49088028570016223,0.9926899075508118,0.784711480140686,0.645699679851532,0.9921348094940186,0.767094075679779,0.6221837997436523,0.9930253028869629,0.703776478767395,0.5429437756538391
14,0.00019349088179672583,0.8915733098983765,0.8644341826438904,0.7191851735115051,0.567487359046936,0.6273102760314941,0.8713932037353516,0.3107234388589859,0.991732656955719,0.7704765796661377,0.6266465783119202,0.9912648797035217,0.7629706859588623,0.6167765855789185,0.9924380779266357,0.7047609686851501,0.5441164970397949
15,0.00019254019418610616,0.9010947942733765,0.8716075420379639,0.7365607023239136,0.5903124213218689,0.6506403684616089,0.8757866621017456,0.28539658337831497,0.9936266541481018,0.8029556274414062,0.6707819104194641,0.9949706792831421,0.8387840986251831,0.7223325967788696,0.9923712611198425,0.7016132473945618,0.5403731465339661
16,0.00019152745484897493,0.8420538902282715,0.8807165026664734,0.6513517498970032,0.48836785554885864,0.5297300815582275,0.881026029586792,0.48738352457682294,0.9875462651252747,0.6928829550743103,0.5300848484039307,0.990039050579071,0.7305526733398438,0.5754887461662292,0.9883262515068054,0.6084557771682739,0.4372522234916687
17,0.0001904533578662864,0.8950992226600647,0.8498307466506958,0.7058601975440979,0.5502527952194214,0.610275149345398,0.8487761616706848,0.32943233599265415,0.993293821811676,0.7983774542808533,0.6644161343574524,0.9914768934249878,0.75666743516922,0.6085801720619202,0.9939633011817932,0.7402410507202148,0.587605357170105
18,0.0001893186393704601,0.8848902583122253,0.8522935509681702,0.690778374671936,0.5342183113098145,0.5987097024917603,0.8425253629684448,0.3616814787189166,0.9928235411643982,0.7986589670181274,0.6648061275482178,0.993571400642395,0.8045168519020081,0.6729637980461121,0.9926475286483765,0.7132117748260498,0.5542572140693665
19,0.00018812407704087267,0.868075430393219,0.8616522550582886,0.6822062134742737,0.5243149399757385,0.5832757353782654,0.8654266595840454,0.37200110654036206,0.9921116828918457,0.773727536201477,0.6309587955474854,0.9873843789100647,0.6881193518638611,0.5245290398597717,0.9945544004440308,0.7574682831764221,0.6096168160438538
20,0.00018687048957087508,0.8928017020225525,0.8799048066139221,0.7184165120124817,0.5637178421020508,0.614811360836029,0.8754369616508484,0.3244961127638817,0.9926462173461914,0.7921554446220398,0.6558421850204468,0.9887181520462036,0.7187520265579224,0.5609780550003052,0.9943243861198425,0.7424339652061462,0.5903737545013428
21,0.0001855587361067011,0.9023655652999878,0.8726967573165894,0.7365372776985168,0.5893161296844482,0.6548892855644226,0.8759567141532898,0.28591764469941455,0.9941341876983643,0.8239423036575317,0.700596809387207,0.9941547513008118,0.8185263276100159,0.6928011775016785,0.9931897521018982,0.7282329797744751,0.5726150870323181
22,0.0001841897156586516,0.9077945351600647,0.8676046133041382,0.7369746565818787,0.585565447807312,0.649946928024292,0.8618350028991699,0.28544867783784866,0.9908922910690308,0.763717532157898,0.6177533268928528,0.9903063178062439,0.7491520643234253,0.5989153981208801,0.9936805963516235,0.7353636622428894,0.5814824104309082
23,0.0001827643664849576,0.9161466956138611,0.8612984418869019,0.7462859749794006,0.5995640158653259,0.6714881062507629,0.8649232387542725,0.25340912242730457,0.9935598373413086,0.8051321506500244,0.6738253235816956,0.9948447942733765,0.8375313878059387,0.7204765677452087,0.9925639629364014,0.6570667028427124,0.4892772138118744
24,0.0001812836654487449,0.8469520807266235,0.8946053981781006,0.673721432685852,0.5153329968452454,0.5538049936294556,0.8879039287567139,0.4751945684353511,0.9871697425842285,0.6975617408752441,0.5355814099311829,0.9850611686706543,0.660653829574585,0.49326592683792114,0.9923378229141235,0.7018648982048035,0.540671706199646
25,0.0001797486273485411,0.8785092234611511,0.8960414528846741,0.7134917378425598,0.5618314743041992,0.6062978506088257,0.8910435438156128,0.362827201684316,0.9905067682266235,0.758151113986969,0.6105018854141235,0.9938206672668457,0.8117144703865051,0.6830971837043762,0.9931049346923828,0.7271432876586914,0.5712687969207764
26,0.0001781603042227832,0.8416246771812439,0.8800296783447266,0.6500533223152161,0.48668864369392395,0.5237295031547546,0.8694736361503601,0.5199609398841858,0.984790027141571,0.6597683429718018,0.4922793209552765,0.9867329001426697,0.6827274560928345,0.5182886719703674,0.988330066204071,0.6065673232078552,0.4353043735027313
27,0.0001765197846288031,0.8955823183059692,0.7471694946289062,0.677712619304657,0.5278089642524719,0.6598100066184998,0.7874133586883545,0.30987584094206494,0.9945787787437439,0.8303918838500977,0.7099745869636536,0.9952521324157715,0.8376894593238831,0.7207105159759521,0.9925023317337036,0.6997066140174866,0.5381144881248474
28,0.0001748281928967847,0.9030646085739136,0.8915945291519165,0.7366898655891418,0.5858181715011597,0.6334425210952759,0.8945296406745911,0.3231011281410853,0.9914255142211914,0.7705848217010498,0.6267896890640259,0.9939003586769104,0.817752480506897,0.6916931867599487,0.9932193160057068,0.7169142961502075,0.558742344379425
29,0.00017308668835920425,0.9296810626983643,0.8823329210281372,0.7906429767608643,0.6577164530754089,0.7271856665611267,0.8806166648864746,0.2107176035642624,0.995442271232605,0.8594189882278442,0.7534922361373901,0.9951698780059814,0.8516632914543152,0.7416495084762573,0.9956491589546204,0.8057595491409302,0.6747046113014221
30,0.00017129646455628172,0.9010254144668579,0.8927461504936218,0.7369598746299744,0.586887001991272,0.635543167591095,0.8924815654754639,0.3258068213860194,0.9929520487785339,0.8003057837486267,0.6670915484428406,0.9943153858184814,0.8260595798492432,0.7036640048027039,0.9921965003013611,0.7050366997718811,0.544445276260376
31,0.00016945874841798795,0.917065441608429,0.8949592113494873,0.7693289518356323,0.6268134117126465,0.6808996796607971,0.8893855214118958,0.2570445289214452,0.9937114715576172,0.8197421431541443,0.6945449709892273,0.9908768534660339,0.7595991492271423,0.6123819351196289,0.9955386519432068,0.7973619699478149,0.6630107760429382
32,0.00016757479942316816,0.9196648597717285,0.8443223237991333,0.7471622228622437,0.5992595553398132,0.6699796915054321,0.8570845127105713,0.2552441234389941,0.9941945672035217,0.8313801288604736,0.7114205360412598,0.99320387840271,0.8092473745346069,0.6796098947525024,0.9957442283630371,0.7993214130401611,0.6657246947288513
33,0.00016564590873635804,0.9045050144195557,0.9042485356330872,0.7522523403167725,0.6075822710990906,0.6523065567016602,0.9069622159004211,0.3127123564481735,0.9928607940673828,0.8001006841659546,0.6668065786361694,0.9916208386421204,0.773662805557251,0.6308728456497192,0.9939119219779968,0.7512338161468506,0.6015809178352356
34,0.00016367339832288412,0.9140264987945557,0.8936966061592102,0.7610610723495483,0.6161611080169678,0.668968915939331,0.8863463401794434,0.28358598053455353,0.9923070073127747,0.7914881706237793,0.6549279689788818,0.9920975565910339,0.784934937953949,0.6460024118423462,0.9942498207092285,0.761574923992157,0.61495441198349
35,0.00016165862004285467,0.9466835260391235,0.8820554614067078,0.8229164481163025,0.7002589106559753,0.7760507464408875,0.8818894028663635,0.15361668914556503,0.9952906370162964,0.8580392599105835,0.7513737082481384,0.9951030611991882,0.8542025685310364,0.7455092072486877,0.995883047580719,0.8142393827438354,0.6866810321807861
36,0.00015960295472466243,0.9176809191703796,0.8922674655914307,0.7649624943733215,0.6215407848358154,0.6749647855758667,0.8949653506278992,0.2771685520807902,0.9936484694480896,0.8172710537910461,0.6910045742988586,0.993855357170105,0.8215005397796631,0.6970733404159546,0.994555652141571,0.7600929141044617,0.6130239963531494
37,0.00015750781121863367,0.9185752272605896,0.8866480588912964,0.7759285569190979,0.6397873163223267,0.7043018937110901,0.888534426689148,0.2509986211856206,0.9931948781013489,0.8097700476646423,0.6803476810455322,0.9934146404266357,0.8120439052581787,0.6835638284683228,0.994758665561676,0.7785438299179077,0.6373900175094604
38,0.0001553746254314727,0.891154408454895,0.9013000726699829,0.7265983819961548,0.573384165763855,0.6153895854949951,0.9003543853759766,0.3572077800830205,0.987922728061676,0.710345447063446,0.5508028864860535,0.9823537468910217,0.6241344213485718,0.45363038778305054,0.9931910634040833,0.7196444869041443,0.5620661377906799
39,0.000153204859342163,0.9343479871749878,0.9014804363250732,0.8011524081230164,0.6699188947677612,0.724991500377655,0.9023907780647278,0.19908579935630163,0.9952662587165833,0.8543067574501038,0.7456679344177246,0.9939619898796082,0.8255170583724976,0.7028770446777344,0.9952418208122253,0.7885811924934387,0.6509567499160767
40,0.000151,0.9134971499443054,0.9038392305374146,0.761949360370636,0.6178207397460938,0.6616234183311462,0.9099549055099487,0.27877798676490784,0.9932720065116882,0.8089190721511841,0.6791470050811768,0.9937152862548828,0.8177787661552429,0.6917307376861572,0.9935957789421082,0.7411984801292419,0.5888128280639648
41,0.00014876155850544165,0.8992791175842285,0.9029859304428101,0.7383754253387451,0.5877764821052551,0.6322720646858215,0.9045993089675903,0.33157338201999664,0.9932501316070557,0.8082916140556335,0.6782630085945129,0.9900326132774353,0.7427111864089966,0.5907244086265564,0.9950464963912964,0.7697545289993286,0.625691831111908
42,0.00014649106897447558,0.903572142124176,0.9140720367431641,0.7517980337142944,0.604181706905365,0.6433219909667969,0.914080798625946,0.30382058024406433,0.9884058833122253,0.7216755747795105,0.5645480155944824,0.9906211495399475,0.7537864446640015,0.6048614382743835,0.9939170479774475,0.7481914162635803,0.5976884365081787
43,0.00014419008748721294,0.9355558753013611,0.9072039127349854,0.8076246380805969,0.6792187094688416,0.7309979200363159,0.9073145985603333,0.1954875042041143,0.9949167370796204,0.8490191102027893,0.7376483678817749,0.9944040179252625,0.8367508053779602,0.7193219661712646,0.9957506656646729,0.8107365369796753,0.6817131638526917
44,0.00014186019102142844,0.8736623525619507,0.9128788113594055,0.7015749216079712,0.5425273776054382,0.5727765560150146,0.9136980772018433,0.43046335379282635,0.9873522520065308,0.7000091671943665,0.5384723544120789,0.9894004464149475,0.7297271490097046,0.5744647979736328,0.9922325015068054,0.6996572017669678,0.538055956363678
45,0.00013950297637177882,0.891194224357605,0.9134753942489624,0.7301457524299622,0.5777863264083862,0.6136450171470642,0.915055513381958,0.35568638145923615,0.9890072345733643,0.729896068572998,0.5746743679046631,0.9921875,0.7829346060752869,0.6432971358299255,0.9894543886184692,0.6464481353759766,0.47759389877319336
46,0.00013712005905543945,0.842204213142395,0.9024725556373596,0.6737334728240967,0.5155255794525146,0.5560790300369263,0.9009405970573425,0.5199828445911407,0.9778705835342407,0.5758128762245178,0.40430977940559387,0.9800318479537964,0.5965103507041931,0.42501941323280334,0.988070547580719,0.6031800508499146,0.4318237602710724
47,0.00013471307220490954,0.8917428851127625,0.9010226130485535,0.7327732443809509,0.5849060416221619,0.6232379078865051,0.8975912928581238,0.3629859040180842,0.9936317801475525,0.820499837398529,0.6956334710121155,0.9946751594543457,0.841553807258606,0.7264505624771118,0.9928954839706421,0.7287445664405823,0.5732479095458984
48,0.00013228366544874485,0.9072085618972778,0.9096390008926392,0.7566226124763489,0.6125075817108154,0.6554520130157471,0.9085444211959839,0.29951587816079456,0.9933760762214661,0.8130688071250916,0.6850177049636841,0.9919061064720154,0.7826206684112549,0.6428733468055725,0.9947612285614014,0.7692046761512756,0.624965488910675
49,0.00012983350378098445,0.9381720423698425,0.8935786485671997,0.8091610670089722,0.6806917786598206,0.7426144480705261,0.894921064376831,0.18506251027186713,0.9940275549888611,0.8308957815170288,0.7107114195823669,0.9932796955108643,0.8132409453392029,0.6852620840072632,0.9961888194084167,0.8225226998329163,0.6985465884208679
50,0.00012736426642004703,0.9439093470573425,0.8752497434616089,0.8161901831626892,0.6919006705284119,0.7726575136184692,0.8735733032226562,0.1929438884059588,0.9956594109535217,0.8642500638961792,0.7609511017799377,0.9957879185676575,0.8687119483947754,0.7678963541984558,0.9963610172271729,0.8255728483200073,0.702957808971405
51,0.00012487764565787874,0.9082172513008118,0.9069333672523499,0.7621039748191833,0.6213051080703735,0.666150689125061,0.9066435098648071,0.28966179490089417,0.9934608936309814,0.8173825740814209,0.691163957118988,0.9932090640068054,0.8085630536079407,0.6786452531814575,0.9942498207092285,0.7663062810897827,0.6211479902267456
52,0.0001223753457001404,0.8773450255393982,0.9116092324256897,0.7114346027374268,0.5565699934959412,0.5901467800140381,0.9130915403366089,0.4021545847256978,0.9929983019828796,0.8016164898872375,0.668914794921875,0.9929250478744507,0.8005794882774353,0.6674719452857971,0.9919626116752625,0.6962264776229858,0.534008800983429
53,0.00011985908149823045,0.938191294670105,0.8925310969352722,0.8039537072181702,0.6740681529045105,0.7350713014602661,0.8968560695648193,0.19590630879004797,0.9952855110168457,0.8591175675392151,0.7530291080474854,0.99552321434021,0.8636506199836731,0.7600220441818237,0.995816171169281,0.805820643901825,0.6747902631759644
54,0.00011733057757394263,0.9038522839546204,0.914467453956604,0.7483037114143372,0.5996511578559875,0.6360505223274231,0.9152780771255493,0.31372998158137005,0.9915052056312561,0.7741913199424744,0.6315760016441345,0.9907252192497253,0.7567568421363831,0.6086956262588501,0.9931448101997375,0.7285954356193542,0.5730633735656738
55,0.00011479156683756505,0.9164807796478271,0.8863775134086609,0.7701966762542725,0.6329697370529175,0.6940518021583557,0.8897178173065186,0.26109803716341656,0.9941419363021851,0.8310918807983398,0.7109984159469604,0.9936433434486389,0.8181985020637512,0.6923316121101379,0.995002806186676,0.7804437875747681,0.6399407386779785
56,0.00011224378940023004,0.8662559390068054,0.9182415008544922,0.6927961707115173,0.5313383340835571,0.5577277541160583,0.9184170365333557,0.46073973178863525,0.9889018535614014,0.7269623279571533,0.571045458316803,0.9887464046478271,0.7181748151779175,0.560275137424469,0.9916670918464661,0.6895791888237,0.5262273550033569
57,0.0001096889913813288,0.9413265585899353,0.9053862690925598,0.8189527988433838,0.6948398947715759,0.7490362524986267,0.9058963656425476,0.1818771113952001,0.9955990314483643,0.866351842880249,0.764215886592865,0.9953240752220154,0.8582115769386292,0.7516379952430725,0.9957557916641235,0.8143234848976135,0.6868006587028503
58,0.00010712892371180848,0.9316676259040833,0.895167350769043,0.7899475693702698,0.6554157137870789,0.7138684391975403,0.896416187286377,0.23141608635584512,0.9952020049095154,0.8515071868896484,0.7414127588272095,0.9951531887054443,0.8527597188949585,0.7433140277862549,0.9945003986358643,0.7354105114936829,0.5815408825874329
59,0.00010456534093417156,0.9245669841766357,0.9147171974182129,0.7868186831474304,0.6499893069267273,0.6924551725387573,0.9148399233818054,0.24188056588172913,0.9927978515625,0.8015859127044678,0.6688722372055054,0.9926963448524475,0.7977080345153809,0.6634894609451294,0.9939478635787964,0.7544317245483398,0.6056927442550659
60,0.00010200000000000001,0.9142873883247375,0.9144327640533447,0.7665874361991882,0.6228668689727783,0.6620568037033081,0.9146096706390381,0.3016177366177241,0.9925729632377625,0.7973920702934265,0.6630523204803467,0.9934994578361511,0.8141645193099976,0.6865745782852173,0.9930304288864136,0.7273275256156921,0.571496307849884
61,9.943465906582844e-05,0.9180843830108643,0.914363443851471,0.7763392329216003,0.6372597813606262,0.6790888905525208,0.916924774646759,0.27361718316872913,0.9932951331138611,0.8142531514167786,0.686700701713562,0.9934262037277222,0.8142204284667969,0.6866540312767029,0.9943128228187561,0.7649245262145996,0.6193342804908752
62,9.687107628819152e-05,0.9374318718910217,0.9058302640914917,0.809192955493927,0.6802666187286377,0.7336724996566772,0.9049575328826904,0.20626774181922278,0.9948846101760864,0.8484986424446106,0.7368629574775696,0.9940391182899475,0.8289012312889099,0.7077979445457458,0.9957185387611389,0.8041152954101562,0.6724019050598145
63,9.43110086186712e-05,0.9213301539421082,0.9144119620323181,0.7834859490394592,0.6462657451629639,0.6881967782974243,0.9109280705451965,0.2551597033937772,0.9937975406646729,0.8256456851959229,0.7030634880065918,0.9935032725334167,0.8172882199287415,0.6910290718078613,0.994953989982605,0.7838864326477051,0.6445832252502441
64,9.175621059976997e-05,0.9141293168067932,0.9021048545837402,0.7683597803115845,0.6292123198509216,0.6773812770843506,0.9056046009063721,0.29790180921554565,0.9934698939323425,0.8166401982307434,0.6901030540466309,0.9935816526412964,0.81648850440979,0.6898863911628723,0.9942176938056946,0.7623574733734131,0.6159754395484924
65,8.920843316243496e-05,0.9181537628173828,0.9163544774055481,0.7761312127113342,0.6361919641494751,0.6759551167488098,0.9161390066146851,0.278001606464386,0.9940146803855896,0.8288758397102356,0.7077608108520508,0.9931473731994629,0.8084479570388794,0.6784831285476685,0.9954667091369629,0.7982155084609985,0.6641919016838074
66,8.666942242605737e-05,0.9241429567337036,0.9053585529327393,0.7823818325996399,0.6437207460403442,0.6906972527503967,0.9037826061248779,0.2624890257914861,0.9934647679328918,0.8189648985862732,0.6934297680854797,0.9932925701141357,0.8116204142570496,0.6829638481140137,0.9949385523796082,0.7849538922309875,0.6460280418395996
67,8.414091850176956e-05,0.9167596101760864,0.9134823679924011,0.7716642022132874,0.6299540400505066,0.6698724627494812,0.914524257183075,0.28584668040275574,0.9933902025222778,0.816429853439331,0.6898028254508972,0.9934068918228149,0.8135470151901245,0.6856967806816101,0.9946391582489014,0.7731621861457825,0.6302074193954468
68,8.162465429985958e-05,0.9173892140388489,0.9157231450080872,0.7737388014793396,0.6317245364189148,0.6713417768478394,0.9153094291687012,0.27486519515514374,0.9921861886978149,0.7907072305679321,0.6538593173027039,0.992961049079895,0.8037403225898743,0.6718778014183044,0.9946057796478271,0.7724415063858032,0.6292502284049988
69,7.912235434212127e-05,0.9174997210502625,0.9182206392288208,0.7773193120956421,0.6382780075073242,0.6771466135978699,0.9186655282974243,0.2791590467095375,0.9930959343910217,0.8097042441368103,0.6802546977996826,0.9931036829948425,0.8064202070236206,0.675631582736969,0.9941945672035217,0.7645403742790222,0.618830680847168
70,7.663573357995297e-05,0.9356907606124878,0.9071137309074402,0.805203378200531,0.6752132773399353,0.7256982326507568,0.9084234833717346,0.2164485603570938,0.99446702003479,0.8397588729858398,0.723779559135437,0.994743287563324,0.8451023697853088,0.7317553162574768,0.9948576092720032,0.783839225769043,0.6445194482803345
71,7.416649621901557e-05,0.928596556186676,0.9084596037864685,0.7919390797615051,0.6573905348777771,0.7034156322479248,0.9075619578361511,0.2519468938310941,0.9943526387214661,0.8387214541435242,0.7222397923469543,0.9944310188293457,0.8379813432693481,0.7211427092552185,0.9951416254043579,0.7898860573768616,0.6527369618415833
72,7.171633455125515e-05,0.9147435426712036,0.9158965945243835,0.7700417637825012,0.6284061670303345,0.6678319573402405,0.9176077842712402,0.2808779254555702,0.992838978767395,0.8058661818504333,0.6748541593551636,0.9933105707168579,0.8110756278038025,0.6821928024291992,0.9945376515388489,0.771660327911377,0.6282141208648682
73,6.928692779509044e-05,0.9053531289100647,0.915868878364563,0.753741979598999,0.6058440208435059,0.6426397562026978,0.9157653450965881,0.31311771273612976,0.991406261920929,0.7725943922996521,0.629453182220459,0.9891473054885864,0.7289125919342041,0.5734558701515198,0.9934428930282593,0.737053632736206,0.5835985541343689
74,6.687994094456056e-05,0.9343274831771851,0.9132187366485596,0.8061124682426453,0.6763672232627869,0.7224764227867126,0.9127410054206848,0.2219174007574717,0.9947072863578796,0.8470649719238281,0.7347030639648438,0.9948062300682068,0.8469866514205933,0.7345853447914124,0.99532151222229,0.7984277009963989,0.6644858121871948
75,6.449702362822118e-05,0.9307501316070557,0.9147657752037048,0.7995463013648987,0.6677595376968384,0.7123240232467651,0.9151759147644043,0.2309448445836703,0.9941200613975525,0.8326874375343323,0.7133370637893677,0.9950593709945679,0.8515042662620544,0.7414082884788513,0.994547963142395,0.7747995853424072,0.6323860883712769
76,6.213980897857157e-05,0.9302310347557068,0.9081335067749023,0.7967163324356079,0.6639631986618042,0.71368807554245,0.9071733355522156,0.24152861287196478,0.9941637516021729,0.8343424201011658,0.7157697081565857,0.9937075972557068,0.8213751912117004,0.6968927979469299,0.9954988360404968,0.8021462559700012,0.6696529388427734
77,5.9809912512787076e-05,0.9217079281806946,0.9093753695487976,0.779975175857544,0.6417518854141235,0.6862112283706665,0.9116135239601135,0.26401151220003766,0.9944027662277222,0.8384273052215576,0.7218035459518433,0.9946353435516357,0.841562032699585,0.7264626622200012,0.9950079917907715,0.7844899296760559,0.645399808883667
78,5.7508931025524395e-05,0.9347964525222778,0.9156954288482666,0.8076776266098022,0.6784828305244446,0.724293053150177,0.9153806567192078,0.21826110780239105,0.9947368502616882,0.8473692536354065,0.7351610064506531,0.9943706393241882,0.8370466828346252,0.719759464263916,0.9957841038703918,0.8118368983268738,0.6832705736160278
79,5.523844149455835e-05,0.9163522720336914,0.9160353541374207,0.775134265422821,0.635138988494873,0.6751476526260376,0.9159411191940308,0.28185786803563434,0.9921168088912964,0.7908499240875244,0.6540543437004089,0.9930921196937561,0.8073394298553467,0.6769230961799622,0.9944117665290833,0.7679171562194824,0.6232674717903137
80,5.3e-05,0.938240110874176,0.9061701893806458,0.8112317323684692,0.6837165355682373,0.7363502383232117,0.9062438607215881,0.21069600184758505,0.9954397082328796,0.8615241050720215,0.7567345499992371,0.9950195550918579,0.852027177810669,0.7422015070915222,0.9956183433532715,0.8024791479110718,0.6701170802116394
81,5.0795140657837e-05,0.9254921078681946,0.9175893664360046,0.7903208136558533,0.6549540758132935,0.6959627866744995,0.9175163507461548,0.253872811794281,0.9943757653236389,0.8380987644195557,0.7213166952133179,0.9941688776016235,0.8312258124351501,0.7111945748329163,0.9949257373809814,0.7842429876327515,0.6450656056404114
82,4.862537456852736e-05,0.9112188816070557,0.9196358919143677,0.7653098702430725,0.6221144199371338,0.6581413149833679,0.9211870431900024,0.29513699809710187,0.9926963448524475,0.8016194105148315,0.6689189076423645,0.9921708106994629,0.7874855995178223,0.6494649648666382,0.9938823580741882,0.7532010078430176,0.6041077375411987
83,4.649218878136635e-05,0.9305792450904846,0.9161741137504578,0.8010872602462769,0.6699280142784119,0.7136536240577698,0.9171137809753418,0.2299212614695231,0.9941650629043579,0.8350825905799866,0.7168599367141724,0.993937611579895,0.8266078233718872,0.7044600248336792,0.9956517219543457,0.8093090653419495,0.6796970963478088
84,4.439704527533763e-05,0.91683030128479,0.9170690178871155,0.7738966345787048,0.632199764251709,0.6713500618934631,0.915084183216095,0.28668801734844845,0.9920178651809692,0.7884052395820618,0.6507169008255005,0.9921528100967407,0.7864162921905518,0.6480115056037903,0.9941290616989136,0.7589045763015747,0.6114795804023743
85,4.2341379957145364e-05,0.9415578842163086,0.9114635586738586,0.820087730884552,0.6961255669593811,0.7463251352310181,0.9125827550888062,0.18741479267676672,0.9951056241989136,0.8543793559074402,0.7457785606384277,0.9952238202095032,0.8567243218421936,0.7493594288825989,0.9951544404029846,0.7941257357597351,0.6585476398468018
86,4.032660167711594e-05,0.9367932677268982,0.9130383729934692,0.8109614849090576,0.6829516887664795,0.7302976250648499,0.9136549234390259,0.21852591385444006,0.9940134286880493,0.8318597078323364,0.7121230959892273,0.994213879108429,0.8329437971115112,0.713713526725769,0.9955386519432068,0.805533766746521,0.67438805103302
87,3.835409126364201e-05,0.920931875705719,0.9157093167304993,0.7807871699333191,0.6414018869400024,0.6816130876541138,0.9167065620422363,0.26473336666822433,0.9929996132850647,0.8073822855949402,0.6769832968711853,0.9926475286483765,0.7965149283409119,0.6618403196334839,0.9945582151412964,0.773226261138916,0.6302924752235413
88,3.642520057683192e-05,0.9307565689086914,0.914710283279419,0.8006431460380554,0.6685258746147156,0.7131164073944092,0.9146202206611633,0.23806913693745932,0.9933105707168579,0.8161852359771729,0.6894536018371582,0.9937538504600525,0.8219479322433472,0.6977177858352661,0.9952675104141235,0.7968000173568726,0.6622340679168701
89,3.454125158201209e-05,0.9361790418624878,0.9134823679924011,0.8096923232078552,0.6810371279716492,0.7281388640403748,0.9127712249755859,0.2192701722184817,0.9941830039024353,0.83514803647995,0.716956377029419,0.994743287563324,0.844560980796814,0.7309437394142151,0.9949951171875,0.7897436022758484,0.6525423526763916
90,3.2703535443718344e-05,0.93412184715271,0.9121156334877014,0.8041166663169861,0.6733686327934265,0.7200247049331665,0.913364589214325,0.22529681523640951,0.9941830039024353,0.833351731300354,0.714312732219696,0.9941431879997253,0.830482006072998,0.7101061940193176,0.9947946667671204,0.7816761136054993,0.6415995955467224
91,3.0913311640795804e-05,0.9218916893005371,0.9187895655632019,0.7844870090484619,0.6469154357910156,0.6861581206321716,0.9198243021965027,0.2645632748802503,0.9932630062103271,0.8141505122184753,0.6865546703338623,0.9935547113418579,0.8175070881843567,0.6913420557975769,0.99466872215271,0.7777836918830872,0.6363716125488281
92,2.917180710321538e-05,0.9275416135787964,0.9178668260574341,0.7945250272750854,0.6601498126983643,0.7010954022407532,0.9175871014595032,0.2459999074538549,0.9938874840736389,0.8283476829528809,0.7069910764694214,0.9939337372779846,0.8261205554008484,0.7037525177001953,0.994946300983429,0.7859358787536621,0.6473594307899475
93,2.748021537119696e-05,0.9353772401809692,0.9170690178871155,0.8098635077476501,0.6813626885414124,0.7257948517799377,0.9171051979064941,0.21935773640871048,0.9943757653236389,0.8396644592285156,0.7236393690109253,0.9945672154426575,0.8409090638160706,0.7254902124404907,0.9953780174255371,0.8004216551780701,0.6672525405883789
94,2.583969577721684e-05,0.9162019491195679,0.9186716079711914,0.7734408974647522,0.6322538256645203,0.6700780391693115,0.9193798303604126,0.27824094394842785,0.9925652742385864,0.7988038063049316,0.6650069355964661,0.9929841756820679,0.8040623068809509,0.6723279356956482,0.9939504265785217,0.7569938898086548,0.6090025901794434
95,2.4251372651458935e-05,0.9322792291641235,0.9156676530838013,0.8027997612953186,0.6721101403236389,0.7163814306259155,0.9163678288459778,0.23570605864127478,0.9942588210105896,0.8370532393455505,0.7197691798210144,0.9944862723350525,0.8385810256004333,0.7220314741134644,0.9952636957168579,0.7959477305412292,0.6610574722290039
96,2.2716334551255152e-05,0.9266074895858765,0.9178252220153809,0.7930518388748169,0.6586902141571045,0.6997500061988831,0.9177055954933167,0.25157082329193753,0.9942793846130371,0.8367555737495422,0.7193292379379272,0.9943963289260864,0.8366727828979492,0.7192067503929138,0.9950863718986511,0.791653037071228,0.655153751373291
97,2.1235633515042477e-05,0.92862868309021,0.9163336753845215,0.796801745891571,0.6645264029502869,0.7077534794807434,0.9180276393890381,0.24135445058345795,0.9943706393241882,0.838631272315979,0.7221059203147888,0.9945518374443054,0.8402050733566284,0.724442720413208,0.9953458905220032,0.7994241118431091,0.6658671498298645
98,1.981028434134845e-05,0.9405620098114014,0.913496196269989,0.818684995174408,0.6942968964576721,0.7428037524223328,0.9147446751594543,0.2111295834183693,0.9950863718986511,0.8556544780731201,0.7477239966392517,0.9951313138008118,0.854810893535614,0.7464364767074585,0.9956195950508118,0.8084939122200012,0.6785478591918945
99,1.844126389329896e-05,0.931144654750824,0.9187201857566833,0.801792562007904,0.6703671813011169,0.7120267748832703,0.9200586080551147,0.23156559218962988,0.9941380620002747,0.8338069915771484,0.7149818539619446,0.9941881895065308,0.8323385715484619,0.7128254175186157,0.9948434829711914,0.7846294641494751,0.6455886363983154
100,1.7129510429125e-05,0.9334331154823303,0.916208803653717,0.8050633072853088,0.6749855279922485,0.7191201448440552,0.917560338973999,0.22775574028491974,0.9944348931312561,0.8401668071746826,0.7243859171867371,0.9943898916244507,0.8370652198791504,0.7197869420051575,0.9952598214149475,0.7970288991928101,0.6625503301620483
101,1.58759229591274e-05,0.9382272958755493,0.9160561561584473,0.8152757883071899,0.6891425251960754,0.7353367209434509,0.9165611863136292,0.2095158671339353,0.9948191046714783,0.8500781059265137,0.739248514175415,0.9947458505630493,0.8454239368438721,0.7322375774383545,0.9954718351364136,0.8034140467643738,0.6714218854904175
102,1.4681360629539954e-05,0.9279733896255493,0.9164307713508606,0.7955021262168884,0.6620714068412781,0.7046128511428833,0.9175658226013184,0.24241359531879425,0.9941161870956421,0.8335211277008057,0.7145617604255676,0.9939478635787964,0.8267873525619507,0.7047207355499268,0.995190441608429,0.7944422960281372,0.6589832305908203
103,1.3546642133713678e-05,0.9308555126190186,0.9194139242172241,0.8016165494918823,0.6699799299240112,0.7115466594696045,0.9198626279830933,0.2345729519923528,0.9940159916877747,0.8318590521812439,0.7121221423149109,0.9937461614608765,0.8224954009056091,0.6985070705413818,0.995083749294281,0.7915213108062744,0.6549733877182007
104,1.2472545151025103e-05,0.9282124042510986,0.9179084897041321,0.795418918132782,0.661372184753418,0.7030971646308899,0.9183920621871948,0.24398535241683325,0.9935212731361389,0.8200314044952393,0.694960355758667,0.9936805963516235,0.8198667168617249,0.6947237849235535,0.9947304129600525,0.7798829674720764,0.6391870379447937
105,1.14598058138939e-05,0.9356869459152222,0.9138084053993225,0.808614194393158,0.6795661449432373,0.725875198841095,0.9148353338241577,0.21536042292912802,0.9942588210105896,0.8367912769317627,0.7193819880485535,0.9943667650222778,0.8363690376281738,0.7187580466270447,0.9952649474143982,0.7971150279045105,0.6626693606376648
106,1.050911820327423e-05,0.9318757653236389,0.9175546765327454,0.8027607202529907,0.6714615225791931,0.7144240736961365,0.917779803276062,0.23259127885103226,0.9939658641815186,0.8301259279251099,0.7095856666564941,0.993937611579895,0.8262374997138977,0.7039222121238708,0.995043933391571,0.7895684838294983,0.6523032784461975
107,9.621133872966525e-06,0.9327418208122253,0.9164862632751465,0.8038858771324158,0.6732183694839478,0.7169107794761658,0.9174761772155762,0.22892887393633524,0.9942948222160339,0.8375649452209473,0.7205262184143066,0.9942408800125122,0.8335314393043518,0.7145768404006958,0.995272696018219,0.7976459264755249,0.6634034514427185
108,8.796461403074954e-06,0.9306370615959167,0.916451632976532,0.7996634244918823,0.6670843362808228,0.7101251482963562,0.9170094132423401,0.2352867846687635,0.9938733577728271,0.827409029006958,0.705624520778656,0.9937499761581421,0.8217270374298096,0.6973995566368103,0.995028555393219,0.7886600494384766,0.6510642170906067
109,8.035665982917092e-06,0.9322278499603271,0.9178113341331482,0.8035939931869507,0.6726751923561096,0.7154964804649353,0.9181784391403198,0.23257842908302942,0.994099497795105,0.8328357934951782,0.7135549783706665,0.9938913583755493,0.8251948356628418,0.7024100422859192,0.9952006936073303,0.794565737247467,0.6591531038284302
110,7.339269023671306e-06,0.9277408123016357,0.9180194735527039,0.7946029305458069,0.6603296995162964,0.7012857794761658,0.9186642169952393,0.24747861176729202,0.993725597858429,0.8245607614517212,0.70149165391922,0.9937782883644104,0.82252037525177,0.698543131351471,0.994961678981781,0.7866354584693909,0.6483092904090881
111,6.707747801027698e-06,0.9348671436309814,0.9154456853866577,0.8076533675193787,0.678385853767395,0.7234302759170532,0.9159261584281921,0.2291297068198522,0.9942305684089661,0.8354828953742981,0.7174501419067383,0.9942421317100525,0.833339512348175,0.7142948508262634,0.9952251315116882,0.7956444621086121,0.6606392860412598
112,6.141535128087043e-06,0.9348645806312561,0.9167152047157288,0.8084376454353333,0.6796095371246338,0.7241119742393494,0.9170010685920715,0.22121169169743857,0.9945042729377747,0.8425315618515015,0.7279089093208313,0.9944130182266235,0.8379305601119995,0.721067488193512,0.9954075813293457,0.8009357452392578,0.6679673194885254
113,5.641019058732459e-06,0.9355995655059814,0.9159035682678223,0.8097289800643921,0.6814383268356323,0.7265991568565369,0.9169636368751526,0.21661598980426788,0.994677722454071,0.8459306359291077,0.7329981327056885,0.9946417808532715,0.8426176905632019,0.7280375957489014,0.9953767657279968,0.8005985617637634,0.6674984097480774
114,5.20654262167651e-06,0.9326158761978149,0.9163960814476013,0.8034115433692932,0.6726223230361938,0.7164366245269775,0.9172700047492981,0.22896045446395874,0.9940943717956543,0.8328241109848022,0.7135377526283264,0.9941239356994629,0.8303971886634827,0.7099822163581848,0.9951647520065308,0.7935706973075867,0.657784640789032
115,4.838403585366583e-06,0.9364116191864014,0.9174298048019409,0.8116622567176819,0.6840273141860962,0.7286714315414429,0.9178111553192139,0.2196984440088272,0.9943757653236389,0.8396292924880981,0.7235869765281677,0.9945158362388611,0.8404127955436707,0.7247517108917236,0.9953805804252625,0.80057692527771,0.6674683094024658
116,4.536854253909207e-06,0.9350868463516235,0.917769730091095,0.8096203207969666,0.6811097264289856,0.7251469492912292,0.9181363582611084,0.22115680327018103,0.9942716956138611,0.8371803760528564,0.7199572920799255,0.994296133518219,0.835024356842041,0.716774046421051,0.9955052137374878,0.8041872382164001,0.6725025773048401
117,4.30210129415346e-06,0.9301655292510986,0.919517993927002,0.8002539873123169,0.6681475043296814,0.7094041705131531,0.9200356602668762,0.23431533575057983,0.9939979910850525,0.8308650851249695,0.7106664776802063,0.9939581751823425,0.827081561088562,0.7051482796669006,0.9951955676078796,0.794005811214447,0.6583828330039978
118,4.134305594051765e-06,0.9294587969779968,0.9177419543266296,0.7979179620742798,0.6647776365280151,0.7067340016365051,0.9182560443878174,0.23997083803017935,0.993807852268219,0.8267606496810913,0.704681932926178,0.9938181042671204,0.8238051533699036,0.7003985643386841,0.9951236248016357,0.7929736375808716,0.6569646596908569
119,4.033582152395389e-06,0.9310649633407593,0.918498158454895,0.8016355037689209,0.6699923276901245,0.7123286724090576,0.918724775314331,0.2337600365281105,0.9937898516654968,0.8257311582565308,0.7031873464584351,0.9939144849777222,0.8256002068519592,0.702997624874115,0.9949655532836914,0.7870420813560486,0.648861825466156
120,4.000000000000001e-06,0.9352603554725647,0.9169233441352844,0.8090527653694153,0.6802032589912415,0.7248403429985046,0.9168868064880371,0.22468618055184683,0.9942536950111389,0.836549699306488,0.7190248966217041,0.9943783283233643,0.8368085026741028,0.7194073796272278,0.9952868223190308,0.7974151968955994,0.6630843877792358
