scope,row_i,sample_name,jaw,path,model_count,score_composite_mean_across_models,score_composite_std_across_models,score_composite,d21_f1,d21_iou,f1_macro,iou_macro,acc_no_bg,models_available
GLOBAL_MEAN_ACROSS_MODELS,0,01MAVHYZ,upper,/home/htaucare/Tesis_Amaro/data/Teeth_3ds/processed_struct_safe/200000/upper/01MAVHYZ,4,0.9471478753685159,0.021676943827435867,0.9471478753685159,0.9660100814982118,0.9347694127576442,0.949480775413361,0.907090563064279,0.940018315018315,"PointNet,PointNetPP,DGCNN,PointNetTransformer"
GLOBAL_MEAN_ACROSS_MODELS,1,01FR2S9H,upper,/home/htaucare/Tesis_Amaro/data/Teeth_3ds/processed_struct_safe/200000/upper/01FR2S9H,4,0.8739147637317808,0.07747973949404496,0.8739147637317808,0.9505152947823519,0.9092838600804212,0.8204177671784882,0.7742106981839308,0.9203296703296703,"PointNet,PointNetPP,DGCNN,PointNetTransformer"
GLOBAL_MEAN_ACROSS_MODELS,2,01AVY0SK,upper,/home/htaucare/Tesis_Amaro/data/Teeth_3ds/processed_struct_safe/200000/upper/01AVY0SK,4,0.9319359542215051,0.03664612352321044,0.9319359542215051,0.9382849062542282,0.885493844665024,0.947716702222552,0.9034573021550119,0.9485653235653235,"PointNet,PointNetPP,DGCNN,PointNetTransformer"
GLOBAL_MEAN_ACROSS_MODELS,4,OEIWQQMQ,upper,/home/htaucare/Tesis_Amaro/data/Teeth_3ds/processed_struct_safe/200000/upper/OEIWQQMQ,4,0.761458942154402,0.03733158005197245,0.761458942154402,0.9654332060539961,0.9334826491647841,0.5892735678978507,0.525695788611765,0.7594627594627594,"PointNet,PointNetPP,DGCNN,PointNetTransformer"
GLOBAL_MEAN_ACROSS_MODELS,5,6BWQC0CT,upper,/home/htaucare/Tesis_Amaro/data/Teeth_3ds/processed_struct_safe/200000/upper/6BWQC0CT,4,0.9656769750964542,0.0124236278716942,0.9656769750964542,0.9792066806398063,0.9594417961156906,0.9670623320887067,0.9372322070174978,0.9693223443223444,"PointNet,PointNetPP,DGCNN,PointNetTransformer"
GLOBAL_MEAN_ACROSS_MODELS,6,MC39MU3H,upper,/home/htaucare/Tesis_Amaro/data/Teeth_3ds/processed_struct_safe/200000/upper/MC39MU3H,4,0.9561464638619241,0.023376614331378845,0.9561464638619241,0.9682833198437867,0.9388519374655693,0.9610118698001622,0.9270073459599608,0.9636752136752138,"PointNet,PointNetPP,DGCNN,PointNetTransformer"
GLOBAL_MEAN_ACROSS_MODELS,7,ASUXPX7O,upper,/home/htaucare/Tesis_Amaro/data/Teeth_3ds/processed_struct_safe/200000/upper/ASUXPX7O,4,0.948536754987095,0.023610651359798965,0.948536754987095,0.9622149631710201,0.9274396476570326,0.9545130715908793,0.9152040220154603,0.9568070818070817,"PointNet,PointNetPP,DGCNN,PointNetTransformer"
GLOBAL_MEAN_ACROSS_MODELS,8,U1HFBZ1F,upper,/home/htaucare/Tesis_Amaro/data/Teeth_3ds/processed_struct_safe/200000/upper/U1HFBZ1F,4,0.9541134199993634,0.01467319125382029,0.9541134199993634,0.9559754780484777,0.9160900253714603,0.9671053679232285,0.9373973559772697,0.9688644688644689,"PointNet,PointNetPP,DGCNN,PointNetTransformer"
GLOBAL_MEAN_ACROSS_MODELS,9,QVUPP39R,upper,/home/htaucare/Tesis_Amaro/data/Teeth_3ds/processed_struct_safe/200000/upper/QVUPP39R,4,0.8882030287180507,0.04470959663328822,0.8882030287180507,0.8930506441354602,0.8126507652638146,0.9136297954143519,0.8530810311869305,0.91498778998779,"PointNet,PointNetPP,DGCNN,PointNetTransformer"
GLOBAL_MEAN_ACROSS_MODELS,10,017APYC4,upper,/home/htaucare/Tesis_Amaro/data/Teeth_3ds/processed_struct_safe/200000/upper/017APYC4,4,0.9287956547199683,0.036077930735876014,0.9287956547199683,0.9473989483052553,0.9014750471318786,0.9314202956548825,0.8889644266144802,0.9429181929181929,"PointNet,PointNetPP,DGCNN,PointNetTransformer"
GLOBAL_MEAN_ACROSS_MODELS,11,F5NBC5X3,upper,/home/htaucare/Tesis_Amaro/data/Teeth_3ds/processed_struct_safe/200000/upper/F5NBC5X3,4,0.9273539415845841,0.0405357775634828,0.9273539415845841,0.9331125543052474,0.8780921306691523,0.944843548098049,0.8983471096297924,0.9416971916971917,"PointNet,PointNetPP,DGCNN,PointNetTransformer"
GLOBAL_MEAN_ACROSS_MODELS,12,5JRH5J6E,upper,/home/htaucare/Tesis_Amaro/data/Teeth_3ds/processed_struct_safe/200000/upper/5JRH5J6E,4,0.9063001200334986,0.05294683583673588,0.9063001200334986,0.9225446094199149,0.8597462740652737,0.9202747443324413,0.8598365169617234,0.9236874236874237,"PointNet,PointNetPP,DGCNN,PointNetTransformer"
GLOBAL_MEAN_ACROSS_MODELS,13,01328DDN,upper,/home/htaucare/Tesis_Amaro/data/Teeth_3ds/processed_struct_safe/200000/upper/01328DDN,4,0.9452637266206612,0.02370621674612198,0.9452637266206612,0.9656301838850129,0.9342492807034456,0.947516774814281,0.9022777638983381,0.951007326007326,"PointNet,PointNetPP,DGCNN,PointNetTransformer"
GLOBAL_MEAN_ACROSS_MODELS,14,X9QY6TGT,upper,/home/htaucare/Tesis_Amaro/data/Teeth_3ds/processed_struct_safe/200000/upper/X9QY6TGT,4,0.964187955003073,0.019824968385953472,0.964187955003073,0.9767086934237093,0.9549681828561174,0.9664895063939605,0.9368449267709129,0.9670329670329672,"PointNet,PointNetPP,DGCNN,PointNetTransformer"
GLOBAL_MEAN_ACROSS_MODELS,15,ERCT8ZLW,upper,/home/htaucare/Tesis_Amaro/data/Teeth_3ds/processed_struct_safe/200000/upper/ERCT8ZLW,4,0.7656207830723444,0.11666014412899112,0.7656207830723444,0.8911571053136915,0.8110710554495036,0.6911797788659583,0.5889891427960365,0.6932234432234432,"PointNet,PointNetPP,DGCNN,PointNetTransformer"
GLOBAL_MEAN_ACROSS_MODELS,16,0165W7J4,upper,/home/htaucare/Tesis_Amaro/data/Teeth_3ds/processed_struct_safe/200000/upper/0165W7J4,4,0.9387967353131581,0.024937489049541302,0.9387967353131581,0.9720649796610322,0.9461706705011332,0.9218093187768185,0.8892476631537495,0.9615384615384615,"PointNet,PointNetPP,DGCNN,PointNetTransformer"
GLOBAL_MEAN_ACROSS_MODELS,17,01FUZ18R,upper,/home/htaucare/Tesis_Amaro/data/Teeth_3ds/processed_struct_safe/200000/upper/01FUZ18R,4,0.9393807563244689,0.010380868862742263,0.9393807563244689,0.946869018707563,0.9002845757988498,0.9470354987800702,0.9167494891026794,0.9673382173382173,"PointNet,PointNetPP,DGCNN,PointNetTransformer"
GLOBAL_MEAN_ACROSS_MODELS,18,014996KX,upper,/home/htaucare/Tesis_Amaro/data/Teeth_3ds/processed_struct_safe/200000/upper/014996KX,4,0.9683371101196708,0.015775152123362692,0.9683371101196708,0.9792197582857216,0.9598715519125307,0.9707121866955165,0.9441967372117236,0.971916971916972,"PointNet,PointNetPP,DGCNN,PointNetTransformer"
GLOBAL_MEAN_ACROSS_MODELS,19,R8YTI9HB,upper,/home/htaucare/Tesis_Amaro/data/Teeth_3ds/processed_struct_safe/200000/upper/R8YTI9HB,4,0.9366610669309334,0.029213206891887025,0.9366610669309334,0.9456145491501651,0.8977258928012628,0.9495300836926727,0.905885085730731,0.9482600732600732,"PointNet,PointNetPP,DGCNN,PointNetTransformer"
GLOBAL_MEAN_ACROSS_MODELS,21,7PQAZ8X1,upper,/home/htaucare/Tesis_Amaro/data/Teeth_3ds/processed_struct_safe/200000/upper/7PQAZ8X1,4,0.9094732206042946,0.06693600109778237,0.9094732206042946,0.9268822394145793,0.871025795600327,0.9219937567961801,0.8621346467918397,0.9177350427350428,"PointNet,PointNetPP,DGCNN,PointNetTransformer"
GLOBAL_MEAN_ACROSS_MODELS,22,9OOBRVB8,upper,/home/htaucare/Tesis_Amaro/data/Teeth_3ds/processed_struct_safe/200000/upper/9OOBRVB8,4,0.9217358152349362,0.034529289739148476,0.9217358152349362,0.9352483946251021,0.8798588855273766,0.9348125763058392,0.8816338953837008,0.9317765567765568,"PointNet,PointNetPP,DGCNN,PointNetTransformer"
GLOBAL_MEAN_ACROSS_MODELS,23,4J24X0ES,upper,/home/htaucare/Tesis_Amaro/data/Teeth_3ds/processed_struct_safe/200000/upper/4J24X0ES,4,0.8982008762924815,0.038192598288458765,0.8982008762924815,0.955902663966671,0.9192818433040681,0.8598014012410031,0.8211967759955802,0.8513431013431014,"PointNet,PointNetPP,DGCNN,PointNetTransformer"
GLOBAL_MEAN_ACROSS_MODELS,24,016PTY8K,upper,/home/htaucare/Tesis_Amaro/data/Teeth_3ds/processed_struct_safe/200000/upper/016PTY8K,4,0.9166378025881167,0.04195453058378989,0.9166378025881167,0.941013742247633,0.8895545916252583,0.9227909495978254,0.8617327762593753,0.9252136752136753,"PointNet,PointNetPP,DGCNN,PointNetTransformer"
GLOBAL_MEAN_ACROSS_MODELS,25,38JDN4ZV,upper,/home/htaucare/Tesis_Amaro/data/Teeth_3ds/processed_struct_safe/200000/upper/38JDN4ZV,4,0.5700857275406076,0.029911941837230505,0.5700857275406076,0.9441225419817327,0.8983393955876626,0.2133095615436003,0.17878826465536485,0.31837606837606836,"PointNet,PointNetPP,DGCNN,PointNetTransformer"
GLOBAL_MEAN_ACROSS_MODELS,27,3HRLKQ4M,upper,/home/htaucare/Tesis_Amaro/data/Teeth_3ds/processed_struct_safe/200000/upper/3HRLKQ4M,4,0.9374875981082555,0.029585304499378174,0.9374875981082555,0.9439901514046254,0.8943867275589914,0.9510780955863405,0.9108919940374309,0.9523809523809523,"PointNet,PointNetPP,DGCNN,PointNetTransformer"
GLOBAL_MEAN_ACROSS_MODELS,29,01K5X8CN,upper,/home/htaucare/Tesis_Amaro/data/Teeth_3ds/processed_struct_safe/200000/upper/01K5X8CN,4,0.8610877966156993,0.038510048177580594,0.8610877966156993,0.9751807621000497,0.9517369726434077,0.7781570945406764,0.7158325677220214,0.8519536019536019,"PointNet,PointNetPP,DGCNN,PointNetTransformer"
GLOBAL_MEAN_ACROSS_MODELS,30,013NXP1H,upper,/home/htaucare/Tesis_Amaro/data/Teeth_3ds/processed_struct_safe/200000/upper/013NXP1H,4,0.9060631928199926,0.055403355682173396,0.9060631928199926,0.9114997739795084,0.8433354555917072,0.9290074777367335,0.8722457455842201,0.9290293040293041,"PointNet,PointNetPP,DGCNN,PointNetTransformer"
GLOBAL_MEAN_ACROSS_MODELS,31,211UTGV1,upper,/home/htaucare/Tesis_Amaro/data/Teeth_3ds/processed_struct_safe/200000/upper/211UTGV1,4,0.8905926240589943,0.03353360550143538,0.8905926240589943,0.9204958116584282,0.8529901941161238,0.896154103223616,0.8252247696955046,0.9072039072039072,"PointNet,PointNetPP,DGCNN,PointNetTransformer"
GLOBAL_MEAN_ACROSS_MODELS,32,H1HUQBYJ,upper,/home/htaucare/Tesis_Amaro/data/Teeth_3ds/processed_struct_safe/200000/upper/H1HUQBYJ,4,0.9433207466267012,0.032220818510760064,0.9433207466267012,0.9603593504877833,0.9249442281295759,0.9478545702689287,0.9047097152623095,0.9517704517704517,"PointNet,PointNetPP,DGCNN,PointNetTransformer"
GLOBAL_MEAN_ACROSS_MODELS,33,5J9O0LG3,upper,/home/htaucare/Tesis_Amaro/data/Teeth_3ds/processed_struct_safe/200000/upper/5J9O0LG3,4,0.9322988084806203,0.054483663379645414,0.9322988084806203,0.952031913529948,0.9117267521875841,0.9364278323605166,0.8887035745020687,0.9351343101343101,"PointNet,PointNetPP,DGCNN,PointNetTransformer"
GLOBAL_MEAN_ACROSS_MODELS,34,01MCNDR0,upper,/home/htaucare/Tesis_Amaro/data/Teeth_3ds/processed_struct_safe/200000/upper/01MCNDR0,4,0.9549495864359672,0.027345170175837805,0.9549495864359672,0.9810304711919279,0.9627971708525123,0.943826799397968,0.9139106039620447,0.9618437118437118,"PointNet,PointNetPP,DGCNN,PointNetTransformer"
GLOBAL_MEAN_ACROSS_MODELS,35,01DXDP2R,upper,/home/htaucare/Tesis_Amaro/data/Teeth_3ds/processed_struct_safe/200000/upper/01DXDP2R,4,0.8593194177541288,0.017076655441264025,0.8593194177541288,0.98822227924285,0.9771051157107049,0.7579252177908973,0.7029078947399179,0.8340964590964591,"PointNet,PointNetPP,DGCNN,PointNetTransformer"
GLOBAL_MEAN_ACROSS_MODELS,36,V5KEFD0N,upper,/home/htaucare/Tesis_Amaro/data/Teeth_3ds/processed_struct_safe/200000/upper/V5KEFD0N,4,0.944281385216801,0.02697199152584481,0.944281385216801,0.9402527783174923,0.8885466767029273,0.9640555514487287,0.9325644327834907,0.9659645909645909,"PointNet,PointNetPP,DGCNN,PointNetTransformer"
GLOBAL_MEAN_ACROSS_MODELS,37,ZM8PCSK6,upper,/home/htaucare/Tesis_Amaro/data/Teeth_3ds/processed_struct_safe/200000/upper/ZM8PCSK6,4,0.719140107918777,0.05605451659483418,0.719140107918777,0.9120776695575161,0.8437395639858845,0.5628223740976821,0.48958271846239365,0.5573870573870574,"PointNet,PointNetPP,DGCNN,PointNetTransformer"
GLOBAL_MEAN_ACROSS_MODELS,38,J8YGBFK2,upper,/home/htaucare/Tesis_Amaro/data/Teeth_3ds/processed_struct_safe/200000/upper/J8YGBFK2,4,0.9535786779432375,0.01962255456635829,0.9535786779432375,0.9608536449214108,0.925113064559082,0.9627272882755346,0.9298801336545939,0.9632173382173381,"PointNet,PointNetPP,DGCNN,PointNetTransformer"
GLOBAL_MEAN_ACROSS_MODELS,39,TZ2JPAJT,upper,/home/htaucare/Tesis_Amaro/data/Teeth_3ds/processed_struct_safe/200000/upper/TZ2JPAJT,4,0.8889451421521533,0.08267414586052706,0.8889451421521533,0.9261427109583915,0.8707006867462721,0.882536531292602,0.8209586153992281,0.8853785103785105,"PointNet,PointNetPP,DGCNN,PointNetTransformer"
GLOBAL_MEAN_ACROSS_MODELS,40,B5GFZIRW,upper,/home/htaucare/Tesis_Amaro/data/Teeth_3ds/processed_struct_safe/200000/upper/B5GFZIRW,4,0.9101822574973446,0.0591074966647547,0.9101822574973446,0.9216774738157868,0.8601699181919324,0.9274504006608906,0.8699236816969141,0.9282661782661783,"PointNet,PointNetPP,DGCNN,PointNetTransformer"
GLOBAL_MEAN_ACROSS_MODELS,41,Z6BKBK3G,upper,/home/htaucare/Tesis_Amaro/data/Teeth_3ds/processed_struct_safe/200000/upper/Z6BKBK3G,4,0.9169393714360471,0.0353095913340779,0.9169393714360471,0.9272871633482288,0.8667803620484968,0.9329951865366046,0.880187972511126,0.931929181929182,"PointNet,PointNetPP,DGCNN,PointNetTransformer"
GLOBAL_MEAN_ACROSS_MODELS,42,C928TR28,upper,/home/htaucare/Tesis_Amaro/data/Teeth_3ds/processed_struct_safe/200000/upper/C928TR28,4,0.9731092974561185,0.011127821635041883,0.9731092974561185,0.9872452780652986,0.9749508987746767,0.9717286964684245,0.9462179372254526,0.9748168498168499,"PointNet,PointNetPP,DGCNN,PointNetTransformer"
GLOBAL_MEAN_ACROSS_MODELS,43,UKH51GS2,upper,/home/htaucare/Tesis_Amaro/data/Teeth_3ds/processed_struct_safe/200000/upper/UKH51GS2,4,0.9079093118184884,0.03282350368395748,0.9079093118184884,0.9510152672430012,0.9070748932927193,0.898564855339977,0.8310418574479742,0.8974358974358975,"PointNet,PointNetPP,DGCNN,PointNetTransformer"
GLOBAL_MEAN_ACROSS_MODELS,44,01KAS2KD,upper,/home/htaucare/Tesis_Amaro/data/Teeth_3ds/processed_struct_safe/200000/upper/01KAS2KD,4,0.93951226874753,0.02426670098571005,0.93951226874753,0.9497922995506951,0.9048071523885903,0.9501299767013689,0.908334499187361,0.9525335775335775,"PointNet,PointNetPP,DGCNN,PointNetTransformer"
GLOBAL_MEAN_ACROSS_MODELS,46,WQOGLZY4,upper,/home/htaucare/Tesis_Amaro/data/Teeth_3ds/processed_struct_safe/200000/upper/WQOGLZY4,4,0.9002082413830554,0.09569682382180882,0.9002082413830554,0.9262643794506539,0.8708311761902161,0.9050110707853167,0.8432931358455977,0.8936202686202686,"PointNet,PointNetPP,DGCNN,PointNetTransformer"
GLOBAL_MEAN_ACROSS_MODELS,47,EUCFQ9KW,upper,/home/htaucare/Tesis_Amaro/data/Teeth_3ds/processed_struct_safe/200000/upper/EUCFQ9KW,4,0.9459169973171133,0.03310352297027589,0.9459169973171133,0.981198736533107,0.9632772271412136,0.9282096149852336,0.8930609012170058,0.9473443223443223,"PointNet,PointNetPP,DGCNN,PointNetTransformer"
GLOBAL_MEAN_ACROSS_MODELS,48,LE4E8YWJ,upper,/home/htaucare/Tesis_Amaro/data/Teeth_3ds/processed_struct_safe/200000/upper/LE4E8YWJ,4,0.9568518923306539,0.01846481640082123,0.9568518923306539,0.9714042701077689,0.9448857919879159,0.959827433076338,0.9247715960307401,0.963064713064713,"PointNet,PointNetPP,DGCNN,PointNetTransformer"
GLOBAL_MEAN_ACROSS_MODELS,49,01FAXM1D,upper,/home/htaucare/Tesis_Amaro/data/Teeth_3ds/processed_struct_safe/200000/upper/01FAXM1D,4,0.9132507565486192,0.05177626064189153,0.9132507565486192,0.947802638541765,0.9014686322995689,0.9022351038129224,0.8551626452980241,0.9223137973137974,"PointNet,PointNetPP,DGCNN,PointNetTransformer"
GLOBAL_MEAN_ACROSS_MODELS,50,RTPHYQ5V,upper,/home/htaucare/Tesis_Amaro/data/Teeth_3ds/processed_struct_safe/200000/upper/RTPHYQ5V,4,0.9067621717814226,0.021683797880211988,0.9067621717814226,0.9762160897947623,0.9536059513537786,0.8664038094389926,0.8082126980971731,0.9217032967032966,"PointNet,PointNetPP,DGCNN,PointNetTransformer"
GLOBAL_MEAN_ACROSS_MODELS,51,M7RTPNPC,upper,/home/htaucare/Tesis_Amaro/data/Teeth_3ds/processed_struct_safe/200000/upper/M7RTPNPC,4,0.9191654812940813,0.045077053907431906,0.9191654812940813,0.9483689393904906,0.9023084637617846,0.9174754060909482,0.8624486403043955,0.9169719169719169,"PointNet,PointNetPP,DGCNN,PointNetTransformer"
GLOBAL_MEAN_ACROSS_MODELS,52,AQLXAN8L,upper,/home/htaucare/Tesis_Amaro/data/Teeth_3ds/processed_struct_safe/200000/upper/AQLXAN8L,4,0.9483548599240356,0.014943447850658842,0.9483548599240356,0.9633554432068525,0.9293082430236282,0.9534809944915006,0.9132275587909368,0.9528388278388278,"PointNet,PointNetPP,DGCNN,PointNetTransformer"
GLOBAL_MEAN_ACROSS_MODELS,53,L8IYFLQP,upper,/home/htaucare/Tesis_Amaro/data/Teeth_3ds/processed_struct_safe/200000/upper/L8IYFLQP,4,0.943286336254557,0.015069621745773813,0.943286336254557,0.945647443457577,0.8971258816284,0.9590723624393473,0.922778095663727,0.9572649572649572,"PointNet,PointNetPP,DGCNN,PointNetTransformer"
GLOBAL_MEAN_ACROSS_MODELS,54,CK45DVLG,upper,/home/htaucare/Tesis_Amaro/data/Teeth_3ds/processed_struct_safe/200000/upper/CK45DVLG,4,0.9200083708931592,0.03625353934339011,0.9200083708931592,0.930662023628718,0.8729341368034532,0.935937368825102,0.8827720674900987,0.9381868131868131,"PointNet,PointNetPP,DGCNN,PointNetTransformer"
GLOBAL_MEAN_ACROSS_MODELS,55,0154T9CN,upper,/home/htaucare/Tesis_Amaro/data/Teeth_3ds/processed_struct_safe/200000/upper/0154T9CN,4,0.9188871954727049,0.08099809233407153,0.9188871954727049,0.9739692816685661,0.9497371459193558,0.8877063257319524,0.8399038928217353,0.9117826617826618,"PointNet,PointNetPP,DGCNN,PointNetTransformer"
GLOBAL_MEAN_ACROSS_MODELS,56,APLDXK7R,upper,/home/htaucare/Tesis_Amaro/data/Teeth_3ds/processed_struct_safe/200000/upper/APLDXK7R,4,0.6813245248901378,0.012084696514827086,0.6813245248901378,0.9657179045016056,0.9342669940924274,0.40744917479873766,0.38641311575860265,0.4333028083028083,"PointNet,PointNetPP,DGCNN,PointNetTransformer"
GLOBAL_MEAN_ACROSS_MODELS,57,ENQ0R553,upper,/home/htaucare/Tesis_Amaro/data/Teeth_3ds/processed_struct_safe/200000/upper/ENQ0R553,4,0.924160807306053,0.04323348989890383,0.924160807306053,0.9462444776974235,0.8999338143662394,0.9296017098741376,0.8745525639552276,0.9339133089133089,"PointNet,PointNetPP,DGCNN,PointNetTransformer"
GLOBAL_MEAN_ACROSS_MODELS,58,VR3C4L0M,upper,/home/htaucare/Tesis_Amaro/data/Teeth_3ds/processed_struct_safe/200000/upper/VR3C4L0M,4,0.9361474671801873,0.0436570984656839,0.9361474671801873,0.9643029112085391,0.932175255392147,0.9326166162117729,0.8833674300918982,0.929945054945055,"PointNet,PointNetPP,DGCNN,PointNetTransformer"
GLOBAL_MEAN_ACROSS_MODELS,59,PBG8YZJ9,upper,/home/htaucare/Tesis_Amaro/data/Teeth_3ds/processed_struct_safe/200000/upper/PBG8YZJ9,4,0.9496263694462777,0.03203786788860114,0.9496263694462777,0.9741502774554529,0.9497649977477151,0.9460841552942022,0.9041207675800027,0.9438339438339438,"PointNet,PointNetPP,DGCNN,PointNetTransformer"
GLOBAL_MEAN_ACROSS_MODELS,60,01KRCSKD,upper,/home/htaucare/Tesis_Amaro/data/Teeth_3ds/processed_struct_safe/200000/upper/01KRCSKD,4,0.9106076532228353,0.042676848462869,0.9106076532228353,0.9664151528600285,0.9354761814756376,0.8862026503189143,0.8233976568523695,0.8908730158730158,"PointNet,PointNetPP,DGCNN,PointNetTransformer"
GLOBAL_MEAN_ACROSS_MODELS,61,013ZD6EX,upper,/home/htaucare/Tesis_Amaro/data/Teeth_3ds/processed_struct_safe/200000/upper/013ZD6EX,4,0.9067582900805635,0.032845641201575945,0.9067582900805635,0.9622180770792425,0.9273617740885322,0.8865608610040564,0.8160361451597126,0.8998778998778999,"PointNet,PointNetPP,DGCNN,PointNetTransformer"
GLOBAL_MEAN_ACROSS_MODELS,62,202Z1L1N,upper,/home/htaucare/Tesis_Amaro/data/Teeth_3ds/processed_struct_safe/200000/upper/202Z1L1N,4,0.776198520590641,0.05055993922978157,0.776198520590641,0.9170548408241332,0.8501065525665106,0.672573622124641,0.5981107785896561,0.7107753357753358,"PointNet,PointNetPP,DGCNN,PointNetTransformer"
GLOBAL_MEAN_ACROSS_MODELS,63,9U19TREK,upper,/home/htaucare/Tesis_Amaro/data/Teeth_3ds/processed_struct_safe/200000/upper/9U19TREK,4,0.93937629463563,0.030022395705517575,0.93937629463563,0.9443234041067785,0.8952377280834809,0.9538445561582374,0.9150138141707258,0.9555860805860805,"PointNet,PointNetPP,DGCNN,PointNetTransformer"
GLOBAL_MEAN_ACROSS_MODELS,64,01AS9ER0,upper,/home/htaucare/Tesis_Amaro/data/Teeth_3ds/processed_struct_safe/200000/upper/01AS9ER0,4,0.9536764601341733,0.02587599148509036,0.9536764601341733,0.966690352420551,0.936293859547979,0.9586158532431208,0.9227092824524701,0.961080586080586,"PointNet,PointNetPP,DGCNN,PointNetTransformer"
GLOBAL_MEAN_ACROSS_MODELS,65,08VJ02L0,upper,/home/htaucare/Tesis_Amaro/data/Teeth_3ds/processed_struct_safe/200000/upper/08VJ02L0,4,0.8333250926555488,0.01758726736909083,0.8333250926555488,0.9525100653683363,0.9099354288401329,0.732385854284328,0.695894385601195,0.7538156288156288,"PointNet,PointNetPP,DGCNN,PointNetTransformer"
GLOBAL_MEAN_ACROSS_MODELS,66,01FC0082,upper,/home/htaucare/Tesis_Amaro/data/Teeth_3ds/processed_struct_safe/200000/upper/01FC0082,4,0.9206313269252331,0.03723512897283307,0.9206313269252331,0.9481049039906873,0.9031302522060035,0.9060911975424196,0.8802243021771383,0.9629120879120878,"PointNet,PointNetPP,DGCNN,PointNetTransformer"
GLOBAL_MEAN_ACROSS_MODELS,67,56R9FBMK,upper,/home/htaucare/Tesis_Amaro/data/Teeth_3ds/processed_struct_safe/200000/upper/56R9FBMK,4,0.9652749540737727,0.011282605071890946,0.9652749540737727,0.9731946993281833,0.9479694412072898,0.970612920711808,0.9440974969269167,0.9711538461538461,"PointNet,PointNetPP,DGCNN,PointNetTransformer"
GLOBAL_MEAN_ACROSS_MODELS,68,SW62DGWI,upper,/home/htaucare/Tesis_Amaro/data/Teeth_3ds/processed_struct_safe/200000/upper/SW62DGWI,4,0.9641406609351326,0.016795429058026345,0.9641406609351326,0.9704951151625546,0.9427673649989126,0.9707755792534817,0.9447968341619399,0.9710012210012211,"PointNet,PointNetPP,DGCNN,PointNetTransformer"
GLOBAL_MEAN_ACROSS_MODELS,69,6X24ILNE,upper,/home/htaucare/Tesis_Amaro/data/Teeth_3ds/processed_struct_safe/200000/upper/6X24ILNE,4,0.9092777004433815,0.04333662396163817,0.9092777004433815,0.9272977488560802,0.8670548933939299,0.9207614344958912,0.8617538695654743,0.9203296703296703,"PointNet,PointNetPP,DGCNN,PointNetTransformer"
GLOBAL_MEAN_ACROSS_MODELS,70,BIIEY91S,upper,/home/htaucare/Tesis_Amaro/data/Teeth_3ds/processed_struct_safe/200000/upper/BIIEY91S,4,0.9209539102410039,0.029216198143762775,0.9209539102410039,0.9378034909773543,0.8831667146330971,0.9302694741557169,0.8779391848535901,0.9416971916971917,"PointNet,PointNetPP,DGCNN,PointNetTransformer"
GLOBAL_MEAN_ACROSS_MODELS,71,3EU06ZN9,upper,/home/htaucare/Tesis_Amaro/data/Teeth_3ds/processed_struct_safe/200000/upper/3EU06ZN9,4,0.31210786822202363,0.05644890884384941,0.31210786822202363,0.26262006060563203,0.15684858828155876,0.4007660699422414,0.3224252817345892,0.44688644688644685,"PointNet,PointNetPP,DGCNN,PointNetTransformer"
GLOBAL_MEAN_ACROSS_MODELS,72,QQKBAWLF,upper,/home/htaucare/Tesis_Amaro/data/Teeth_3ds/processed_struct_safe/200000/upper/QQKBAWLF,4,0.7995150923115827,0.040318721915172835,0.7995150923115827,0.9124246005624298,0.8405019787970786,0.7346499477691008,0.6385612203523698,0.7736568986568986,"PointNet,PointNetPP,DGCNN,PointNetTransformer"
GLOBAL_MEAN_ACROSS_MODELS,73,1LYSVDBP,upper,/home/htaucare/Tesis_Amaro/data/Teeth_3ds/processed_struct_safe/200000/upper/1LYSVDBP,4,0.9224500367340464,0.0698528546941826,0.9224500367340464,0.9570821732784512,0.9195871549701826,0.903158487600177,0.8724773127791056,0.9586385836385837,"PointNet,PointNetPP,DGCNN,PointNetTransformer"
GLOBAL_MEAN_ACROSS_MODELS,74,K6LK1YRK,upper,/home/htaucare/Tesis_Amaro/data/Teeth_3ds/processed_struct_safe/200000/upper/K6LK1YRK,4,0.9374148016412018,0.03093639900190196,0.9374148016412018,0.9718079486505212,0.9455994446219586,0.9298760625236081,0.8761672467401564,0.9340659340659341,"PointNet,PointNetPP,DGCNN,PointNetTransformer"
GLOBAL_MEAN_ACROSS_MODELS,75,019GGYZ4,upper,/home/htaucare/Tesis_Amaro/data/Teeth_3ds/processed_struct_safe/200000/upper/019GGYZ4,4,0.9482575120685072,0.03718173602768676,0.9482575120685072,0.962942006589373,0.9297200714045858,0.9531829960980296,0.913963038997253,0.9523809523809523,"PointNet,PointNetPP,DGCNN,PointNetTransformer"
GLOBAL_MEAN_ACROSS_MODELS,76,K8SZYQ72,upper,/home/htaucare/Tesis_Amaro/data/Teeth_3ds/processed_struct_safe/200000/upper/K8SZYQ72,4,0.9331497238848512,0.036215342639840074,0.9331497238848512,0.9411648476599281,0.8909127155974594,0.9470436025475756,0.9032255976719727,0.9461233211233211,"PointNet,PointNetPP,DGCNN,PointNetTransformer"
GLOBAL_MEAN_ACROSS_MODELS,77,WINM1RGX,upper,/home/htaucare/Tesis_Amaro/data/Teeth_3ds/processed_struct_safe/200000/upper/WINM1RGX,4,0.9360677200649961,0.014453518724398616,0.9360677200649961,0.9649308427331995,0.9322703439560327,0.930366399092089,0.8840427957014959,0.9337606837606838,"PointNet,PointNetPP,DGCNN,PointNetTransformer"
GLOBAL_MEAN_ACROSS_MODELS,78,0171X5EV,upper,/home/htaucare/Tesis_Amaro/data/Teeth_3ds/processed_struct_safe/200000/upper/0171X5EV,4,0.9567757505164015,0.01492133646025662,0.9567757505164015,0.9672594621086279,0.9367821032959371,0.9628677723179848,0.9297163055303653,0.9636752136752136,"PointNet,PointNetPP,DGCNN,PointNetTransformer"
GLOBAL_MEAN_ACROSS_MODELS,79,4OTQF1P6,upper,/home/htaucare/Tesis_Amaro/data/Teeth_3ds/processed_struct_safe/200000/upper/4OTQF1P6,4,0.9239496524455364,0.058468611698743116,0.9239496524455364,0.981557180499189,0.9640613853685557,0.8871504227014391,0.8455338260823284,0.9168192918192918,"PointNet,PointNetPP,DGCNN,PointNetTransformer"
GLOBAL_MEAN_ACROSS_MODELS,80,016G9TFH,upper,/home/htaucare/Tesis_Amaro/data/Teeth_3ds/processed_struct_safe/200000/upper/016G9TFH,4,0.9569407547714028,0.012979813901564578,0.9569407547714028,0.9736006802529192,0.9487781170731482,0.9585363927723821,0.9220252658073906,0.9612332112332111,"PointNet,PointNetPP,DGCNN,PointNetTransformer"
GLOBAL_MEAN_ACROSS_MODELS,81,9TLHF8TV,upper,/home/htaucare/Tesis_Amaro/data/Teeth_3ds/processed_struct_safe/200000/upper/9TLHF8TV,4,0.9330352490685686,0.025647796778756726,0.9330352490685686,0.9624194421956658,0.9280389616405696,0.9291586462436661,0.8781434656392766,0.9291819291819292,"PointNet,PointNetPP,DGCNN,PointNetTransformer"
GLOBAL_MEAN_ACROSS_MODELS,82,2HVVCR7B,upper,/home/htaucare/Tesis_Amaro/data/Teeth_3ds/processed_struct_safe/200000/upper/2HVVCR7B,4,0.765340473513358,0.17040898624848788,0.765340473513358,0.87186222921716,0.7804572440207997,0.6981669814645066,0.6194704541546052,0.7039072039072038,"PointNet,PointNetPP,DGCNN,PointNetTransformer"
GLOBAL_MEAN_ACROSS_MODELS,83,01HJHZ5X,upper,/home/htaucare/Tesis_Amaro/data/Teeth_3ds/processed_struct_safe/200000/upper/01HJHZ5X,4,0.9515367640405152,0.019410412542558857,0.9515367640405152,0.9646671893512817,0.9325928653209816,0.957116725307802,0.9196959521516954,0.9604700854700854,"PointNet,PointNetPP,DGCNN,PointNetTransformer"
GLOBAL_MEAN_ACROSS_MODELS,84,AD8EQEUR,upper,/home/htaucare/Tesis_Amaro/data/Teeth_3ds/processed_struct_safe/200000/upper/AD8EQEUR,4,0.5549941042559441,0.19932641415394076,0.5549941042559441,0.49349734442572724,0.3637276222103328,0.6669747972291508,0.566006930943171,0.7216117216117216,"PointNet,PointNetPP,DGCNN,PointNetTransformer"
GLOBAL_MEAN_ACROSS_MODELS,85,01909P9K,upper,/home/htaucare/Tesis_Amaro/data/Teeth_3ds/processed_struct_safe/200000/upper/01909P9K,4,0.9641863634533522,0.015975083955471002,0.9641863634533522,0.9779707445969286,0.9572297663112849,0.9653988891174434,0.9354050755021083,0.9621489621489621,"PointNet,PointNetPP,DGCNN,PointNetTransformer"
GLOBAL_MEAN_ACROSS_MODELS,86,HM1A4QZR,upper,/home/htaucare/Tesis_Amaro/data/Teeth_3ds/processed_struct_safe/200000/upper/HM1A4QZR,4,0.9369245388967898,0.032381661023585334,0.9369245388967898,0.9540816746671488,0.913583628123902,0.9413175958086785,0.8982172104441831,0.9474969474969475,"PointNet,PointNetPP,DGCNN,PointNetTransformer"
GLOBAL_MEAN_ACROSS_MODELS,87,013Z9SM2,upper,/home/htaucare/Tesis_Amaro/data/Teeth_3ds/processed_struct_safe/200000/upper/013Z9SM2,4,0.8575381774167431,0.052704873627171744,0.8575381774167431,0.9585849008208439,0.9250683059597603,0.7785971236621838,0.7343857843631006,0.9175824175824177,"PointNet,PointNetPP,DGCNN,PointNetTransformer"
GLOBAL_MEAN_ACROSS_MODELS,88,MAIPESOV,upper,/home/htaucare/Tesis_Amaro/data/Teeth_3ds/processed_struct_safe/200000/upper/MAIPESOV,4,0.9267154928732697,0.020246109646093524,0.9267154928732697,0.9204939121316845,0.852962731261416,0.9530416329340168,0.9128325142956926,0.9532967032967032,"PointNet,PointNetPP,DGCNN,PointNetTransformer"
GLOBAL_MEAN_ACROSS_MODELS,89,015RHV4X,upper,/home/htaucare/Tesis_Amaro/data/Teeth_3ds/processed_struct_safe/200000/upper/015RHV4X,4,0.927618271372348,0.032065405440930214,0.927618271372348,0.9582785742182086,0.9205237852728564,0.9211814114265542,0.8727345256264203,0.938949938949939,"PointNet,PointNetPP,DGCNN,PointNetTransformer"
GLOBAL_MEAN_ACROSS_MODELS,90,017FADFV,upper,/home/htaucare/Tesis_Amaro/data/Teeth_3ds/processed_struct_safe/200000/upper/017FADFV,4,0.9432531761051228,0.029746963317275762,0.9432531761051228,0.9547457432445757,0.914219282573974,0.952036892059942,0.911484325871398,0.9539072039072038,"PointNet,PointNetPP,DGCNN,PointNetTransformer"
GLOBAL_MEAN_ACROSS_MODELS,91,01MAVT6A,upper,/home/htaucare/Tesis_Amaro/data/Teeth_3ds/processed_struct_safe/200000/upper/01MAVT6A,4,0.9757940543114525,0.014423578441995172,0.9757940543114525,0.9864362163859272,0.9735940652652957,0.9759655921787065,0.9543381922952491,0.9755799755799757,"PointNet,PointNetPP,DGCNN,PointNetTransformer"
GLOBAL_MEAN_ACROSS_MODELS,92,VXRFUE19,upper,/home/htaucare/Tesis_Amaro/data/Teeth_3ds/processed_struct_safe/200000/upper/VXRFUE19,4,0.9537410787042775,0.041798270111605355,0.9537410787042775,0.9822396287259199,0.966216216163915,0.9403913882177715,0.9100936691474988,0.9450549450549451,"PointNet,PointNetPP,DGCNN,PointNetTransformer"
GLOBAL_MEAN_ACROSS_MODELS,94,0177JSNX,upper,/home/htaucare/Tesis_Amaro/data/Teeth_3ds/processed_struct_safe/200000/upper/0177JSNX,4,0.9158657290176448,0.04130985850937764,0.9158657290176448,0.9617913541802561,0.9264766472271186,0.8900774211173744,0.8498027865926928,0.9409340659340659,"PointNet,PointNetPP,DGCNN,PointNetTransformer"
