epoch,train_acc,train_d21_acc,train_d21_f1,train_d21_iou,train_f1,train_iou,train_loss,val_acc,val_d21_acc,val_d21_f1,val_d21_iou,val_f1,val_iou,val_loss
1,0.4754464328289032,0.8500062951477625,0.04650577955483475,0.024359522397712535,0.06560318171977997,0.044854603707790375,2.301400185913168,0.5044100284576416,0.8410138845443725,0.0,0.0,0.047901131212711334,0.03603257238864899,2.0207573652267454
2,0.5114448070526123,0.8801800582998542,0.004200398846356647,0.002105418710358521,0.059379175305366516,0.042499445378780365,2.0932783888232325,0.5045166015625,0.8410138845443725,0.0,0.0,0.0493113212287426,0.0367676205933094,1.9804414749145507
3,0.5132133960723877,0.8807308238039735,0.002833360282868938,0.0014191930935222416,0.060954753309488297,0.043378278613090515,2.0666074265715895,0.5015387535095215,0.8410138845443725,0.0,0.0,0.05817938596010208,0.04162319377064705,1.9717865228652953
4,0.5134602189064026,0.881788492843669,0.002100093036263682,0.0010522344830772659,0.06252439320087433,0.04420945793390274,2.0463122398622575,0.5047057271003723,0.8410138845443725,0.0,0.0,0.05263625830411911,0.038499072194099426,1.9669034004211425
5,0.5149107575416565,0.8823668777301747,0.0008058378023479679,0.00040315772612204884,0.06305404752492905,0.04458465054631233,2.035499422780929,0.5045939683914185,0.8410138845443725,0.0,0.0,0.05022900924086571,0.0372331328690052,1.9613450765609741
6,0.5151101350784302,0.8821291635113377,0.0007100095095277666,0.0003552426336369457,0.06411103904247284,0.04516671225428581,2.0276513804671583,0.5024155974388123,0.8410138845443725,0.0,0.0,0.06118167191743851,0.043262023478746414,1.9681697368621827
7,0.5156210064888,0.8822626368973845,0.0003754888622011559,0.0001878058163872269,0.06554359197616577,0.04592970758676529,2.0176289196937316,0.49896669387817383,0.8410138845443725,0.0,0.0,0.06162310391664505,0.0435478612780571,1.985151743888855
8,0.5162173509597778,0.8818249990863185,0.0004386133756167772,0.00021939896071681463,0.06704100966453552,0.04683154448866844,2.01259026604314,0.502804160118103,0.8410138845443725,0.0,0.0,0.06271365284919739,0.04400712996721268,1.9615737438201903
9,0.5164890885353088,0.8823423212574374,0.00021295899921412235,0.00010651270396568091,0.06754657626152039,0.047082435339689255,2.005362877281763,0.5046765208244324,0.8410138845443725,0.0,0.0,0.05888448655605316,0.042016904801130295,2.0181686162948607
10,0.5167362689971924,0.8823143198925961,0.0001342841944345607,6.715637780832357e-05,0.0693671926856041,0.04806986078619957,2.001549187526908,0.4964565336704254,0.8410138845443725,0.0,0.0,0.06552059948444366,0.0457034558057785,1.9669612884521483
11,0.5171300768852234,0.8819491203113269,0.0006007058634313213,0.00030069952532279766,0.06890428066253662,0.047889985144138336,1.9990654491609143,0.5004453063011169,0.8410138845443725,0.0,0.0,0.06074214726686478,0.04308266565203667,1.9702536344528199
12,0.5174670219421387,0.8818822336453264,0.0001583139048587395,7.92094642845338e-05,0.07099828124046326,0.049003537744283676,1.991514576378689,0.4987277090549469,0.8410138845443725,0.0,0.0,0.05824276804924011,0.04173161834478378,1.969981813430786
13,0.5179999470710754,0.8822545973203515,0.0002685380285431078,0.00013440414958524577,0.07254740595817566,0.049928124994039536,1.9847145900931409,0.5048639178276062,0.8410138845443725,0.0,0.0,0.053520187735557556,0.0389588326215744,1.9560064792633056
14,0.5181416273117065,0.8827816818350105,0.00046744706145305885,0.00023394445323051075,0.07503998279571533,0.05120136961340904,1.9791988044656732,0.5037979483604431,0.8410138845443725,0.0,0.0,0.05902189016342163,0.0420944020152092,1.9642542123794555
15,0.5185067057609558,0.8820859302756607,0.00034690803128252745,0.00017358555839652376,0.07558281719684601,0.05151989310979843,1.978077857725082,0.49121782183647156,0.8410138845443725,0.0,0.0,0.07045292109251022,0.04832272604107857,1.9660641193389892
16,0.519432544708252,0.8820198633337534,0.0006637204991517951,0.00033223861969271376,0.07918678224086761,0.05356820672750473,1.9719125673335085,0.48755913972854614,0.8410138845443725,0.0,0.0,0.06346052139997482,0.044491298496723175,1.9864611625671387
17,0.519885241985321,0.8824042318969645,0.00037806278010489694,0.00018920390928503356,0.08089075237512589,0.05453915894031525,1.9646128582698044,0.48234108090400696,0.8410138845443725,0.0,0.0,0.07373370230197906,0.050022151321172714,2.0068243026733397
18,0.5200235843658447,0.8819941859091481,0.0006658283854018175,0.000333328163559531,0.0837528184056282,0.056074343621730804,1.9619645957023866,0.5018998384475708,0.8410138845443725,0.0,0.0,0.060631163418293,0.04286013916134834,1.973215937614441
19,0.5209973454475403,0.8820643271169355,0.0012563225685412664,0.0006295072498589864,0.08748814463615417,0.0581253319978714,1.9525469580004293,0.5022574663162231,0.8410138845443725,0.0,0.0,0.06378378719091415,0.044587183743715286,2.0116402864456178
20,0.5212944746017456,0.8822809310369594,0.003409952740607188,0.0017147575681422016,0.0901884213089943,0.059647440910339355,1.9473806273552678,0.49307122826576233,0.8410138845443725,0.0,0.0,0.0673842653632164,0.046540118753910065,1.9742036581039428
21,0.5225158333778381,0.8822975568873908,0.002456094744724361,0.0012328516407065489,0.09432777762413025,0.06197448447346687,1.9429573243664158,0.49399277567863464,0.8410138845443725,0.0,0.0,0.0691799595952034,0.0475432425737381,1.9713032722473145
22,0.5236456990242004,0.8814374586587311,0.003663156798304019,0.0018407588540476257,0.09732293337583542,0.06362992525100708,1.9345153018992434,0.4896790385246277,0.8387165665626526,0.010234804276945125,0.005151377851143479,0.0805068165063858,0.05345703661441803,2.00511748790741
23,0.5242616534233093,0.8818603843771001,0.007199241586854254,0.0036353930416382395,0.10275812447071075,0.06665440648794174,1.9270746336188367,0.4794027805328369,0.8410138845443725,0.0,0.0,0.07009955495595932,0.04792799800634384,2.022591233253479
24,0.5252392292022705,0.882608147077663,0.006163320916658397,0.0031040413543783497,0.1066371276974678,0.06889519840478897,1.9173865472116778,0.4522670805454254,0.8410138845443725,0.0,0.0,0.06621231138706207,0.04543221741914749,2.119972658157349
25,0.5266275405883789,0.8820686750514533,0.008613123300760316,0.0043518137215243615,0.11191389709711075,0.07189302146434784,1.911033941853431,0.5003370046615601,0.8407407522201538,0.0015703296429174936,0.0007860438592615538,0.059327468276023865,0.04205601289868355,2.0064440250396727
26,0.5280421376228333,0.8821532002059362,0.015015842869134296,0.007643904134672466,0.11687405407428741,0.07465986907482147,1.9020898598496632,0.5029967427253723,0.838372802734375,0.006790275637892795,0.0034096501069143413,0.05892649292945862,0.0419088751077652,2.062372660636902
27,0.5290147662162781,0.8822054574566502,0.013228880586347693,0.00668786845003475,0.11984238028526306,0.0764186680316925,1.8944951782944381,0.5033887624740601,0.8408924698829651,0.0,0.0,0.05769328773021698,0.04116778448224068,2.015014624595642
28,0.5307460427284241,0.8828235749275454,0.01920826646178977,0.00977715135439955,0.12941329181194305,0.08179452270269394,1.885290943166261,0.488037109375,0.8403313755989075,0.004639663354132408,0.0023276646330486982,0.07143246382474899,0.04848480597138405,2.0443519353866577
29,0.5325585603713989,0.8820505174257423,0.025437093422342953,0.013002216683260055,0.13575635850429535,0.0855507180094719,1.8774353688763035,0.501461386680603,0.8403056502342224,0.003971128080805917,0.0019903270876966417,0.061955977231264114,0.043614041060209274,1.9631343126296996
30,0.5353672504425049,0.8819580078125,0.039236749876738745,0.02029160477386247,0.14652465283870697,0.09177027642726898,1.8617943653496363,0.4848443567752838,0.8409077286720276,0.0008240958978054117,0.00041239508718717845,0.07187329977750778,0.04850440099835396,2.081924057006836
31,0.536514937877655,0.8828807543682796,0.0456476569406606,0.023634879585100157,0.1555863916873932,0.09693161398172379,1.8532768487930298,0.4849526882171631,0.84097900390625,3.81424616945603e-05,1.907304977066815e-05,0.0714258998632431,0.04856685921549797,2.0552861213684084
32,0.5386643409729004,0.8824735251806115,0.06098110664297905,0.032047579460526984,0.1677521914243698,0.10441531985998154,1.842336558526562,0.4951206147670746,0.8409116506576538,8.514325287573203e-05,4.257615946698934e-05,0.061825189739465714,0.043275561183691025,2.218623995780945
33,0.5400272607803345,0.8824827132686492,0.0792674442700529,0.04188568664524424,0.17688091099262238,0.11000009626150131,1.8379733767560733,0.49646684527397156,0.8377822875976563,0.009148682498263288,0.004602462565526366,0.0733562558889389,0.04976779595017433,2.0132214069366454
34,0.5428387522697449,0.8837380633559279,0.08530884047001652,0.04522153615490884,0.18585270643234253,0.11562133580446243,1.8246081913671186,0.47003433108329773,0.8381890416145324,0.009853128003224118,0.004953371314331889,0.0737459808588028,0.04938764125108719,2.0891741275787354
35,0.5442127585411072,0.8830000354397681,0.1014763069259807,0.05435639573761853,0.19691398739814758,0.1225237250328064,1.8157600331050094,0.46024635434150696,0.8404881119728088,0.002986175085657394,0.0014969601819757373,0.07626962661743164,0.05024205893278122,2.117689275741577
36,0.5474677681922913,0.8837095966903112,0.12367071047525091,0.06715532868940344,0.20570160448551178,0.1278901994228363,1.8028072157213766,0.49088770151138306,0.8378435373306274,0.009075094155662952,0.004563771234825253,0.0686483383178711,0.04715515300631523,2.067712330818176
37,0.5479111075401306,0.8835447302428625,0.13058445358578938,0.07106975228675912,0.20959919691085815,0.13012541830539703,1.8006695073138002,0.47427067160606384,0.8409417271614075,0.0006413403369222055,0.0003209082060493529,0.07297889143228531,0.049207188189029694,2.1457305908203126
38,0.5511322021484375,0.8842757850564936,0.14460618785902232,0.07965972134342758,0.22431685030460358,0.13943487405776978,1.7848817340789302,0.4902687668800354,0.81613529920578,0.05750916748781828,0.02967614121735096,0.07637356221675873,0.05097490921616554,2.1265288829803466
39,0.5526825189590454,0.8843358902521031,0.1545892062894998,0.08527403244728683,0.23078341782093048,0.143336221575737,1.777598423342551,0.4937434792518616,0.8397269129753113,0.0052828663151588155,0.0026490242918953298,0.06747324764728546,0.046319250017404556,2.283519649505615
40,0.5537955164909363,0.8848896917476449,0.16979219787344257,0.09465564084389518,0.24056033790111542,0.1492985039949417,1.7730355749848068,0.47075125575065613,0.8395610213279724,0.00474709251268338,0.002382124908035621,0.07414934784173965,0.04969321936368942,2.184515380859375
41,0.5545352101325989,0.8847009526785984,0.16775514933625793,0.09319348396953717,0.2438357174396515,0.1508999615907669,1.7675016003270303,0.46555209159851074,0.8389493703842164,0.008000068669882867,0.004027462773956358,0.08005572855472565,0.05246702581644058,2.316887903213501
42,0.5589276552200317,0.8858109340872816,0.1936599987009929,0.10872458674574412,0.25708308815956116,0.15944011509418488,1.7505853547844836,0.4833468496799469,0.8369535207748413,0.012559788064056204,0.00632799481973052,0.08335192501544952,0.05465235188603401,2.0470765829086304
43,0.5585652589797974,0.8858641482168629,0.19094205011117352,0.10727126499818217,0.2596442699432373,0.16079574823379517,1.7517027496009745,0.4461532235145569,0.7886195540428161,0.10483461902320605,0.055347099900245667,0.08227481693029404,0.05326564237475395,2.0886892795562746
44,0.5593456625938416,0.8856933757823001,0.20036848785719294,0.1133176959970946,0.26605209708213806,0.16499684751033783,1.7453790198090255,0.4474925696849823,0.7212350010871887,0.1647974439439816,0.08995607942342758,0.0824664756655693,0.05338095501065254,2.2610755920410157
45,0.5625162124633789,0.8860235451370158,0.21733422906722413,0.12440221398187581,0.2768157124519348,0.17200464010238647,1.7336225625007384,0.45862674713134766,0.8224644303321839,0.05018304802801633,0.025788906216621398,0.08550465852022171,0.055381760001182556,2.3036895751953126
46,0.5621743202209473,0.8863481090914819,0.21578937878225804,0.12356264808125073,0.2775842249393463,0.1723312884569168,1.731433335170951,0.4796813130378723,0.8066935896873474,0.0712934744417262,0.03699557259678841,0.07712095975875854,0.05144081264734268,2.2683244705200196
47,0.5650186538696289,0.8869486438330784,0.2237776889232342,0.12905868202928575,0.28753334283828735,0.17891602218151093,1.7177160927044448,0.47963833808898926,0.7839346766471863,0.10009060006803124,0.0527058944106102,0.06837808340787888,0.046365562826395035,2.4588320732116697
48,0.5661852359771729,0.8870657368372845,0.23186939693507547,0.1335821551100541,0.29372280836105347,0.1829814314842224,1.712513864681285,0.48661008477211,0.8397035837173462,0.0030028183653818042,0.0015044807689264417,0.06983640789985657,0.047718171030282974,2.2353069305419924
49,0.5677931904792786,0.8863249747983871,0.23101257008157183,0.1334847452579647,0.2999823987483978,0.1871684044599533,1.7068946746087843,0.46242469549179077,0.8382396101951599,0.007741604897842094,0.003888218360953033,0.07400624454021454,0.04914853349328041,2.309843111038208
50,0.568808913230896,0.8861789222686521,0.2404302276015476,0.13990573593044794,0.3034524917602539,0.18962770700454712,1.70061501508118,0.4816550612449646,0.829808485507965,0.028834356948163126,0.014628984965384007,0.07911176979541779,0.0522068552672863,2.214106893539429
51,0.5697267055511475,0.887651313376683,0.2556227842625098,0.14913082441254968,0.30731523036956787,0.19203609228134155,1.6930835516222063,0.48992833495140076,0.8339351058006287,0.017281431293696064,0.008725616987794638,0.07524596899747849,0.05040440335869789,2.2941338062286376
52,0.5692391991615295,0.8866644142776408,0.25332561749684096,0.14787331163402526,0.30879709124565125,0.19292770326137543,1.6957736861321233,0.44818374514579773,0.798721969127655,0.09219268068987393,0.04836469292640686,0.08820636570453644,0.05620305985212326,2.215340757369995
53,0.5704908967018127,0.8871501523961303,0.2564260414870157,0.149973108523315,0.3142774701118469,0.1967649906873703,1.6884170898827173,0.48807838559150696,0.8390121459960938,0.007895727108269735,0.003967107716016471,0.07377967983484268,0.049593184143304825,2.4090036392211913
54,0.5717923641204834,0.8871003837995631,0.2609999274328065,0.15297174337570385,0.31940075755119324,0.200328528881073,1.6829250679221204,0.45304247736930847,0.8253265380859375,0.044110551838346085,0.022566556558012964,0.08302848786115646,0.053986262530088425,2.2479991912841797
55,0.5734214186668396,0.8871488128938982,0.27070654318979676,0.1600745645582035,0.32291385531425476,0.20277008414268494,1.6766720112933908,0.4898543953895569,0.82373526096344,0.04310344601313512,0.022051176615059377,0.0729750394821167,0.049014393240213394,2.4309224605560305
56,0.5748329162597656,0.8880068326509127,0.2722815769022868,0.16040900617998133,0.3289725184440613,0.20721539855003357,1.6685017898518553,0.39225661754608154,0.8406594395637512,0.0009034673017788468,0.0004519968701060861,0.07851497828960419,0.05011890083551407,2.346000623703003
57,0.5764792561531067,0.8877897640710236,0.2765036499029701,0.16338528288147783,0.33475011587142944,0.21135541796684265,1.6588003532860869,0.4193459153175354,0.8163016200065613,0.061384612219383385,0.03168722204864025,0.08654384315013885,0.054679613560438156,2.361007833480835
58,0.5760266184806824,0.8874782983974744,0.2691113549856819,0.1596410769608713,0.3308181166648865,0.20860444009304047,1.6639371200274395,0.4364047944545746,0.8266693115234375,0.03920622643878857,0.019997376948595047,0.08029737323522568,0.052112266421318054,2.2373122692108156
59,0.5758376121520996,0.8877586446782594,0.2773932009596882,0.16444434453883477,0.33490175008773804,0.21124596893787384,1.6607065328987696,0.4749257266521454,0.7871760725975037,0.1027160239096689,0.054206131398677825,0.08042095601558685,0.052927352488040924,2.5077985286712647
60,0.577730119228363,0.8878831485266326,0.28231627012435406,0.1676306734562561,0.33839935064315796,0.21386732161045074,1.652412764487728,0.45693841576576233,0.7721897721290588,0.11658836723726315,0.061945270746946335,0.07858555763959885,0.051325611770153046,2.4274476051330565
61,0.5790765285491943,0.8882426600302419,0.2858393812966914,0.1696927797409796,0.3406997621059418,0.21549876034259796,1.6475600593833513,0.47034379839897156,0.8188783884048462,0.0494500235570718,0.025366176664829255,0.07855308055877686,0.05163436010479927,2.521477746963501
62,0.5802016258239746,0.8883292085380965,0.2841119417373172,0.1685214500513769,0.34602710604667664,0.21949584782123566,1.642166768350909,0.4710005521774292,0.8405550241470336,0.001019736340037912,0.0005102783994516358,0.0718318372964859,0.04834749549627304,2.5305763244628907
63,0.5803148150444031,0.8884950863417759,0.2863034774096799,0.17045992316417796,0.3479771018028259,0.22084730863571167,1.635796958400357,0.46348893642425537,0.8204428553581238,0.05372641130936122,0.027615460008382796,0.0766899585723877,0.050524067133665085,2.5887802600860597
64,0.5800269246101379,0.888096990764782,0.29349463089054795,0.17483140644367023,0.3459239900112152,0.21934325993061066,1.6376802472658054,0.4530012011528015,0.8378727555274963,0.0075461352685625566,0.003790102852508426,0.07847564667463303,0.051233891397714615,2.5189297199249268
65,0.5825914740562439,0.8877898185483871,0.299517533582003,0.18004208436656383,0.352012038230896,0.22378984093666077,1.6292487280343169,0.48023664951324463,0.8381053328514099,0.007934664008188602,0.003984822006896138,0.07364264130592346,0.0492684505879879,2.4897470474243164
66,0.5816089510917664,0.8884022210233955,0.287208108798608,0.17150970519600456,0.3529595732688904,0.22452466189861298,1.6295375990611252,0.4299986958503723,0.8320920705795288,0.02328152175537791,0.011790321208536625,0.07172372192144394,0.04774428531527519,2.4734745979309083
67,0.5823788046836853,0.888127754452408,0.3057091209538083,0.18308393208570378,0.35150495171546936,0.22329318523406982,1.6298504708915629,0.4799632728099823,0.8371675729751586,0.010461826909725105,0.005259276833385229,0.07701283693313599,0.05129242315888405,2.498222064971924
68,0.5823532938957214,0.8887032674204919,0.30494098367731026,0.18278567525007391,0.35226982831954956,0.2238435000181198,1.6279869861500238,0.45316970348358154,0.8329635620117187,0.02167927038448191,0.010961960442364216,0.0777515098452568,0.051181815564632416,2.3396365642547607
69,0.5830519795417786,0.8887896518553456,0.2978698193567719,0.17772056550909116,0.3542526066303253,0.2254071980714798,1.622548241769114,0.4449118971824646,0.7769668579101563,0.11604879254141809,0.06163148358464241,0.08431447297334671,0.054036688059568405,2.2854542255401613
70,0.5842664241790771,0.8883871263073336,0.30401980085401,0.1818544539693062,0.3614686131477356,0.23082226514816284,1.6160151522646669,0.40763574838638306,0.8279349207878113,0.03261197582561418,0.016586545296013354,0.08014214038848877,0.05102769285440445,2.5439028263092043
71,0.5851104259490967,0.8886318136286991,0.3070117569619534,0.18387161892267964,0.3614479601383209,0.23071886599063873,1.6114592975185764,0.48398643732070923,0.8346333146095276,0.014734401709860605,0.007424137648195028,0.07473762333393097,0.049985263496637344,2.659333086013794
72,0.5853509306907654,0.8887569744099852,0.3082246127506185,0.18521229602316375,0.3628546893596649,0.2317381501197815,1.6079915172310286,0.46442079544067383,0.8369059920310974,0.011703193250774471,0.005890622269362211,0.07211169600486755,0.04816311225295067,2.896468496322632
73,0.5859976410865784,0.8891627814180108,0.3042279287989964,0.18250995610029466,0.36216050386428833,0.23147571086883545,1.6074023733856857,0.4602583646774292,0.8270139455795288,0.03698232650842562,0.018850916996598244,0.08301325142383575,0.054039549082517624,2.5051156997680666
74,0.5862818360328674,0.8892607874767755,0.305977265202845,0.18399532067198907,0.36383578181266785,0.23255914449691772,1.60576960989224,0.4639359712600708,0.7713119506835937,0.12118669988268516,0.06457187309861183,0.07781346887350082,0.05092225596308708,2.7827619075775147
75,0.5867604613304138,0.8897159535397765,0.31679307536450174,0.19210647094634273,0.3639487028121948,0.23271551728248596,1.6019781328016711,0.42840147018432617,0.8027226090431213,0.08403565687932345,0.04387810230255127,0.0825750008225441,0.05309202894568443,2.2820562362670898
76,0.5867016911506653,0.888917738391507,0.30108951080808605,0.1806829951863776,0.36667096614837646,0.23474545776844025,1.6004982968812347,0.43604373931884766,0.8204256296157837,0.05450433706442727,0.02802482768893242,0.0767718106508255,0.05040546879172325,2.3398948192596434
77,0.5892933011054993,0.8901675099967629,0.313692052972152,0.1893041450330006,0.37197452783584595,0.2387176901102066,1.5911568467335035,0.47290554642677307,0.8246930837631226,0.0421809963463941,0.021572097018361092,0.07814936339855194,0.051427703350782394,2.724414825439453
78,0.588688850402832,0.8894153718025454,0.31017486354238216,0.1866064710963157,0.3666309416294098,0.23480188846588135,1.5950515757324875,0.47289007902145386,0.8298921823501587,0.02605394642156066,0.013218513503670693,0.07703077793121338,0.05102797970175743,2.4641456604003906
79,0.590079128742218,0.8900374545845934,0.3226434976763367,0.19605763224504327,0.3733240067958832,0.23975679278373718,1.5884742211270075,0.38095393776893616,0.8359719395637513,0.017604255184148248,0.00888193640857935,0.07861309498548508,0.04949156194925308,2.47607684135437
80,0.5899684429168701,0.8895459463519435,0.31926364489809644,0.19298620333754887,0.37255701422691345,0.23916640877723694,1.5848837308986212,0.47125157713890076,0.8282762765884399,0.0319941199446895,0.016278118640184403,0.08230935037136078,0.05361313000321388,2.749924087524414
81,0.5905382633209229,0.890116209624916,0.3136502884166904,0.18973551558390742,0.37307754158973694,0.2396019697189331,1.5857980533312726,0.42788052558898926,0.80940181016922,0.07031761857744612,0.036457865685224536,0.08885612338781357,0.05615636706352234,2.4681770324707033
82,0.5905688405036926,0.8894901346134884,0.31875606566541925,0.19317486796087474,0.3762992024421692,0.24187542498111725,1.5812949429276169,0.4778364896774292,0.8375388026237488,0.007517707014808553,0.0037735648918896915,0.0754067599773407,0.05008669197559357,2.716063976287842
83,0.5906620025634766,0.8900783087617608,0.3198263470653294,0.1939552968708418,0.37400463223457336,0.2403416633605957,1.5826204117908274,0.39743685722351074,0.6646209716796875,0.19129332498750926,0.10596746653318405,0.08363271504640579,0.05233156308531761,2.588107395172119
84,0.5912672877311707,0.8900338994559421,0.3242164797804558,0.1966188736660506,0.3765953779220581,0.24215631186962128,1.5807945536028953,0.4652305841445923,0.7588027954101563,0.13102705475582732,0.0701861597597599,0.07692388445138931,0.050651516765356064,2.7987664699554444
85,0.5926687121391296,0.889765941327618,0.33090387587906006,0.20233434174330003,0.38091427087783813,0.24561172723770142,1.5710255497245378,0.43440011143684387,0.8406810164451599,0.001205331673154472,0.000603216455783695,0.08035990595817566,0.05203496292233467,2.871039342880249
86,0.5925900936126709,0.8905020817633598,0.3129616502130201,0.18932339116450278,0.3793082535266876,0.2444484680891037,1.575664371572515,0.44736191630363464,0.8169573068618774,0.061423726074336917,0.03170667290687561,0.0826621949672699,0.05336244776844978,2.528366279602051
87,0.5928153395652771,0.890547529984546,0.33329307504739963,0.20335913982282403,0.38191863894462585,0.2463737279176712,1.5708493314763552,0.46975234150886536,0.7893373727798462,0.09868028944883334,0.051978666335344315,0.08062057197093964,0.05279602110385895,2.5887622356414797
88,0.5937184691429138,0.8902080360279289,0.3237155004769124,0.19588660825324314,0.38123220205307007,0.2458297312259674,1.5650256436358216,0.42081591486930847,0.74196537733078,0.14695555466260168,0.07935104221105575,0.08808669447898865,0.055456649512052536,2.6688773155212404
89,0.5947645306587219,0.8910433861517137,0.3272507324336444,0.19912822840995686,0.3829019367694855,0.24728268384933472,1.5641088178080897,0.47812363505363464,0.8260981917381287,0.0395748583316581,0.020197443105280398,0.07897268235683441,0.051854994148015976,2.6721290588378905
90,0.5945366024971008,0.8905922949955027,0.331228046775059,0.2014693521684216,0.38496673107147217,0.24875879287719727,1.5582316652421029,0.4614395499229431,0.8283259749412537,0.031027152415911495,0.01576905380934477,0.07774632424116135,0.051329001784324646,2.724894571304321
91,0.5951358079910278,0.8905967518847476,0.3307992547432359,0.20108839909556092,0.3853873014450073,0.24897944927215576,1.5576754859698716,0.45624208450317383,0.8110541224479675,0.0652938327403582,0.033768009021878244,0.08040232956409454,0.052536651492118835,2.4294870853424073
92,0.5955624580383301,0.8912084711495266,0.32107195437030417,0.19478897556524238,0.3863115608692169,0.2497924566268921,1.5574215137830345,0.4261336922645569,0.7752415299415588,0.11510195381648611,0.061120112985372545,0.08823271840810776,0.05586802959442139,2.4443569660186766
93,0.5955607295036316,0.8911611905661962,0.3299292679054603,0.20066600929825537,0.38586848974227905,0.24942485988140106,1.5563553097427532,0.4855406880378723,0.8226627945899964,0.04251186760362444,0.021734302490949632,0.07870512455701828,0.0520615354180336,3.0330828189849854
94,0.5954853892326355,0.8907671147777189,0.32588754528611175,0.19803393904560357,0.386801540851593,0.2501661479473114,1.5571633949074695,0.36515873670578003,0.6842941284179688,0.18657218974833867,0.10313206166028976,0.08121955394744873,0.05031876266002655,2.6160096168518066
95,0.5963481068611145,0.8909333752047631,0.3328234462442912,0.20320835405139512,0.3894447386264801,0.2522885501384735,1.552559406526627,0.45956549048423767,0.7763377547264099,0.11357707641131083,0.06024431064724922,0.08576691895723343,0.05534151569008827,2.6588300228118897
96,0.5970789194107056,0.8907474529358649,0.33531284720862625,0.2058345528860246,0.38902032375335693,0.2518342435359955,1.5496488578857914,0.42658931016921997,0.8032740950584412,0.08450741746666622,0.04413176700472832,0.09206913411617279,0.057918984442949295,2.444576358795166
97,0.5965075492858887,0.8912895501300853,0.33572528721203587,0.20536422973839186,0.38820403814315796,0.2512897253036499,1.5518370661684262,0.48415493965148926,0.8154913783073425,0.04915261528316726,0.025228730589151382,0.07108174264431,0.04803480580449104,2.9579381465911867
98,0.5972715616226196,0.8910075906784304,0.3302495385645833,0.20125497677313384,0.39099374413490295,0.2534748315811157,1.5444820478398313,0.47549137473106384,0.8215798497200012,0.04592148875939311,0.023515460640192033,0.08073060214519501,0.05290418490767479,2.706252193450928
99,0.5972762703895569,0.8913475230175961,0.33015781747600226,0.2006723726949384,0.3906504213809967,0.25329118967056274,1.5484212085764895,0.4517272114753723,0.8006192922592164,0.08593437363601623,0.04491821154952049,0.08140257745981216,0.05291493982076645,2.6175225734710694
100,0.597789466381073,0.891889456138816,0.33633837428336255,0.20481657248831564,0.3915911018848419,0.25394096970558167,1.5447345100423342,0.46025151014328003,0.802662444114685,0.07098187793855495,0.0368204191327095,0.08341599255800247,0.05407716706395149,2.534217119216919
101,0.5981460809707642,0.891331607936531,0.3304278879230245,0.20147252070807642,0.39259713888168335,0.254660040140152,1.5432203264646633,0.46240922808647156,0.8362245798110962,0.012378174086510891,0.006235375255346298,0.08422116190195084,0.05466015264391899,2.6647603034973146
102,0.5975804328918457,0.8913831537769686,0.32496698873840296,0.19752713044484457,0.3917909562587738,0.2540552616119385,1.5456407967434134,0.47315311431884766,0.8023566126823425,0.07899198506268056,0.04113342612981796,0.07556463778018951,0.05014989897608757,2.7705272674560546
103,0.5985782742500305,0.8912559972014479,0.3408105976168063,0.20917875720288165,0.39464694261550903,0.2563598155975342,1.5400089384407125,0.4717879891395569,0.8243362426757812,0.040488677525414615,0.02069700285792351,0.07705286890268326,0.050759367644786835,2.990606355667114
104,0.5993536114692688,0.8912691506006385,0.3381978204363783,0.20748996350073046,0.39393147826194763,0.25580254197120667,1.539987680732563,0.41565629839897156,0.68860844373703,0.17720873995427966,0.09734702855348587,0.082037054002285,0.052097517997026443,2.7122460842132567
105,0.5998345017433167,0.8919451858407708,0.33588225230555047,0.20435346679020955,0.39544740319252014,0.2569359838962555,1.5338769676864787,0.46966293454170227,0.8137627720832825,0.05433707895804259,0.027942293137311936,0.07923142611980438,0.0519387349486351,3.018683910369873
106,0.5994954109191895,0.8911542719410311,0.33993176475601156,0.2082632208863894,0.39491257071495056,0.2565246820449829,1.5374705791473389,0.47836947441101074,0.8343854665756225,0.017137165647073974,0.008648211229592561,0.07504763454198837,0.049899253994226456,3.220645380020142
107,0.6010380387306213,0.8916244782427306,0.3385183975030156,0.20757258859693364,0.39733079075813293,0.2584218680858612,1.5284320410861765,0.44503912329673767,0.831612503528595,0.022062674812325038,0.011161781102418899,0.07950296998023987,0.051646310836076736,2.941677474975586
108,0.6008387207984924,0.8916530269448475,0.3384868546550818,0.2071484590890587,0.39773356914520264,0.2588222622871399,1.5287039818302277,0.4241737127304077,0.7997765660285949,0.07793304128124409,0.04056277871131897,0.08172905445098877,0.0518922321498394,2.948418951034546
109,0.6009425520896912,0.892119622999622,0.34560236404780004,0.21107923728163525,0.39793771505355835,0.2589453160762787,1.5278021302274478,0.4632585644721985,0.8166043996810913,0.053000556238010324,0.027242469415068627,0.08083967864513397,0.052611831575632095,2.8230287551879885
110,0.6015411019325256,0.8922192153110299,0.34397892842504113,0.21068018210190598,0.3987535834312439,0.25961795449256897,1.527604882435132,0.44463682174682617,0.8036006331443787,0.07457019843427223,0.038764160871505735,0.08220206201076508,0.053245220333337784,2.546078634262085
111,0.6007683277130127,0.8918272993897879,0.3409796817990161,0.2095073320532358,0.3979927599430084,0.25897154211997986,1.5283219455390848,0.4785328209400177,0.8195870518684387,0.04770061151538004,0.02445855624973774,0.0789366215467453,0.051869675517082214,2.8564984798431396
112,0.6020709872245789,0.892704406733154,0.341226156264318,0.21000654763111504,0.39928916096687317,0.25997382402420044,1.5244534028473722,0.42109787464141846,0.7679578542709351,0.12659917536948453,0.06765680387616158,0.08446819335222244,0.0537906177341938,2.688870096206665
113,0.6015112400054932,0.8923163465274278,0.347119056132606,0.21405365486298839,0.39958909153938293,0.26033705472946167,1.5267734091768983,0.46066758036613464,0.8381685495376587,0.00724467421488874,0.003638398158363998,0.07745609432458878,0.05112404003739357,2.8621328353881834
114,0.6020151972770691,0.8920393637431565,0.3422674455489847,0.2101976460907408,0.40022823214530945,0.26058217883110046,1.5240511548134588,0.4259927272796631,0.7617361903190613,0.1287676516236282,0.06885102093219757,0.07880696654319763,0.050675321370363235,2.8093750953674315
115,0.6028205156326294,0.8924142436314655,0.3435918605486121,0.21119184848121417,0.4025462567806244,0.26257574558258057,1.5200786334212109,0.4486771821975708,0.8204984426498413,0.04647910412359094,0.023815304413437842,0.08766252547502518,0.05600482597947121,2.63450231552124
116,0.602981686592102,0.8923445126061799,0.34325308782599245,0.21095370645484618,0.40301400423049927,0.262956440448761,1.5182297473312707,0.41600531339645386,0.77723628282547,0.11690773755696324,0.06209615096449852,0.08855268359184265,0.055575400590896606,2.6549981594085694
117,0.6032044887542725,0.8921882330730397,0.34325361046273095,0.21067948895756916,0.40200936794281006,0.26214829087257385,1.5174293428338983,0.4529014825820923,0.8049250960350036,0.07656429783183244,0.03981334567070007,0.08475491404533386,0.05445501208305359,2.8911766052246093
118,0.6036933064460754,0.8929924093266969,0.34463655766026896,0.2123944760570603,0.4020535349845886,0.26228898763656616,1.517389630758634,0.4797329008579254,0.8127910017967224,0.059673499206400735,0.030770429596304893,0.07828636467456818,0.05166691169142723,2.8931705474853517
119,0.6037816405296326,0.8929939135428397,0.3467985603908042,0.2134028590654814,0.4035269021987915,0.263324111700058,1.5168260887104978,0.4395923912525177,0.8325932145118713,0.02258515537224337,0.0114281608723104,0.07891754806041718,0.05138770490884781,2.887799596786499
120,0.6042137145996094,0.8928328207744065,0.3431305238467532,0.21174337238233576,0.40371936559677124,0.26358628273010254,1.5134904000066942,0.44498583674430847,0.8172539830207824,0.05820632264935127,0.029985841363668442,0.08587279915809631,0.05500727891921997,2.6734118938446043
121,0.6049920320510864,0.893081118342697,0.34496849358227777,0.21218028808793715,0.40562254190444946,0.26512986421585083,1.510692620790133,0.47936323285102844,0.8281740427017212,0.028676424789296683,0.014577181078493595,0.07652118057012558,0.050739776343107224,2.9659708023071287
122,0.6052301526069641,0.8930301736759884,0.35122998043627995,0.21751458069650076,0.4063454866409302,0.26562705636024475,1.509691672940408,0.4758833646774292,0.8334535837173462,0.017311791680761367,0.008738140389323235,0.08149467408657074,0.05327922850847244,3.1535969734191895
123,0.6059110164642334,0.8932104899037269,0.3520911258017575,0.21718904191768298,0.4086860120296478,0.26750919222831726,1.506537736103099,0.4788663685321808,0.8259682774543762,0.03519200890967037,0.01793944910168648,0.07871520519256592,0.05194403603672981,3.187616062164307
124,0.6053104996681213,0.8933669604280944,0.34960217378831926,0.21579067865687032,0.4050274193286896,0.264557421207428,1.510350993884507,0.44605696201324463,0.8214414358139038,0.04690159881524858,0.024041062220931053,0.0868145003914833,0.05541692674160004,2.7500506401062013
125,0.6055753827095032,0.8930019531198727,0.34923074754502403,0.21517496243599923,0.40867719054222107,0.26750022172927856,1.505265861429194,0.46317946910858154,0.7844351649284362,0.10554944790526102,0.055744922161102294,0.0838165432214737,0.054160818457603455,2.945172071456909
126,0.6052771210670471,0.8931642757949009,0.35481446404470773,0.21919047688284227,0.4071391224861145,0.266346275806427,1.5076220099643995,0.4610733389854431,0.8174052596092224,0.05341449638340009,0.0274554543197155,0.08162336051464081,0.05290645733475685,2.871223783493042
127,0.6058313846588135,0.8934061469570282,0.3524829990758667,0.21744775347491746,0.40660935640335083,0.2657572627067566,1.5091476337884062,0.42958950996398926,0.8015581369400024,0.0820365662634022,0.04278694167733192,0.08742926269769669,0.055442873388528824,2.5872359752655028
128,0.606216549873352,0.8929537425759018,0.3543982834775234,0.21984276271635486,0.4084130525588989,0.2673541009426117,1.5051454139012161,0.46153581142425537,0.8166067957878113,0.05380893768237442,0.027669630572199823,0.0836857259273529,0.05408303067088127,2.7946175575256347
129,0.6063185930252075,0.893494636781754,0.3479463315974243,0.21347156944133902,0.40921956300735474,0.2679360806941986,1.5052576834155666,0.4652460515499115,0.799581253528595,0.08345577197955664,0.04357484355568886,0.08051393926143646,0.052330538630485535,2.901195430755615
130,0.6062471866607666,0.8929547545730426,0.3483056185008282,0.21432031410676178,0.40836480259895325,0.26724016666412354,1.5056216601402528,0.4369102716445923,0.8175181746482849,0.05095476426523142,0.026152177527546883,0.08592477440834045,0.05465991422533989,2.832701587677002
131,0.6062836050987244,0.8929518557363941,0.3470417065651445,0.2150320333618951,0.40962108969688416,0.2682218849658966,1.5050168345051427,0.4386880397796631,0.832774567604065,0.019501221142403182,0.009850782714784146,0.08296456933021545,0.05339183285832405,2.858492708206177
132,0.6072503924369812,0.8930207663966764,0.357673309927971,0.2211095671499929,0.41010597348213196,0.2686629593372345,1.5002898554648123,0.4606606960296631,0.8147685408592225,0.05616784068698196,0.02890903688967228,0.08536723256111145,0.05500634387135506,2.799244928359985
133,0.6067125201225281,0.8932657549458165,0.35778825238811557,0.22160476726549927,0.4090260863304138,0.26779741048812866,1.5026137508371824,0.4720252752304077,0.82572021484375,0.03586839971258039,0.018285268731415272,0.07908599823713303,0.051870133727788925,2.8954528331756593
134,0.6071496605873108,0.8937297809508539,0.3541043723188193,0.21887816208344635,0.40998658537864685,0.2685622274875641,1.501610355992471,0.4602549374103546,0.7820755004882812,0.10564222964264802,0.05580155253410339,0.08407143503427505,0.054187290370464325,2.8543734550476074
135,0.607792317867279,0.8937689123615142,0.3555766457364058,0.2201743947882806,0.41187211871147156,0.2700648903846741,1.4952223582934308,0.46103549003601074,0.8221919417381287,0.04008400198441378,0.02047652378678322,0.08487574756145477,0.05476062744855881,2.7449159622192383
136,0.6085730195045471,0.8939167145759829,0.35902089342406174,0.2215556471097854,0.41318467259407043,0.2711547315120697,1.4946170647939045,0.4537215828895569,0.8129985213279725,0.06095499934190842,0.03145042061805725,0.08544313162565231,0.05487872287631035,2.7479085445404055
137,0.6086316108703613,0.8943991987935959,0.3565069848143831,0.22076515040250236,0.412598580121994,0.27072378993034363,1.4934946990782214,0.4085521399974823,0.7480351090431213,0.14703379281097403,0.079424449801445,0.08677346259355545,0.05429801717400551,2.798011302947998
138,0.6090357899665833,0.893894455125255,0.3530745057821497,0.2178664325225738,0.412943571805954,0.2709478735923767,1.4913075944428802,0.4233553111553192,0.7975226283073426,0.09065463987990452,0.04748907685279846,0.08941761404275894,0.056091926991939545,2.8159322261810305
139,0.608530580997467,0.8937386408928902,0.3638685918951727,0.22553967716552878,0.4128069281578064,0.2708500027656555,1.4950476679750668,0.4466690421104431,0.8188572525978088,0.05145305683840649,0.026415960118174552,0.08426949381828308,0.054155897349119186,2.7863446712493896
140,0.6084346771240234,0.8936371066237009,0.36360514332600935,0.22629675429354432,0.4127863645553589,0.27083393931388855,1.4939767519632976,0.4432201087474823,0.8224472045898438,0.04153588950084775,0.021215206012129784,0.08364005386829376,0.05368749797344208,2.81094651222229
141,0.6086115837097168,0.8939090576223148,0.35239588761399027,0.2173509749994483,0.4130653738975525,0.2710339426994324,1.49462640541856,0.4723760187625885,0.8215375661849975,0.03939091023368953,0.02010952029377222,0.07994429022073746,0.05244876444339752,2.8889925479888916
142,0.6093407869338989,0.8940931475290688,0.36212983615137295,0.2244233784656371,0.414236843585968,0.2720218598842621,1.492135161994606,0.46232497692108154,0.822972321510315,0.039388523606106764,0.020108204707503317,0.08382533490657806,0.05425303429365158,2.7834585189819334
143,0.6092811822891235,0.8938540386897261,0.3586700121152402,0.22247610874073478,0.41437971591949463,0.27219367027282715,1.491479342983615,0.44519731402397156,0.8066541433334351,0.07209145170304751,0.037407918646931645,0.08561322093009949,0.054684288799762726,2.8446849822998046
144,0.609602153301239,0.8938333930507782,0.3599182230605199,0.2221489643217415,0.4142012298107147,0.2718319594860077,1.4887807228231942,0.45295649766921997,0.8150615096092224,0.05615964329034344,0.028904548659920693,0.08386904746294022,0.05399667099118233,2.9030792713165283
145,0.6098739504814148,0.8944921730667033,0.3593380085611792,0.22261756177871458,0.4141758680343628,0.27195096015930176,1.489439155465813,0.4328097403049469,0.8107465505599976,0.06609504982424146,0.03419177979230881,0.08654428273439407,0.05489831417798996,2.84226393699646
146,0.6096643805503845,0.894322330592781,0.36083954611365276,0.22359371842235648,0.41505685448646545,0.2726966440677643,1.4907300177440848,0.4439714550971985,0.7980133056640625,0.08726967275013404,0.0456444725394249,0.0860380008816719,0.05493969842791557,2.8014339923858644
147,0.61014324426651,0.8934983829016326,0.35964681355808154,0.22279488014918503,0.41700980067253113,0.27421867847442627,1.4872744467950636,0.45740604400634766,0.8221363663673401,0.04104743838375903,0.020966219529509545,0.08393295109272003,0.05421801656484604,2.8703080654144286
148,0.6100478768348694,0.8941650115033631,0.3601149394133958,0.22291234848640298,0.4169161021709442,0.2742272615432739,1.4873630949245986,0.4471934139728546,0.7900233626365661,0.10005928732011429,0.052679895609617236,0.08706928044557571,0.055562276393175125,2.8310141563415527
149,0.6096745729446411,0.8943606961158014,0.364328516531554,0.2262653899128719,0.41553041338920593,0.27309852838516235,1.4897440941103044,0.4570673406124115,0.7859359741210937,0.10170513476895467,0.05360249355435372,0.08511579781770706,0.05478641763329506,2.8251293182373045
150,0.6104320287704468,0.8942389263901659,0.3628657203623988,0.22488231580424053,0.4157865643501282,0.2732478678226471,1.4858436930564143,0.4468959867954254,0.8171316981315613,0.05182270033013616,0.026609350368380545,0.08524436503648758,0.054598525166511536,2.7377040863037108
151,0.6107049584388733,0.8949081256825436,0.3572952026692016,0.22190365371524648,0.4177064597606659,0.2748672068119049,1.4844882770251202,0.4564363658428192,0.8189971923828125,0.04838021264986039,0.024808494374155998,0.08406177908182144,0.054140131920576096,2.9392277240753173
152,0.6101937294006348,0.894550282468078,0.3620896548435282,0.22415284556086346,0.4154339134693146,0.27296340465545654,1.488135850557717,0.45044976472854614,0.8127192854881287,0.060852288893401676,0.03139134012162685,0.08383283019065857,0.053961507976055145,2.810066080093384
153,0.6106094121932983,0.8947627845630851,0.3622819130422113,0.22436038332600747,0.41575998067855835,0.2732998728752136,1.4864282326031757,0.4528636634349823,0.8020671248435974,0.07943492880036129,0.04138202592730522,0.08432279527187347,0.05425107851624489,2.83723406791687
154,0.6103129386901855,0.8940605790384354,0.36458659382160796,0.2257962505663595,0.41739967465400696,0.27463462948799133,1.4886289655521352,0.44809088110923767,0.8063929915428162,0.07149622885266264,0.03710034117102623,0.08571139723062515,0.054826125502586365,2.855153131484985
155,0.6110613346099854,0.8945188349293124,0.3609050792157539,0.22379603549357382,0.41888564825057983,0.2758592665195465,1.4856426139031687,0.45765018463134766,0.8067079782485962,0.06977597289119059,0.03617282323539257,0.0845862478017807,0.054473698139190674,2.9057812213897707
156,0.6106806993484497,0.8939375518470682,0.36173124576083815,0.22499839336641372,0.4177151024341583,0.2748362421989441,1.4850354271550332,0.4641474187374115,0.8189900040626525,0.04803939632970165,0.024637190252542497,0.0818619430065155,0.053158365190029144,3.003092813491821
157,0.6106640696525574,0.8941263453934782,0.35197135591194184,0.21789525393196332,0.41708600521087646,0.2743728458881378,1.487070643773643,0.45235475897789,0.8134804844856263,0.05948793735606119,0.030677680298686026,0.08604852110147476,0.05512323975563049,2.8527366161346435
158,0.6104815602302551,0.8941705630671594,0.3614413259780973,0.22553502968562547,0.4176410734653473,0.274691641330719,1.4848528151871057,0.4568231999874115,0.8075182199478149,0.07011387307553331,0.03635691665112972,0.08501485735177994,0.054622698575258255,2.9063031673431396
159,0.6106070876121521,0.8940250303155632,0.36564246677097517,0.22697802104296222,0.4175659716129303,0.27473947405815125,1.483550920281359,0.4600984752178192,0.820816695690155,0.04510811157931778,0.023085879534482955,0.08274147659540176,0.05359070748090744,2.8784592151641846
160,0.6109352111816406,0.8943573601784245,0.3685353485411129,0.229315169395939,0.4187608063220978,0.27574285864830017,1.484166904162335,0.45545122027397156,0.8072575211524964,0.07073249895595017,0.036685118451714516,0.08497728407382965,0.05463958531618118,2.8413865089416506
161,0.611082911491394,0.8947569599715612,0.36568212419556195,0.227812105128842,0.4182488024234772,0.2753005921840668,1.4818728341851184,0.4485894739627838,0.811395263671875,0.0635295812774268,0.0328241903334856,0.08558367192745209,0.05478300526738167,2.8473454475402833
162,0.6114099025726318,0.8947882427964159,0.3646796360040199,0.2271113215434936,0.41919177770614624,0.2759828269481659,1.4822790443256337,0.45567643642425537,0.8011409163475036,0.07928736009735396,0.041301491856575015,0.08438657224178314,0.054273251444101334,2.8768124103546144
163,0.6114757061004639,0.8943540511592742,0.35742548513946676,0.22208811478909626,0.4183453917503357,0.27538445591926575,1.4813743804090767,0.4520091712474823,0.7956647634506225,0.08918644791091876,0.046701223403215406,0.08548852801322937,0.05475630238652229,2.873463535308838
164,0.6113250851631165,0.894443908686279,0.36022822728136533,0.22466751248125108,0.41929927468299866,0.2761005759239197,1.4811833943090131,0.4564208984375,0.8105950474739074,0.06476106437207448,0.0334928210824728,0.08486589789390564,0.054555900394916534,2.877876853942871
165,0.6111754775047302,0.8947217111946434,0.3656680296769813,0.22728095379888372,0.4190908372402191,0.2759194076061249,1.4825290928604782,0.45560595393180847,0.8124795079231262,0.061713705002313116,0.03185693360865116,0.08574072271585464,0.055040936917066574,2.8294888019561766
166,0.6115090250968933,0.8948613648773521,0.3683483911638378,0.22984137025571638,0.41652601957321167,0.2738984525203705,1.4836761348990983,0.4554477632045746,0.8043703317642212,0.07444762751369166,0.03868656679987907,0.0849844291806221,0.054592568427324295,2.886754035949707
167,0.6111291646957397,0.8947756642936379,0.35997768878801334,0.2226018627644867,0.4193513095378876,0.27620217204093933,1.48087360653826,0.4535771906375885,0.8098942399024963,0.06573727792011452,0.0340022511780262,0.08479108661413193,0.05448237806558609,2.8910008907318114
168,0.6120752692222595,0.8941868062942259,0.36712794937674104,0.22823029876716674,0.4195196032524109,0.2763655185699463,1.4811228052262337,0.45901361107826233,0.8136553049087525,0.05941217663974021,0.030637868493795396,0.08451784402132034,0.05442805215716362,2.8983898639678953
169,0.6117799878120422,0.894770578030617,0.3565122000121465,0.2207223631201252,0.42009517550468445,0.2768069803714752,1.4823292186183314,0.4518905282020569,0.7995989084243774,0.083119424093448,0.043391264230012896,0.08584458380937576,0.05495240166783333,2.8291616916656492
170,0.6117620468139648,0.894841484485134,0.36235335886241515,0.22448878951611057,0.4184577167034149,0.27543947100639343,1.483070561962743,0.4580387473106384,0.8088307023048401,0.06748068312750896,0.03493957594037056,0.08432205766439438,0.05429283529520035,2.8623952865600586
171,0.611504852771759,0.8944181492251735,0.3587162244942763,0.22242550055185953,0.4194609820842743,0.2762804925441742,1.4805525425941712,0.45502999424934387,0.8137163400650025,0.05967702335431796,0.030775343254208564,0.0847148448228836,0.05444711819291115,2.8534379959106446
172,0.6110499501228333,0.8934494346700689,0.36612306615014084,0.22742135806750224,0.41858258843421936,0.27552443742752075,1.4838866315862185,0.45639511942863464,0.81235830783844,0.062072743364612326,0.03205353431403637,0.08469466120004654,0.05448046326637268,2.887703847885132
173,0.6119915843009949,0.8945949378833976,0.36273335277710184,0.22573214416862816,0.41992127895355225,0.27664288878440857,1.4774641606115526,0.45633837580680847,0.8121919870376587,0.06256868017927715,0.03231597393751144,0.0843411237001419,0.05426443740725517,2.882139253616333
174,0.6118510961532593,0.8941493156135724,0.36527337281987216,0.2269079519375678,0.4198736846446991,0.2766381800174713,1.4818115862466956,0.4540327787399292,0.8115764021873474,0.06194374684743302,0.03198173008859158,0.08500339835882187,0.0545656718313694,2.8740219593048097
175,0.6120610237121582,0.8949873184645047,0.36946362074424516,0.23023581216412206,0.41932258009910583,0.276155948638916,1.479193777166387,0.4580576717853546,0.812164306640625,0.06200371422395853,0.03201673440635204,0.08474001288414001,0.0545487217605114,2.852194881439209
176,0.6114221215248108,0.8942383521346635,0.3642925977210218,0.22724082008484872,0.420183926820755,0.27691715955734253,1.480929583631536,0.45442134141921997,0.8139591813087463,0.05873505198973972,0.03027466796338558,0.08471010625362396,0.054447323083877563,2.884235143661499
177,0.6119646430015564,0.8943945496313034,0.3592125243574429,0.22278962941259467,0.41954270005226135,0.27631083130836487,1.4801545232854865,0.45079708099365234,0.8058037877082824,0.07429024249424179,0.038601382076740264,0.08570513874292374,0.05486597493290901,2.85406379699707
178,0.611375629901886,0.8945045061008905,0.366690008746599,0.22804323295431753,0.41796252131462097,0.27498480677604675,1.4824680679587907,0.4547291100025177,0.8107354283332825,0.06393945414809951,0.03305289819836617,0.08522956818342209,0.054716628044843674,2.8593844413757323
179,0.6117734313011169,0.8944332163820985,0.3709838783708112,0.23111292880068543,0.4189240634441376,0.27584800124168396,1.4820557153353127,0.4593815207481384,0.8117619156837463,0.06212655121211497,0.03207982406020164,0.0833025798201561,0.05381426960229874,2.9353758811950685
180,0.6119312047958374,0.8941163638586639,0.3630956467690867,0.22605705197139453,0.4194054901599884,0.27631932497024536,1.481274402269753,0.45406201481819153,0.8099217057228089,0.06651685480527471,0.03442731909453869,0.08500714600086212,0.054575834423303604,2.8914514064788817
