epoch,split,loss,acc_all,acc_no_bg,f1_macro,iou_macro,d21_acc,d21_f1,d21_iou,d21_bin_acc_all,pred_bg_frac,lr,sec,d11_acc,d11_f1,d11_iou,d11_bin_acc_all,d22_acc,d22_f1,d22_iou,d22_bin_acc_all
1,train,2.363689881938321,0.563946223759151,0.19181736011605163,0.22412607757652891,0.1313515476433969,0.8955595555391166,0.2839159630514205,0.17001625472032422,0.9517250327796484,0.6131354378653573,0.00019996590383506793,28.417990684509277,0.91399682625343,0.07743617888327085,0.04140287406633867,0.9802341061037819,0.9444182369315902,0.000447435125912411,0.0002252889515051964,0.9894071458935818
1,val,2.013646185398102,0.7784530719121298,0.18053709653516611,0.24379990330130577,0.14810554462150544,0.9150206584383161,0.2900940250666269,0.17590264854258322,0.9767006768119906,0.8716095089912415,0.00019996590383506793,28.417990684509277,0.9218487658044244,0.21759252758497302,0.12630940532109688,0.9802774217392907,0.9453962365130574,0.0,0.0,0.9896578470865119
2,train,2.1667037393663313,0.7052837985378879,0.24923030495435208,0.3311611256908424,0.20393881011999412,0.9240747979279743,0.38498226318434536,0.2441110779946444,0.9737748899659175,0.7634564379712084,0.0001998636387080801,30.869444370269775,0.9252754581206035,0.4134784757074824,0.26811005347135713,0.9729091937724625,0.9495363432859588,0.33382063139081436,0.20604281593729573,0.9851282293145553
2,val,0.7595334947109222,0.7564662595589956,0.7450822492440542,0.7384243451892317,0.5922430933102494,0.9771609503977214,0.8695403656117039,0.770034119204808,0.984732394748188,0.6214254597822825,0.0001998636387080801,30.869444370269775,0.9740958776668989,0.8560661041811533,0.749418127148736,0.977552371554829,0.9742105561813027,0.7561308654765407,0.6095296265187325,0.9889351738823021
3,train,2.126181980946681,0.7402198631446678,0.2559237035082562,0.35084883836060854,0.21884197051012802,0.9278251406787377,0.39679706065293596,0.2540065019352825,0.9771188589242045,0.8035746220942144,0.00019969327470644626,34.13999676704407,0.9209431748470702,0.3552024348796597,0.22069689533050219,0.9737771841195179,0.9455318760788304,0.3183044591584125,0.1927433268711379,0.9839442859995697
3,val,0.7935939828554789,0.808094451824824,0.7018250823020935,0.7013038331336018,0.5468958167780232,0.9621220477558029,0.7608425414131078,0.6150864566784698,0.9855905320908528,0.6834840575853983,0.00019969327470644626,34.13999676704407,0.9568796486374903,0.7376083000741339,0.5848069371726522,0.9784556070962785,0.9598826743053498,0.6631318644155128,0.49802607424034995,0.9850584242078234
4,train,2.069384196421483,0.7603206501140461,0.26632695962915887,0.370046978390111,0.2336976745983448,0.9302217477034077,0.415190591094224,0.2688360497281246,0.9784185769673915,0.8244069239476344,0.0001994549285891432,32.5846164226532,0.9277369133398766,0.3974756731054111,0.2550570839990118,0.9785234678040937,0.9519604810122928,0.4023128206605841,0.2591069966703072,0.9849300784663801
4,val,0.7978911399841309,0.8489209612210592,0.7000734806060791,0.7085683799354143,0.5576174620530977,0.9757630419027437,0.8548530854847581,0.7483303075996939,0.9867908901637693,0.7254035174846649,0.0001994549285891432,32.5846164226532,0.9732240880130583,0.839185855452259,0.7245813327404212,0.9854049682616427,0.9763454960108388,0.8034668604642171,0.6741746795971011,0.9867563883462779
5,train,2.0564298296308183,0.7681035395268794,0.26739122564871826,0.3740738617469821,0.23647162371457942,0.930596301337683,0.4151178052573388,0.26848342390258284,0.9789984643041755,0.8333144287963014,0.00019914876370669414,33.62937068939209,0.9269984429955312,0.4059812178833808,0.2614157080217906,0.9794741543855785,0.9444359655947127,0.28919388487498326,0.17225378849181758,0.9850191769899268
5,val,1.2965259949366252,0.7610801756381989,0.6621041695276896,0.641568564854999,0.48963597364883665,0.9685037032560455,0.81903342229317,0.6968704531988688,0.9846143934461046,0.6423011819521586,0.00019914876370669414,33.62937068939209,0.969732373005777,0.8289006890371162,0.7091706277112042,0.9855779859754014,0.9506108407088864,0.5690334006997164,0.39945813107154976,0.9845676845973633
6,train,2.041596080039765,0.7749404907226562,0.26825969520357107,0.3761957089189471,0.2385113903694318,0.9310342980721703,0.4182228380577352,0.2719788758154152,0.9794106116660911,0.8409417425835883,0.0001987749898892162,33.882089614868164,0.9308876404656663,0.3987249212242047,0.2569497266757714,0.9826929585916261,0.9543050680726439,0.33372831020339105,0.20675684066153854,0.9900433733745969
6,val,1.031508336464564,0.8764473001162211,0.6423522035280863,0.6769921591554598,0.5266886741590178,0.976047564817761,0.849757536713161,0.7422686630412944,0.9907020568846892,0.7925669451554617,0.0001987749898892162,33.882089614868164,0.9724704524036536,0.8285691924226571,0.7092756845462768,0.9894057379827794,0.9762312274785298,0.7375343961821273,0.5937341126191558,0.9939318339029178
7,train,2.0288276830753245,0.7799494283182637,0.27277805729137433,0.38258735161447177,0.2445077186365368,0.9321484691144907,0.42199116550401516,0.276562803201342,0.9804120897412384,0.8458126574963123,0.00019833386330261348,34.11258912086487,0.928157542067775,0.4261369043287048,0.27891187903646736,0.9753978702571103,0.9518844681034403,0.38171722950901327,0.24236665795957407,0.9857385275246461
7,val,0.7824540336926779,0.8517789244651794,0.707279791434606,0.7091273244181496,0.5685283363190043,0.9837424162626092,0.9060141190352611,0.829863773931368,0.9877872890895505,0.7315289874871572,0.00019833386330261348,34.11258912086487,0.9802518939305133,0.8845589340522325,0.7945883534733121,0.9857048882377711,0.9769115834473471,0.7955891051318514,0.6627634234720697,0.989758385552224
8,train,2.018692384233008,0.7860000717056381,0.2702729076772303,0.3810328426908888,0.24300911600018593,0.9320059132185536,0.42284008196235784,0.27662248560354524,0.9805095112406377,0.8531907621797148,0.00019782568627301365,33.48618507385254,0.9204647380573482,0.36457758668732815,0.22802238200048372,0.9777465500197299,0.9478965924651007,0.23089258606036236,0.1343494209940487,0.9883055253461605
8,val,1.7750152945518494,0.8523469765981039,0.47221789757410687,0.4842853543449362,0.35064917473874185,0.968229700108874,0.8078808255847073,0.679137824006546,0.9874145507811738,0.8210488259792328,0.00019782568627301365,33.48618507385254,0.947441143342762,0.7255584915706779,0.5698930955270581,0.9781985812716258,0.9602195305030118,0.5781695163627232,0.40884124651508175,0.9895659552679357
9,train,1.9995674820213052,0.7914608508556873,0.27366389203946906,0.3870424382492667,0.24813639538800833,0.9332096729070962,0.4266850284412286,0.2797372876019615,0.9815311565265038,0.8593340787020597,0.00019725080707956878,34.86695575714111,0.9293308017469509,0.40717058683604923,0.262006713869327,0.978071252782787,0.9535836703679418,0.4052234967338221,0.26091638524766686,0.9857187337807922
9,val,0.6435037056605021,0.8179114560286204,0.7777111728986105,0.7786756429889944,0.644744317758334,0.9831304667381141,0.895901478779794,0.8126926602504555,0.9901627434623802,0.6758606831232706,0.00019725080707956878,34.86695575714111,0.9787673301291003,0.8651533749257926,0.7627980934233264,0.9891064114040035,0.9807162685363712,0.8294434293718332,0.7121305845330856,0.9895175509981874
10,train,1.9830924964451289,0.7985886793870193,0.27412408777883834,0.3911785057771854,0.24975160597688237,0.9338115048593093,0.4306059758958848,0.28145282252819653,0.9820678817641567,0.8676343264279666,0.00019660961971576226,33.957162380218506,0.9311588537863293,0.3870849202692242,0.2478166954288425,0.9819046767440791,0.9505288692784843,0.25123908882559887,0.14801950885087473,0.9899118063332398
10,val,1.626563012599945,0.8677508930365244,0.4324977546930313,0.49630786197682397,0.35117363537518465,0.969366454668247,0.796569576668163,0.6644257222376283,0.9909233940971457,0.861107220252355,0.00019660961971576226,33.957162380218506,0.9713818381282268,0.8237902959698874,0.7021391212155818,0.9843737284341687,0.9639058518976649,0.5763690336897728,0.40949034103613374,0.9922817654079094
11,train,1.9898428958612722,0.8020694439227765,0.27501843286795424,0.39414430007072815,0.252842921969885,0.9338889383052972,0.42886191268521634,0.28100271964383083,0.9823427000245096,0.8715588763043597,0.00019590256361938518,32.26828956604004,0.9281832163168217,0.3486978172590434,0.21579726964839366,0.9814701213702539,0.9442541024373635,0.3232339651215807,0.19656852619427578,0.9819025426477068
11,val,0.7831739683945974,0.8113569517930349,0.7228022913138071,0.7140839304595854,0.5652637146564875,0.9657765955380965,0.776876201232772,0.6372394601043659,0.9863550821939343,0.6804530719916025,0.00019590256361938518,32.26828956604004,0.96826949632541,0.7711505140578447,0.628436299441568,0.9903260972763993,0.9583556820159954,0.638839229525327,0.47207968065968736,0.9852462768553926
12,train,1.985299450534207,0.8017568521566324,0.2764558275002283,0.393697247502282,0.2536118546635305,0.9336284580839119,0.4271006973899341,0.28063956070578855,0.982139320640222,0.870272709773137,0.00019513012337136777,34.10832381248474,0.9340743370339789,0.4392627517353688,0.28907426707444084,0.9796358655381954,0.955994105562899,0.4034957660713764,0.2598156248796376,0.9884337311857311
12,val,0.7087258299191793,0.8397290607293447,0.8048584858576456,0.8077709410368524,0.6832262662003991,0.9801830122796721,0.87900321379552,0.7858408578427447,0.9867990281846025,0.6953432758649191,0.00019513012337136777,34.10832381248474,0.9800701320958213,0.8838771636890431,0.7922711155702052,0.980715264214334,0.9795101105307631,0.8143721334033737,0.6923491384776898,0.9893417358397674
13,train,1.9717317669541685,0.8012735326806982,0.2785539588519743,0.3975074837704746,0.255719183498391,0.9342566826660675,0.4322920779007755,0.28401971006793497,0.9823855420091852,0.8697401460234102,0.00019429282836367175,34.62879657745361,0.9299383594392502,0.3875726660514018,0.24742919349299106,0.9828835867500888,0.9532516257258801,0.310912291078332,0.18937711096493426,0.9899969567784976
13,val,1.048291265964508,0.8997607032457987,0.5987647871176401,0.6586512829787078,0.5000724433770095,0.9690932947797027,0.7961459525446432,0.6644704609206468,0.9930710686576925,0.8249614338080088,0.00019429282836367175,34.62879657745361,0.9707087313882705,0.8125000233956167,0.6851203499105946,0.9924747890895501,0.9727522731639544,0.6963947880784677,0.5415464834877238,0.9943700154621627
14,train,1.9937956308151459,0.8006869229403409,0.2759639901350011,0.39224563601145773,0.2533758888601094,0.9335484466767668,0.4257170797848339,0.28061836231987264,0.9821566068208385,0.869503207973667,0.00019339125243647155,34.185869216918945,0.9317984487253747,0.4267858872744951,0.27958015309666967,0.9832995754854745,0.9548622323713556,0.3363910111421204,0.20846616006854968,0.9908894892338352
14,val,0.7998303671677908,0.91670490304629,0.7096009949843088,0.7400523057427084,0.5948710640546133,0.9687150024371248,0.8028791486283339,0.6710766297371453,0.9920754326713644,0.8074871599674225,0.00019339125243647155,34.185869216918945,0.9721145739685632,0.8447949075338682,0.7313718547498257,0.988653649224099,0.9768009768005683,0.7535446149865388,0.6071558120232585,0.9948332044812599
15,train,1.9658010972963347,0.8045021003776497,0.2783091719151585,0.397642023083133,0.25576243636667323,0.9339526615251911,0.4305235361257636,0.28223974736495144,0.9825627787129111,0.8729727151510599,0.000192426013484873,34.25691509246826,0.928876180994358,0.3836833679171842,0.24361880623973214,0.9798112349075955,0.9500715851409365,0.37079752084349626,0.2333758487893944,0.9848643482981111
15,val,0.6948235134283701,0.8687144915262858,0.7645550767580668,0.7766280217973894,0.640802294965766,0.9783248942242104,0.8638202879159612,0.7606995117295164,0.9901679992675018,0.7336869239807129,0.000192426013484873,34.25691509246826,0.9765014941979723,0.8420156643403359,0.7275061473746726,0.991837819417241,0.9748810818976157,0.7735785993665947,0.6315753424200433,0.9912961324055224
16,train,1.9528699404709822,0.8073591218961702,0.27925526905622516,0.40099052113766875,0.25854020725267896,0.9349354728577488,0.43536341197886486,0.28576131690845435,0.9831381310949041,0.8766552584988254,0.00019139777303543875,33.15566372871399,0.9331729766425891,0.4166882075957851,0.27063762036610967,0.9780594085479204,0.9527051415519651,0.3623862669103905,0.2276493385081146,0.9873989078547651
16,val,0.787785271803538,0.7477636635303497,0.7752410968144735,0.7714809697022496,0.6358014942570017,0.9792508108323609,0.8668439445810661,0.7669851134075668,0.9851207309298284,0.6062139769395193,0.00019139777303543875,33.15566372871399,0.9789902765287866,0.8662220623329242,0.7646077799537846,0.9773064507377717,0.9727746870714414,0.7484785034371031,0.6021671994186178,0.9879948086208005
17,train,1.9585191336545078,0.8073833438899968,0.28085636579386003,0.4023936991316421,0.2601786954679755,0.9349095493745129,0.435036696146723,0.28640791439516033,0.9830622639688663,0.8762173419232135,0.0001903072357928111,33.48740601539612,0.9340863281750329,0.4204593261744043,0.27449724079473703,0.9840780404897085,0.9555213375226022,0.4127421307897429,0.2678699015368983,0.988832166978454
17,val,0.6178905616203944,0.8702783485253652,0.784400870402654,0.7915749923471566,0.6604456521987256,0.9832988855191701,0.8991067931399194,0.8176528775955618,0.9923400878905483,0.7306964496771494,0.0001903072357928111,33.48740601539612,0.9836293357465985,0.8973674419284584,0.814753178481189,0.9933550516763555,0.9807009967033339,0.833590781795023,0.7158685192736863,0.9914920383028748
18,train,1.9505191332810408,0.8100780673793979,0.282425366361606,0.4047555685149889,0.26266155192345286,0.9349479758129824,0.4344460690223017,0.2866149804153752,0.9832009802330707,0.8786652038147399,0.00018915514915674255,33.766690254211426,0.9284808982905198,0.33105745962920424,0.2050546197995561,0.9841292588026456,0.9527485734303894,0.3352130812491595,0.20800842777615977,0.9884655292216795
18,val,1.1443148056666057,0.8665704627831777,0.6814271410306295,0.7354001600444847,0.587712906191142,0.9710650337821187,0.8219560279008155,0.7009763292917803,0.985796440972146,0.771463950475057,0.00018915514915674255,33.766690254211426,0.9678850216391958,0.7813110677584593,0.6449117880455036,0.9891955905489688,0.9743660046197182,0.7499051497869288,0.6024499113746221,0.9903098212347325
19,train,1.9464011609137475,0.8108018995164992,0.2814398565805042,0.40438092007490045,0.2612383325829627,0.9351414861237777,0.43452237361163226,0.2861033970917771,0.9833499935122719,0.8799783133126639,0.00018794230270986553,33.37607789039612,0.9250615962256342,0.42466305200844695,0.27604767516262196,0.9719999620130109,0.9498778641050788,0.35443441729278113,0.21993974016145904,0.9850128280532192
19,val,0.7455422679583231,0.8896093666553497,0.7418064971764883,0.7697361860398897,0.6333898208735832,0.9805053094540753,0.8838230101376494,0.7924646390917389,0.990782335069368,0.7706379393736521,0.00018794230270986553,33.37607789039612,0.983482883619835,0.902876544794254,0.8232615257301384,0.9884431627060869,0.9780804330823135,0.7918038446400507,0.6569512633386777,0.9929534912108609
20,train,1.94906812447768,0.8090954227047367,0.28436609214315045,0.4061375699944896,0.2635153562016263,0.9352890386276284,0.4366171405576881,0.28825795453176317,0.9832352324798473,0.8771962519292231,0.00018666952767655164,33.162779092788696,0.9351388237162132,0.42540562456458175,0.2782894008888901,0.9826313899112831,0.9540560827275046,0.3752164029138868,0.23731247681574505,0.9889999603057321
20,val,0.6068704624970754,0.8487640420595804,0.7977987130482992,0.7988789318832148,0.6698932526611402,0.9800826272319426,0.8717671133817628,0.7734790151335265,0.9898019578721023,0.7044337888558706,0.00018666952767655164,33.162779092788696,0.9822147624112382,0.8872291532588773,0.7975895572651096,0.9872499254013993,0.9735358514429535,0.7587152637972743,0.611733443782901,0.9900862799749669
21,train,1.9350284167103,0.8130840488247104,0.283795968062811,0.40779539892890093,0.26370915488609276,0.935523606703489,0.4394162556891975,0.2887429698644764,0.9836046445619059,0.8816228479772181,0.00018533769635323215,34.269264936447144,0.9283818364171739,0.3165539591395293,0.19371860053594916,0.9855106593844855,0.9530254031835118,0.3390197991643014,0.21072315347852688,0.9902685205418827
21,val,0.8019212881724039,0.9070049822330475,0.7415869931379954,0.7574216789715577,0.6202958633918739,0.9712696334830552,0.7972276716970637,0.6636444645727816,0.9938398573132914,0.7833056151866913,0.00018533769635323215,34.269264936447144,0.961540362364136,0.7220745749388068,0.5654999379302393,0.9914394802516596,0.9687025911609771,0.6966815767687285,0.5367572884938471,0.9925274319118157
22,train,1.940571459023269,0.8122376128510161,0.28493709784079263,0.40894544244007613,0.2653308422369579,0.9356479546247523,0.43944301983439593,0.2902038222545752,0.9836135544142606,0.8809901951076268,0.00018394772151056967,33.208024978637695,0.9330896331209532,0.4222637995530804,0.2772944090883841,0.9834736110446419,0.9578659338059509,0.41582235288317904,0.2719857191350692,0.9902490469124847
22,val,0.6214507321516672,0.8911076982816061,0.804438720146815,0.8116141675314906,0.6883598882651428,0.9841101375895795,0.9081057836518961,0.8329078669989283,0.9898490905760954,0.7493731280167898,0.00018394772151056967,33.208024978637695,0.9751654697048969,0.855338097184533,0.7492789926905243,0.9889979044595592,0.9847057111247132,0.8587262359376351,0.7546914997015669,0.9934847513833868
23,train,1.9337818814324332,0.8123775562206348,0.2875693110631896,0.4100208989717861,0.26781478513316326,0.9355213948722416,0.4360300777042535,0.2894679226573736,0.9835117580172982,0.880201273031168,0.00018250055576789055,33.87004542350769,0.9310683014168061,0.42639758422319146,0.27879349698292455,0.9778074251187517,0.9546823948793107,0.41728954014569175,0.27106139767615856,0.985680586808136
23,val,0.4727228631575902,0.8424555559953054,0.8542464772860209,0.8541200144422331,0.7491230626323554,0.9880140476633598,0.9281574830102226,0.8675997987940937,0.9885040283202362,0.685441255569458,0.00018250055576789055,33.87004542350769,0.9861931913896654,0.9136477286029111,0.8416940576313244,0.9883285522460175,0.984729858138329,0.8631536763495395,0.7622645429452435,0.9899862501355572
24,train,1.9159666124757353,0.8145902940443346,0.28931199876474334,0.41473549581407704,0.27076723263645047,0.9360968281346996,0.4407986645943973,0.29187281985055186,0.9838960020691447,0.8825510731943838,0.00018099719094030725,33.08039736747742,0.933037111756091,0.3825373332006482,0.24330487094717226,0.985221756088075,0.9466426157039399,0.3076108184089443,0.1853399853958612,0.9867615066207452
24,val,0.5860367715358734,0.8814326922098795,0.7977555096149445,0.7994488155626902,0.6718816472550683,0.9657765023603476,0.7694533371860831,0.6256532332724745,0.989956156412684,0.7383624712626139,0.00018099719094030725,33.08039736747742,0.9755721998964256,0.8306768988330533,0.7108179865113136,0.993269432915505,0.9560869529157655,0.6153904907798096,0.4455221201783605,0.9874249776203664
25,train,1.9313565509302633,0.8132811326246995,0.2891208073059162,0.4140558813181034,0.27024783667247093,0.935669725573192,0.43817412540963396,0.289410128514339,0.9837302894858296,0.8808500916807802,0.00017943865735897788,34.69453692436218,0.9327778059652975,0.3969772138103728,0.2542032719475592,0.982941047294915,0.953042476800544,0.33766505217382486,0.2080716315758381,0.9890331455043226
25,val,0.7929964164892832,0.8467506468296051,0.7925434907277426,0.8048562544692147,0.6789045449688937,0.9788351076236177,0.8619963813864335,0.7589932715938242,0.9895729912651147,0.7091835935910543,0.00017943865735897788,34.69453692436218,0.9761343738674823,0.8451400738791471,0.73223950883364,0.9861329820420245,0.9734770283301012,0.7369325587567889,0.5861666554400319,0.9905313279892898
26,train,1.920278715920615,0.8142097313087303,0.2879737089485764,0.4125331810478615,0.26939437820175105,0.935764027384528,0.4387866735476808,0.29009793384647425,0.9837966598830106,0.8821897173261309,0.0001778260231649686,34.717751026153564,0.9367491496555748,0.45351060585104247,0.30149724956099333,0.9843092164792463,0.9568353095821747,0.4034521660294515,0.25896215202554795,0.9899528343359988
26,val,0.5879366646210352,0.8613440692424774,0.8476730783780416,0.8504676608772165,0.7444390354956009,0.9868656924742542,0.922274848362457,0.8571114701643671,0.9914862738714513,0.708367923895518,0.0001778260231649686,34.717751026153564,0.986656815914645,0.9212087325006116,0.8547736732368768,0.9896977742512257,0.9830687597739347,0.8403389767065822,0.7278792625926903,0.992746056450661
27,train,1.9390597426807963,0.8152886770821951,0.28838704944542654,0.41340401959881956,0.2703912269568616,0.9357077229379018,0.4353181230108646,0.2883215409099483,0.9838763150301095,0.8837171968046602,0.00017616039357720308,32.35208082199097,0.9322431456567561,0.4361728371008853,0.28774725183261884,0.9808682528408341,0.9527357936430568,0.3077483888160161,0.18713088824505625,0.990148904440211
27,val,0.7838911165793737,0.8942599097887675,0.7430955668290457,0.7698225562077353,0.6336661305884529,0.9716391717761281,0.8347933383511171,0.7182936058718616,0.9900900099011821,0.777680387099584,0.00017616039357720308,32.35208082199097,0.9789697494707137,0.8766384049036055,0.7811424926233173,0.9899960835773974,0.969334634467013,0.6650256521124828,0.5026749187480154,0.9936893039278747
28,train,1.925000795117625,0.8155981744085992,0.288614226283727,0.413656447245859,0.2704774055871702,0.9357735657235245,0.43535723338528837,0.2891055202140906,0.9837731848229144,0.8838420414424443,0.00017444291013500072,34.403390645980835,0.9319685110837292,0.4079005585882648,0.2648709511519075,0.9835300578936913,0.9531687771540204,0.308605036947906,0.18884214573175487,0.9901732864912653
28,val,1.1682955225308735,0.8662465512752533,0.7330531080563863,0.7693702778007824,0.6332710752431577,0.9690794345895606,0.8059537397749396,0.6790453643574601,0.9899238586425017,0.7549211382865906,0.00017444291013500072,34.403390645980835,0.9738868613406666,0.8457337701180417,0.7347378471816596,0.9877864413790469,0.9706644253686897,0.6837990856979284,0.5281021028907107,0.992455969916373
29,train,1.904345885857002,0.8189511599240603,0.2894640708198914,0.4167554865915331,0.2716952510885201,0.9362604436353805,0.4398701330789716,0.2904543762923773,0.984367103843347,0.8872587297346208,0.0001726747499157226,32.62720727920532,0.9338312101938918,0.42847384100906233,0.28160769368557775,0.982972418511589,0.9564913673796107,0.3919890267617898,0.25135312445713776,0.9896227963320106
29,val,0.4875376174847285,0.8579984108606974,0.8446190257867178,0.8444731601187577,0.7347453639742669,0.9842599534330766,0.91054547829276,0.8373989120684399,0.9883725484211476,0.7040774126847585,0.0001726747499157226,32.62720727920532,0.9812670748220675,0.8876742549744044,0.7995398764436809,0.9891899108885956,0.9832809022136413,0.8376912272382366,0.7248027634130249,0.993178643120583
30,train,1.9158781083313736,0.816419001225825,0.29347674410555746,0.42203318668663553,0.276005345191882,0.9365499317841244,0.4457235408056007,0.29542315969353244,0.9840688638753073,0.8834083397071678,0.0001708571247280615,34.5188946723938,0.9328981536289674,0.44732381723421916,0.29831772877690993,0.9781174026168398,0.9533392945846815,0.38456815922627946,0.24497467363375314,0.9875202845859441
30,val,0.5246497988700867,0.8529295225938162,0.8434274991353353,0.8405300423336323,0.7293504556484036,0.9852313827126556,0.91537303465726,0.8457564063282114,0.9852203369139865,0.6987314025561014,0.0001708571247280615,34.5188946723938,0.985618466375838,0.916932816144182,0.8472951728042495,0.983159891764247,0.9747355708661156,0.781469245954411,0.6443306833082093,0.9883817036945851
31,train,1.9026934316941908,0.8167551214044745,0.29368704388087447,0.42135829462543134,0.27606422122289004,0.9363017688140678,0.44407078756662977,0.2941233402113245,0.9840379194779079,0.8832998742590418,0.00016899128028152852,33.60171556472778,0.9356127269849177,0.4509771075636301,0.30114111135792465,0.9802102575768208,0.9572365647013079,0.42988809300921943,0.2821049146409287,0.9883089399003563
31,val,0.5763159145911535,0.8447898924350739,0.7891625165939331,0.7912093172255741,0.6639204962629708,0.9873246720884534,0.9231405174046924,0.8586361587731077,0.9870478312173715,0.7038453916708628,0.00016899128028152852,33.60171556472778,0.9871887350706482,0.9239391516176507,0.8593970278855401,0.9831234402125976,0.9843910358901664,0.8609906755041618,0.7592049304347978,0.9894621107312603
32,train,1.9084086509851308,0.8198264061987817,0.2901927446099845,0.41732848797921906,0.2730121629969703,0.9363721550900764,0.44036900697627446,0.29204347117317886,0.984266747961436,0.8889057186100032,0.00016707849533270639,34.00113081932068,0.9363599363595573,0.4421516479165557,0.29392853028007776,0.9829876239482421,0.9577333010914779,0.4305309310287826,0.28353604706928975,0.9889982530286342
32,val,0.5368774582942327,0.8576433857282003,0.8482680718104044,0.8508518032124521,0.7447866500926579,0.9868578795200126,0.9235110251342756,0.8589964154342021,0.9880814446342553,0.7032624185085297,0.00016707849533270639,34.00113081932068,0.9866707087169995,0.9183515746821138,0.8499226364097471,0.9886707729762692,0.9848218478708866,0.8646951156792476,0.7652002228783292,0.9910133361815641
33,train,1.900012516475224,0.8178359345122651,0.2939755013798709,0.42173773682514637,0.27640877331916747,0.9367022181737324,0.44566885442910736,0.2957200934677905,0.9842787522535307,0.8850702139047476,0.00016512008080885328,33.2673614025116,0.9354262699039129,0.4231067710637386,0.27830534453117195,0.9849525931831087,0.9577457513210179,0.4144002064782964,0.2702021273783324,0.9902919422495695
33,val,0.6754441658655802,0.8958085079987844,0.7937237620353699,0.8231005368792035,0.7028967729421948,0.9819953660837832,0.8882175078861146,0.7999980189820936,0.9912216186522672,0.7642281452814738,0.00016512008080885328,33.2673614025116,0.9785429115209823,0.8646971042376658,0.7622788997917476,0.9903477986652881,0.9822541626223417,0.830328459914306,0.7117585628293743,0.9930002848306524
34,train,1.9177732209225635,0.8184531151831567,0.294122526728242,0.42005420465287174,0.27710212487749714,0.9363965196378979,0.4397075689498878,0.29282800980838186,0.9841955758474172,0.8858698064630682,0.00016311737890945883,35.738749504089355,0.9334563568921573,0.4414478589574607,0.295205128463821,0.9797234701942815,0.9542570487568733,0.3816900326050527,0.24504664794445727,0.9883980917763123
34,val,0.9077956875165304,0.8695018390814463,0.7870528797308604,0.802353553704139,0.6751152626718068,0.9809629426498035,0.8869547356884074,0.797918058112335,0.9890476650661127,0.7354529500007629,0.00016311737890945883,35.738749504089355,0.9829767607236023,0.9030030852644227,0.8234816068934823,0.982679155137728,0.9760207995094023,0.7776999548695677,0.6388355936494933,0.9901804606119026
35,train,1.9071496483329293,0.8180737795529666,0.29264372761094276,0.4196899887310971,0.2751353608341316,0.9362182610910852,0.43992271709681363,0.2920836848194333,0.9841361946158558,0.8858533205685916,0.0001610717621863677,34.31109046936035,0.9318529600541883,0.40545666176450984,0.26167825715095067,0.9839378837104527,0.9571504420718628,0.4069115586726712,0.26339163047398295,0.990001491733289
35,val,0.8014591981967291,0.8954248329003652,0.7368967334429423,0.7719014956788803,0.6362583030495973,0.9795002663015966,0.880165904606162,0.7878544862937954,0.991285281711078,0.7798013587792715,0.0001610717621863677,34.31109046936035,0.9716708661874013,0.8221862784415368,0.7017821879695498,0.9909121195474495,0.9829886641810188,0.8373729633612682,0.7234476995828372,0.9938847011989251
36,train,1.8951187850712063,0.8216555935519558,0.29409417145318917,0.4244029386649194,0.27836317494982404,0.9366922171387927,0.4433070411596331,0.29359492932518216,0.9845758184685656,0.8897753628817472,0.00015898463260310107,34.061060667037964,0.9350989794772994,0.45017622538320806,0.2988870101646821,0.9820020982434782,0.9571288611278393,0.4251093245480353,0.2775783022246155,0.9889683223270116
36,val,0.43413007259368896,0.9022197425365448,0.8507218162218729,0.860665293534877,0.7598546474046696,0.9895369913795262,0.937695082896106,0.8836582201683528,0.992515055338465,0.750949869553248,0.00015898463260310107,34.061060667037964,0.988558163786688,0.930968285571156,0.8714313062709748,0.9915639241535693,0.986452220872596,0.8747823199913299,0.7801363596566601,0.9936454772948452
37,train,1.9020766328264784,0.8196122496278135,0.2947243764553662,0.42296656281658923,0.27826968977830546,0.9366645621132527,0.4425703947667063,0.29422135395690535,0.9843809221173582,0.887139273690177,0.00015685742057402086,32.89112734794617,0.936891643585051,0.4516519386528871,0.3016278946867532,0.9841592962090868,0.9573784532360534,0.4268500779301915,0.2805782515935845,0.9891002628352339
37,val,0.4475615918636322,0.889766107002894,0.8477122684319814,0.8540326932302058,0.7503034551508874,0.9879167980468795,0.9277370521685521,0.865896954662125,0.9911745707193246,0.7382923662662506,0.00015685742057402086,32.89112734794617,0.9875436724104755,0.9246232882752081,0.8602420713376224,0.9913283454046544,0.9832217902497673,0.849424633870259,0.7407557306987012,0.9912644280326925
38,train,1.8806390037069787,0.8222190483466728,0.29652586120825547,0.4259638800041835,0.2798109983162185,0.9371168212986057,0.4456931570447247,0.2961070862064671,0.9847455324825788,0.8897550889662096,0.0001546915839839952,33.69028878211975,0.9362464937535109,0.45087257338770925,0.30021875301501166,0.9837370118894025,0.9580448071304294,0.4174703604384869,0.27151193470823953,0.9904402619474498
38,val,0.46384480098883313,0.8771004676818848,0.844752162694931,0.8561424981082157,0.7520705543760059,0.9849537782454908,0.9099716604479074,0.8362213263549516,0.9919985453286996,0.7266419331232706,0.0001546915839839952,33.69028878211975,0.9862890899287873,0.9174046560776112,0.8479942231873391,0.9910310533310867,0.9837699036985215,0.8465165228718314,0.7382705435026606,0.9938061184352532
39,train,1.8939994606938395,0.8214994844023165,0.2956578447125279,0.4232348295161128,0.2795644209869494,0.9368557063608216,0.4428116502459823,0.29546301453543306,0.9846080433237885,0.888892220450448,0.00015248860718923693,34.33212471008301,0.9378310069922339,0.4438394715377317,0.294112193795583,0.9863357010420466,0.9579486832350275,0.4135390159656655,0.2678663855705016,0.9909854168657737
39,val,0.47612955669562024,0.9148911436398824,0.8533765375614166,0.8677412206813074,0.7698086295339098,0.9871686645835448,0.9224351963151816,0.8565407646427999,0.9935371398925015,0.765286515156428,0.00015248860718923693,34.33212471008301,0.9865968700099189,0.9162438597316472,0.8457731853299405,0.993528238932215,0.9834983651028072,0.842253457689377,0.7291156295284912,0.994748009575661
40,train,1.8844853497885323,0.8215232795768684,0.29775093964763455,0.42935492874465503,0.2821082431903443,0.936946200460191,0.44661015640198026,0.2960456287124542,0.9845335100079832,0.8886893212378442,0.00015025000000000002,33.44458341598511,0.9353605055048843,0.4383799700349601,0.28810723286678064,0.9837759057957892,0.9563413022041848,0.40812668447651046,0.26256863710823203,0.9897292343885828
40,val,0.692263200879097,0.8913570940494537,0.8105562726656595,0.827284088626512,0.7099175655449549,0.9837997019426056,0.8971525572943989,0.8139574561755439,0.9934398227267027,0.752255509297053,0.00015025000000000002,33.44458341598511,0.9838915472496524,0.8996914545959919,0.8179039237813893,0.9921273125541769,0.9821257497077568,0.8302544622166868,0.710591539887581,0.9941372341579093
41,train,1.8910244511557626,0.8224270693905704,0.2945182216646788,0.42556760806873356,0.2789471577972475,0.937034429949308,0.4477556063832566,0.2966771761130787,0.984704024308136,0.8902736743846973,0.00014797729664583106,33.73940968513489,0.9378579785563228,0.45531673509684734,0.30324973053021764,0.984811956232169,0.9581584545438924,0.42601605026481626,0.2782784675853402,0.9900112018717833
41,val,0.6633328398068746,0.8733815550804138,0.8422284126281738,0.855800378300987,0.7517896065741884,0.9882893180279159,0.928122240785677,0.8666106391767427,0.9914615207247498,0.725465993086497,0.00014797729664583106,33.73940968513489,0.9874872486246562,0.9227518282429772,0.8571648411505581,0.9909144931368593,0.9850604155201684,0.8584388326592163,0.7537873085316469,0.9928904215494025
42,train,1.884150477556082,0.822905800559304,0.29788430312557235,0.42951190983297755,0.28226635837380715,0.9371588879245688,0.4490282047033422,0.29817589355151647,0.984614712374952,0.8897209967766608,0.00014567205472408492,33.65769052505493,0.9371509867121032,0.43763573782131177,0.2901997015249253,0.9860546939022138,0.9585932451049025,0.4369164811288103,0.289521920694864,0.9901611221419429
42,val,0.5188136200110117,0.8909919857978821,0.8419031798839569,0.8599715049990645,0.7577082334293664,0.9868263854408994,0.9234421968892664,0.8583210910147129,0.99101723564988,0.7434904376665751,0.00014567205472408492,33.65769052505493,0.9848693498872532,0.905813322554149,0.8282589203228367,0.9930780198838209,0.9857893357316891,0.8719739827171124,0.7753838089466072,0.9932285732692376
43,train,1.8730626781503636,0.8227011940696023,0.2980140602359405,0.4271305613518556,0.2827291204411838,0.9371195511460094,0.44520641373057,0.2971674082951147,0.9846984223051585,0.8897582901107681,0.0001433358541324254,34.261051177978516,0.9374840648452656,0.4449560582632342,0.29467729930258196,0.986347491924504,0.9579248375208148,0.41587600089665533,0.27012632874863685,0.9909911789259791
43,val,0.5610943684975306,0.9118037025133768,0.8191311558087667,0.8390293358888768,0.7263792888897916,0.984009528915253,0.8998855805796314,0.8186776952787037,0.99488449096672,0.771658589442571,0.0001433358541324254,34.261051177978516,0.9839996753683115,0.9002681185519563,0.8192172758779391,0.9943418714734475,0.982601673695585,0.832365162708121,0.7152763016824789,0.9948253207735777
44,train,1.8826094882471578,0.8227798888733336,0.29923709274198,0.42960064283697225,0.2836002964553001,0.9371832280376662,0.4463214318459508,0.29739111277186264,0.9847576968319015,0.8893159986375929,0.00014097029598604215,33.5305495262146,0.9354343306262596,0.4412793774251046,0.2935681865548826,0.9832153853835842,0.9566469071061562,0.4245433570270771,0.27866944337004007,0.988782175770931
44,val,0.44045984248320263,0.8915513853232065,0.8531714777151743,0.8629177584761264,0.7627204422397781,0.9859732965612542,0.9145425945928728,0.8438298649498224,0.9929243299695414,0.7395377357800802,0.00014097029598604215,33.5305495262146,0.9878314052989409,0.9249755071412468,0.8610157871811136,0.9930664910209738,0.9841190314057077,0.8576292855187723,0.7535918373915941,0.9930632697210605
45,train,1.8802838083747384,0.8230688455221536,0.29998373251955407,0.43208443492581866,0.2846236531939315,0.93727313589913,0.4495744415754286,0.29843993676587005,0.9847400905368292,0.8893568132307146,0.00013857700152032645,34.76352286338806,0.936419713860163,0.4277640213742552,0.27983742306477294,0.9856049330917352,0.9571416514354313,0.42306104270883815,0.2756400012283954,0.9897870684002743
45,val,0.4602113018433253,0.906637837489446,0.8312087853749593,0.8494441732532289,0.7414178241185206,0.9863525998824073,0.9150413047255284,0.8438888948091295,0.9931403266058262,0.7625361184279124,0.00013857700152032645,34.76352286338806,0.9844480280602538,0.898778887334691,0.8165015710449165,0.9934655083549581,0.9833310644547376,0.847953943503572,0.7367940902188423,0.9929897732204095
46,train,1.8674612945609994,0.8276550186263931,0.2997064432585156,0.4339276339485279,0.2856550092720763,0.9377892832876358,0.45299877905515046,0.30081856520165146,0.9852015355249465,0.8954098041240985,0.0001361576109797574,33.655264139175415,0.93556338389352,0.4508214765112876,0.2980094924703989,0.9837640082085132,0.9559103307461649,0.40879526432189417,0.26241907134608916,0.9892751520329502
46,val,0.5409970929225286,0.906685988108317,0.8131559689839681,0.8269286193043279,0.7112298013644506,0.9857898528681952,0.9188660133514971,0.8513010539564286,0.9906263563367291,0.7651076515515646,0.0001361576109797574,33.655264139175415,0.9853240992316543,0.912548456580343,0.8397945017413666,0.9921435885958435,0.9792070545614986,0.8130101162430782,0.6898521411259124,0.9922994825574319
47,train,1.8611141718350923,0.8267471206771744,0.3008606849381557,0.43448051048508296,0.28664732808722276,0.9377736053820597,0.4521592605485509,0.3006331245713664,0.9851807814377251,0.8940349658886035,0.0001337137824937602,34.204221963882446,0.9376049590648503,0.4572468829670017,0.30627580197019955,0.9850557233903038,0.9578953260426558,0.4281636568789105,0.28132074173136923,0.9900803999466576
47,val,0.46335357924302417,0.8900242348512014,0.8360191285610199,0.8435257738521654,0.7358408588009611,0.9898261731819864,0.9401948676091051,0.887900952753753,0.9920659383137256,0.7417789995670319,0.0001337137824937602,34.204221963882446,0.9879513436972677,0.9285563417716283,0.8669362474530046,0.9908495585122933,0.9852186220199499,0.8661990363121833,0.7667450882414842,0.9929990132648973
48,train,1.8691048805530255,0.8259069802877786,0.2992366231404818,0.4325318503180438,0.28457832838298525,0.9375405587098732,0.4512861010228643,0.29978832423809326,0.9850618589173744,0.8930515209278027,0.00013124719094030727,33.03934192657471,0.9376127469001948,0.45181324484316837,0.3002937443203237,0.9851052877785523,0.9584803125004231,0.438667849517752,0.2888133668343082,0.9899290391614467
48,val,0.7880275497833887,0.8815567990144094,0.7319787740707397,0.7667284741471635,0.6378506342526696,0.9853652325488865,0.9113356639549245,0.8384591693422548,0.9909868028428054,0.7672249774138132,0.00013124719094030727,33.03934192657471,0.9836895844790083,0.897892875455257,0.8158474757428622,0.9913007948132915,0.9846967101541738,0.8571293654584043,0.7520176223094813,0.9930168999565208
49,train,1.8594230805243646,0.8268889847335282,0.30275671948659255,0.43714643812017145,0.28860343162814345,0.9378616407617258,0.454618376255899,0.3024684234554172,0.9850336354928497,0.8934656423288625,0.00012875952679804032,34.15443444252014,0.9377658404176159,0.45856400042008627,0.3059501124462436,0.9852728676961933,0.9585130915853994,0.4412081780348885,0.29071183803263345,0.989900282212829
49,val,0.4821896553039551,0.9012535214424133,0.8259575963020325,0.8382428462063959,0.7299379378783586,0.9894581397095575,0.9376518217441681,0.883381431567253,0.9909606933592986,0.7568376362323761,0.00012875952679804032,34.15443444252014,0.9874725824469864,0.9252250553113766,0.8612802647825858,0.991113874647276,0.9860085643391961,0.8745158440742244,0.7793704630972575,0.9923229641383783
50,train,1.8580421609478397,0.8270740642414226,0.3019086078747169,0.4363974634786792,0.2882717871183732,0.9378971784293431,0.45104712316053003,0.2993737583802557,0.9852813507292735,0.8940443559126421,0.00012625249498770082,34.059531927108765,0.9353712976384573,0.4437525711412709,0.29418230639141413,0.9830549013363814,0.9578928563761944,0.4199915566529532,0.2734027084597695,0.9900162169982584
50,val,0.47181802491346997,0.883280356725057,0.8440088927745819,0.8517113786542702,0.7467440247810466,0.9869033549203414,0.9223951855079142,0.8565992813257693,0.9915300157334305,0.7318388223648071,0.00012625249498770082,34.059531927108765,0.9865384661969365,0.9185468560799556,0.8495333458741295,0.9901586744519634,0.9862095207901523,0.8710615033707803,0.7744010496528483,0.9935296800400709
51,train,1.8567230918190696,0.827573282735331,0.3018278530245269,0.43381186256139775,0.28783290703527226,0.9378625016459339,0.45077177702548826,0.30103399458719077,0.9852289586633316,0.8943990427297313,0.0001237278137036626,34.18250393867493,0.9362729184418126,0.44888847222619765,0.30023333535656044,0.9838247766027166,0.9576745698413417,0.43015687331506464,0.2837068120446369,0.9895915318201552
51,val,0.5107298046350479,0.9185559650262197,0.8091090321540833,0.8300165042280282,0.7154177054877427,0.9871748655627312,0.9216268748311033,0.8557138953487741,0.9941282484265725,0.7796988685925802,0.0001237278137036626,34.18250393867493,0.9883153379142836,0.929529281262111,0.8687142962949742,0.992799716525531,0.9852655556520484,0.8666841880503994,0.7674337360816166,0.9939837985567809
52,train,1.855255904731217,0.8278259597458206,0.30392923711479963,0.43801436192609955,0.29015926072157444,0.9379541922648855,0.4533378198541796,0.30228568126899413,0.985280230328678,0.8940730061564413,0.00012118721323636703,34.494407653808594,0.938107831947265,0.45496652575078017,0.30352567228611615,0.9850850138630147,0.9588237716773554,0.44087932321339457,0.29132606220057045,0.990043213317369
52,val,0.4323732604583104,0.8888443907101949,0.8584674596786499,0.8697446857051893,0.7723229961792945,0.9874037753383441,0.9236848950381806,0.8589286172578617,0.9908022562661994,0.7360685666402181,0.00012118721323636703,34.494407653808594,0.9874829671070963,0.922492259872605,0.8568423778721709,0.991299692789637,0.9853325923834624,0.8665706359252687,0.7669466848447747,0.9924751281737514
53,train,1.8484379186496869,0.8280314198740713,0.30272287781630364,0.4378869255696452,0.2897352136793661,0.9379166570096837,0.4535686521656605,0.3022914935667825,0.9852771892413476,0.8949205091783217,0.00011863243478646867,34.12911868095398,0.9362060980717376,0.45348750495013385,0.30137440302209983,0.9829213069034706,0.9574058682148634,0.4309608953143653,0.2823558462286938,0.9887683041445106
53,val,0.38456117113431293,0.8847279946009318,0.8689590791861216,0.8777035298483941,0.7850360861785485,0.9895754784486911,0.937469949801964,0.8825767741018392,0.991731092664854,0.7283693154652914,0.00011863243478646867,34.12911868095398,0.9902810063863615,0.9408856855560921,0.8886523494320335,0.9918785095214079,0.9860203326888765,0.8707813747732308,0.7723894354337958,0.9925257364908089
54,train,1.8526576957502565,0.8273760388781141,0.3033755934582307,0.4386051776784514,0.2895179169664944,0.9377726191965834,0.4533711404727913,0.30133417349074715,0.9850875214262524,0.8934644685758577,0.00011606522927150297,33.126349210739136,0.9363288180539243,0.4505481065699809,0.30156931101132545,0.9830377752129931,0.9585675032205381,0.4238736811594432,0.2784337365245219,0.9903292355836768
54,val,0.4527687480052312,0.8704175353050232,0.8534758885701498,0.8618721987987814,0.7606972799488827,0.9886542114102083,0.9326817654196566,0.8747783174600735,0.9911269293890294,0.7176936765511831,0.00011606522927150297,33.126349210739136,0.9873564736541377,0.923622998927414,0.8586875301670965,0.9901329888237083,0.9861663468802201,0.8670480365772687,0.7684758277026115,0.9939637078178486
55,train,1.8461684455404748,0.8306331501140461,0.3031132899589472,0.44019540140377456,0.29055914363942653,0.9382873438976985,0.4551700454981554,0.3025254733427705,0.9856132560675874,0.8979889662949355,0.00011348735612589512,35.09683585166931,0.9381261622910403,0.45167831395057784,0.3013077384341476,0.9858427781324367,0.9588454452778549,0.43570723320588495,0.28732752608197504,0.9902697476472968
55,val,0.5121681342522303,0.8909211158752441,0.8333648939927419,0.8592285927213593,0.7567131827407225,0.9854227698088046,0.9091240953655183,0.8341628214212286,0.9930187649196283,0.7499032815297445,0.00011348735612589512,35.09683585166931,0.9853944437731527,0.9076852779287686,0.8315544417014906,0.9929886711967549,0.9844728692480985,0.8540651241272409,0.747598613458467,0.9931644863551751
56,train,1.841958767884261,0.8297454727279556,0.3036084467401871,0.4412530707443178,0.29013479100918055,0.9381261231954808,0.4570764520691392,0.302708396992965,0.9853447333915331,0.8962620555104076,0.00011090058209513152,34.210538387298584,0.938858885961402,0.4600359202046186,0.31014567239778396,0.9858442186474881,0.9585704326152289,0.41970711226439195,0.2752907847473821,0.9907030225632988
56,val,0.4573252747456233,0.8850345313549042,0.8598844707012177,0.8723800424156632,0.7771530492105886,0.9877185856806269,0.9252463831363636,0.8618854224402694,0.9930230034721456,0.733395646015803,0.00011090058209513152,34.210538387298584,0.9876390677897539,0.9237691417469788,0.8591394676795643,0.9922531127928922,0.9837606371713981,0.8417924423886308,0.7292165811591493,0.9939075893825186
57,train,1.8464243111910519,0.8284298556667942,0.30520126614328863,0.44096464753361675,0.292640763702604,0.937964999450249,0.453280573676148,0.3026330662374511,0.985186916964796,0.8945942591953945,0.00010830668002492057,33.4394793510437,0.9383519041535104,0.4598805935526673,0.30884894051259865,0.985679199645494,0.9591660548598756,0.44218477341398243,0.29278858131137253,0.9907081977470018
57,val,0.4262368753552437,0.9132780333360037,0.8500537772973379,0.8650164227533866,0.7672851133602648,0.9883097239549151,0.9292345253016266,0.8690712051186232,0.9938924153645067,0.7643435200055441,0.00010830668002492057,33.4394793510437,0.988495301418423,0.9302626456855245,0.8702953867630195,0.9931896633571281,0.9860495299364803,0.8729137720379931,0.7777635718681788,0.9939705742729267
58,train,1.8378802971406416,0.8314846012142155,0.3055302841992645,0.4422661473132587,0.2926318746354642,0.9384519995357268,0.4560099248668319,0.303819103402146,0.9856873625641183,0.8980353828910348,0.00010570742764617289,33.625731229782104,0.9393048638765458,0.46507707705543844,0.3133759787628551,0.9860947082091959,0.9595000396190512,0.4434226914677819,0.2943437458374779,0.9906026133289785
58,val,0.4839993591109912,0.8944042722384135,0.8383084634939829,0.8663261337545903,0.7677020119713839,0.9863376588303784,0.9145842617657826,0.8438610328455471,0.9924300299749668,0.7536171873410543,0.00010570742764617289,33.625731229782104,0.9867331704209447,0.9184266285318102,0.8500870616833615,0.9918510437010952,0.9853319680925451,0.8623839503175202,0.7609835224901177,0.9931117587618591
59,train,1.8396057849163776,0.8294094592541248,0.3067011481046781,0.44310528930895526,0.294718405533385,0.9382275843810505,0.45523189270403436,0.30474451671485414,0.9854019805267221,0.8953660017960555,0.00010310460635663335,33.30900478363037,0.9374971571660496,0.45663113378609876,0.3058628852442193,0.9847066919286015,0.9591441058311636,0.43634212595329347,0.28809394381109554,0.990561158506945
59,val,0.4588732620080312,0.9037851194540659,0.8563396036624908,0.8704428534364806,0.7744838886875686,0.986970186660708,0.9215001583438789,0.8555342731186896,0.9930034213595152,0.7526474893093109,0.00010310460635663335,33.30900478363037,0.986797989521936,0.9202362524000844,0.8528163174141218,0.9920998467338644,0.9859196448134634,0.8665871058717535,0.7688103795629284,0.9941574944389422
60,train,1.8345005753990653,0.8331911313783872,0.3058332425926428,0.44266935477307495,0.2939452294174986,0.9386095949067629,0.45542714432368026,0.30409695807121406,0.9858077789519297,0.8999592174183239,0.0001005,34.53445887565613,0.9369966409639288,0.45840898644582806,0.30683887468478704,0.9837431474164732,0.9585915530491109,0.4294941933537221,0.28216868842395076,0.9902775904514654
60,val,0.48112979779640835,0.900221178929011,0.851775050163269,0.8691316087398796,0.771649643302982,0.9876759195894259,0.9237116331443139,0.8588039750402806,0.9933693779838643,0.7515644530455271,0.0001005,34.53445887565613,0.9871359638525842,0.9228039987332893,0.8571034831722169,0.9915186564126839,0.9852690218643058,0.858842603698143,0.7549964508016669,0.9938603719074752
61,train,1.8237408416254537,0.8338875403771033,0.30569212240251625,0.4430508940317802,0.2939498784603162,0.9385272516450034,0.45478346698561445,0.3033956070810631,0.985791293057453,0.9010660665018575,9.789539364336662e-05,33.380945682525635,0.9372121880729661,0.4609323114278195,0.3075242887265849,0.9847101064827972,0.9593846580687576,0.4460396541231673,0.29479147920512483,0.990544779317287
61,val,0.45105338593324024,0.9009011288483938,0.8459761440753937,0.8580692015382448,0.7559227689142697,0.9881291315009709,0.9272148450973335,0.8649283918972733,0.9937424553764423,0.750911126534144,9.789539364336662e-05,33.380945682525635,0.9881867665975256,0.9293739761973537,0.8683056890981776,0.992399512396842,0.9876174552109068,0.8854497779640939,0.7973226700201194,0.9938535902234475
62,train,1.8324410786161889,0.8332473114653901,0.30684810225571785,0.4457711950548964,0.29546489982021656,0.9385510465705303,0.4564017699972235,0.3041520676510369,0.9857776348406698,0.8998014009915866,9.52925723538271e-05,33.87696886062622,0.9359145271070894,0.40973083506176,0.26673009512606816,0.9871659178833109,0.9574178232458375,0.3945168553795533,0.25414544150211665,0.9912351061413418
62,val,0.9191455642382304,0.9044681191444397,0.6679745515187582,0.7538658013107531,0.6081844071140959,0.974651449994449,0.8322582018858854,0.713334588363764,0.9930458068846889,0.8265769183635712,9.52925723538271e-05,33.87696886062622,0.97392606121961,0.8196022048406132,0.6951682138580821,0.9934987386066941,0.9772175419034884,0.7611769030761097,0.6155088996549333,0.994133249918543
63,train,1.8253855221755022,0.8332927143657124,0.3071705647646547,0.4450160987982111,0.295748339075969,0.9386012706803495,0.4570436954156923,0.30512782462795024,0.9857519189793827,0.8998155393800535,9.269331997507943e-05,33.87683415412903,0.9390365856549712,0.454878926689775,0.30607297210010515,0.9862551389039893,0.9595126932876634,0.43778451835621357,0.2906091637943085,0.990829094306497
63,val,0.6567972004413605,0.8980394204457601,0.7961303095022837,0.8321933310671423,0.71848546844639,0.9837175517803273,0.9004686933083651,0.8206760641300547,0.9916525099011823,0.770517905553182,9.269331997507943e-05,33.87683415412903,0.9841670645352427,0.9003900277754472,0.8199519730170692,0.992102898491677,0.9824898883502833,0.8319681768193137,0.7165434812574367,0.9934185451930656
64,train,1.834375458163815,0.8343143596515789,0.3035809338301212,0.4412313994352386,0.2919203730462865,0.9384744016819683,0.4545645355174147,0.3022017267582802,0.9858864204032518,0.9024869478665866,9.009941790486849e-05,33.75921654701233,0.938016620693179,0.43689640836477744,0.28906588911354897,0.9874535407218981,0.9584732174206121,0.42023413825334094,0.2747426048124733,0.9914450478719745
64,val,0.5801740313569704,0.9181935687859853,0.7916940152645111,0.8343117061344225,0.719979804875097,0.9823876350886896,0.887928663253648,0.7990884309999261,0.9946946038139423,0.7936343749364217,9.009941790486849e-05,33.75921654701233,0.9819558074705069,0.8813135012221437,0.788610861729793,0.9946617126464075,0.9822414904484974,0.8277818275742453,0.7077466264955529,0.9948779635958432
65,train,1.8265846067375235,0.8350911707311244,0.30759327222391236,0.44599884717730703,0.29657374570051104,0.9387980372602514,0.4587768100082518,0.3065681604525224,0.9859922715833217,0.9018977772105824,8.751264387410488e-05,33.41579794883728,0.9381557601703839,0.44130058392811994,0.2928601407515236,0.9864669479689478,0.9566770355122357,0.4045353616725089,0.2613216128449872,0.9900926176483895
65,val,0.4529205486178398,0.9015083412329356,0.843095729748408,0.8608288376333038,0.7594716574174404,0.9846521106246842,0.9028042610044477,0.8232805841988439,0.9929229736327359,0.7561848163604736,8.751264387410488e-05,33.41579794883728,0.9850600474680604,0.9041358297409449,0.8257753890553764,0.9929636637369025,0.9795675359773829,0.8095177112326386,0.6801481433798151,0.9922076755099062
66,train,1.8411162516453883,0.8326403744570858,0.30695429282796965,0.4448069975208528,0.29559380729302714,0.938526931452374,0.4554158224940267,0.3049688364935784,0.9857626428136539,0.8988437252444821,8.493477072849703e-05,33.93163776397705,0.9381115307780995,0.45153217140822643,0.2999074014209485,0.9859441477101246,0.9594200268435604,0.4538312804453445,0.30171982882172427,0.9903998208211933
66,val,0.5280039111773173,0.8935787677764893,0.8486329813798269,0.8661394758820076,0.7678934425759406,0.9863388421877888,0.9201124231876655,0.8529938307866552,0.9898844401040902,0.7467670937379202,8.493477072849703e-05,33.93163776397705,0.9845237489578612,0.9046987145932247,0.8267959985628428,0.9916514078775277,0.9849500324999868,0.8657016220076885,0.7665353007485374,0.9926684061685432
67,train,1.8232734503445926,0.8337371399352601,0.30779730459557963,0.4457365082725915,0.2967390287679751,0.9387676220882477,0.4584071940817252,0.3065347998289717,0.9858654529063932,0.9003451153948591,8.236756521353134e-05,33.386406898498535,0.9386625801404322,0.4509007159758869,0.3032963043662249,0.9862308635577536,0.9591630206535443,0.4413046666115252,0.293598748207122,0.9902964772043609
67,val,0.41820308069388074,0.8872746030489603,0.8712880512078603,0.8817689360433382,0.7918624544396015,0.9880714404977673,0.9286362122204883,0.8671076631420479,0.9920253329806092,0.7317836383978525,8.236756521353134e-05,33.386406898498535,0.9879715725865442,0.9248887623853256,0.8605900476826115,0.9935156928167636,0.9864738334514428,0.875516849384959,0.7809417541015637,0.993180847167892
68,train,1.8178356735856382,0.8342915781728037,0.30855601775896296,0.4473313906056402,0.2974728764721701,0.9388697735059105,0.45935369380933466,0.3070313140221259,0.9859107491018969,0.9006823559741041,7.981278676363294e-05,33.635265827178955,0.9388957325661044,0.45845716391285396,0.30680951234615583,0.9864981591283939,0.95945592419032,0.4366883394805702,0.28781307353737484,0.9910971368108676
68,val,0.7046157096823057,0.9030665159225464,0.7605630457401276,0.8165364028901062,0.6959242395514704,0.9824531017750352,0.890706889560212,0.8051151650241736,0.9923716227212777,0.7923117776711782,7.981278676363294e-05,33.635265827178955,0.9818393865321995,0.8839760179244948,0.7938720826607358,0.9922231038410692,0.9824574578347942,0.8279497553665518,0.7105985751703372,0.9939783732095587
69,train,1.8297607957066355,0.8339144833438046,0.30836449112170017,0.4463889997036248,0.297713642585881,0.9386675616965562,0.4573732094694445,0.30645544037658956,0.9857739535244278,0.9000866229717548,7.727218629633741e-05,33.29744505882263,0.9389996063386172,0.45547450148026797,0.30365518384387613,0.98652318140836,0.9592686918443807,0.43113950196199236,0.2831275555787444,0.9909721321158557
69,val,0.6605436081687609,0.8828039467334747,0.7716368039449056,0.8211241810245643,0.7034459310920305,0.980685720211409,0.873922663955932,0.7793989701510546,0.9926612854003141,0.7673365374406179,7.727218629633741e-05,33.29744505882263,0.9803512493641179,0.8705707860730287,0.7738537680007016,0.991849009195887,0.9814373757936504,0.8122361549956928,0.6892675491272885,0.9933597988551751
70,train,1.8102425545245617,0.8363541823167068,0.3095822154537781,0.4492968349400573,0.29962259378820266,0.9392089650116259,0.46073793352125303,0.3091141561306053,0.9861611853111957,0.9030378114927066,7.474750501229919e-05,34.99069905281067,0.9385382894941647,0.455816324577954,0.30539963240280354,0.9860459974594964,0.9597207213433248,0.446587829080158,0.296880945624001,0.9908819665441226
70,val,0.5917461613814036,0.8971929848194122,0.8019272287686666,0.8399971321161376,0.72841067568767,0.9826648901392961,0.8907061246760505,0.8046848898750018,0.9922579447427621,0.7687950233618418,7.474750501229919e-05,34.99069905281067,0.9828753087906487,0.8919553346117005,0.8055656174319719,0.9914788987900711,0.9840615174402267,0.8485750951707748,0.741193823698857,0.9934476216633348
71,train,1.8098724138486635,0.8357644781366095,0.3083166395138194,0.4469505147120986,0.29781605366689906,0.9388337709920965,0.45634756219679595,0.30514393408785195,0.9860385814746023,0.9024616588245739,7.224047320195969e-05,32.69851493835449,0.9389025046988276,0.45083327080334695,0.3006268836218626,0.986880429141096,0.9592076398285538,0.4378136325590989,0.2895859821725875,0.9908327756227393
71,val,0.45929287125666934,0.897178570429484,0.843540777762731,0.860673876602144,0.7603218397994876,0.9879489536880094,0.9271075452118422,0.8647057263620782,0.9926602681477098,0.749940832455953,7.224047320195969e-05,32.69851493835449,0.9867633972826733,0.9160564221035031,0.8456748015857883,0.9936995612249665,0.9851429244167799,0.8597761925687376,0.7555113099432257,0.9935585869682392
72,train,1.8203635649247603,0.8355180967104184,0.3079016098453032,0.445243569136379,0.29758180592078115,0.9388812161895848,0.45706926769625483,0.3071338720288137,0.985888661204443,0.9018966568099869,6.975280905969273e-05,33.70077347755432,0.9382498651355788,0.4537566849451303,0.3036734850715327,0.9855919151038637,0.959422303573436,0.43867671187594154,0.2903320495317935,0.9907749949634572
72,val,0.4063879723350207,0.9058581093947092,0.8582192460695902,0.8712781938946853,0.7753887802130736,0.988013921873399,0.926723452895613,0.8642707386633619,0.993700154622319,0.7548481523990631,6.975280905969273e-05,33.70077347755432,0.9869969426512917,0.9198686923704676,0.8521384532558413,0.9920594957138992,0.9866604218935257,0.8728986020438358,0.776905118911646,0.9943211873371628
73,train,1.807896168915542,0.8371413971160675,0.30902573132848404,0.4498313049879563,0.29857019533244517,0.9391121821961205,0.459896596495108,0.3067964345128103,0.9862235542776782,0.9037428635817307,6.728621750623979e-05,34.0952672958374,0.9392999933518099,0.46291794434804984,0.30992112529675736,0.9857060359073766,0.959590582392391,0.4506286637044139,0.29886868668296457,0.9903128563940189
73,val,0.6561286424597105,0.8806909422079722,0.7839972078800201,0.8307777826243706,0.7159254627187844,0.983032481017418,0.892637675172696,0.8088615845486031,0.9913083394367724,0.7606578469276428,6.728621750623979e-05,34.0952672958374,0.9831610616519509,0.8927380405046489,0.8077795033335097,0.9908005608451926,0.9825107089182651,0.8339795190141688,0.7199293778678365,0.9919963412813905
74,train,1.8034284898451158,0.8365174940416029,0.31124096290840136,0.4527176296880841,0.301104600829128,0.9391653032868582,0.46272323482605243,0.3091043086224333,0.986142832082393,0.9022182651333042,6.484238902024261e-05,35.78005862236023,0.9396644603318739,0.4667979526195984,0.3136776718604803,0.9863510665359277,0.959921431101304,0.4473418046387134,0.29623841427701786,0.9910811310880748
74,val,0.5565025682250658,0.8949912289778391,0.8128948311010996,0.8435574692741471,0.7360524972520595,0.9854889399871541,0.9094782293860341,0.8355081806643434,0.9927587721082133,0.7612790465354919,6.484238902024261e-05,35.78005862236023,0.9865898444076553,0.9170406928346222,0.8476357021432749,0.991911994086295,0.984446336884112,0.8519985334398283,0.7455754758836171,0.9936937967935431
75,train,1.8046408091391717,0.8382774833199027,0.30999839154781994,0.4489243771700295,0.30017263601518196,0.9392319711842535,0.45892758921296145,0.30766629623350306,0.9863498394305136,0.9049668212036986,6.242299847967355e-05,35.39262676239014,0.9386617870870192,0.46924401475600563,0.31518421173447764,0.9852589960697727,0.9597960059019144,0.45104245897627127,0.2997733401773452,0.9904246296915221
75,val,0.5186953221758207,0.8857435484727224,0.809850424528122,0.8372969604064191,0.7261130965644002,0.9879632145424718,0.9278960113744531,0.8668863824517699,0.9910493638779617,0.7515264749526978,6.242299847967355e-05,35.39262676239014,0.9860943437747922,0.9168756191178931,0.8474659300413067,0.9898362053764426,0.9848957424846163,0.8608432147531597,0.7595306569952779,0.9921074761283957
76,train,1.8001117447873096,0.8393715811776115,0.308993899764923,0.4503414152304295,0.29952544375702705,0.9394086175190675,0.46173560035310607,0.30875186166253027,0.9864475276919592,0.9070352407602164,6.002970401395788e-05,35.187270402908325,0.9390393152358149,0.46445123207235445,0.31416450868201706,0.985960420194964,0.9596812189239905,0.4437996022235764,0.29637751461636513,0.9909638091400034
76,val,0.41053468734025955,0.9085359474023184,0.8608995278676351,0.8784540972953317,0.7869119359367313,0.9883955220260611,0.9292540508654076,0.8685879194216812,0.9939328511555222,0.7584693928559622,6.002970401395788e-05,35.187270402908325,0.9885462277170598,0.9309711754247796,0.8716290099583729,0.9928705003525709,0.9863073108375761,0.8727752703056356,0.7764195078430419,0.9942331102158519
77,train,1.8016227216987344,0.8380157897522399,0.3105330705851108,0.45069512284750674,0.3011558944401043,0.9394059361146158,0.46153031302070646,0.3098066467970822,0.9863176679277,0.9043962705385434,5.766414586757464e-05,35.35414934158325,0.9387227671670189,0.45475210017909073,0.30394918270065086,0.9867536638165768,0.9599634295055172,0.4376015515631272,0.2893135280191593,0.9915470576785741
77,val,0.5471061343948046,0.908571461836497,0.8080995877583822,0.851162460702097,0.7450560724284568,0.9827473058581586,0.8913374897152074,0.8055478470068852,0.9936640421548711,0.7801742653052012,5.766414586757464e-05,35.35414934158325,0.9826970504393135,0.8908260090314205,0.8040235121747386,0.992592451307432,0.985094364832964,0.8530367157802291,0.7479958070949319,0.9950038486056089
78,train,1.7990969010999986,0.8386823214017428,0.31175851199280963,0.4529414015790032,0.30263396638381124,0.9395510323866609,0.463014121934637,0.3104496890885367,0.9863510665359277,0.9052799464939357,5.532794527591508e-05,35.02021265029907,0.9396497664615154,0.45965500154838446,0.3101455895594139,0.986808350036119,0.960089256020819,0.44672037115527297,0.29783808417591234,0.9910457050882934
78,val,0.45168663064638775,0.8999176124731699,0.8393143614133199,0.8678054058987593,0.770201413812094,0.9875101610330997,0.9235381706619977,0.8589489918525559,0.9930349561902445,0.7592616677284241,5.532794527591508e-05,35.02021265029907,0.9871782898450016,0.9192754027868126,0.8514445264748837,0.9932798597546976,0.9862354801109833,0.8695081861670575,0.7714265947940159,0.9938309563530048
79,train,1.7947057006242393,0.8392576737837358,0.311829302798618,0.4520607764441916,0.3026287613048399,0.9395253898050175,0.4620329723546802,0.31048668449604183,0.9864600121557376,0.9056262036303541,5.302270335416894e-05,33.45039081573486,0.9399064645785264,0.46397425238990725,0.31322509107389324,0.9866738486122498,0.9602211384382053,0.44683071713450223,0.29819203721406784,0.9911337365636539
79,val,0.5138168906172117,0.904772529999415,0.8246048092842102,0.8567500167150874,0.7550022544861522,0.9861843441624116,0.9152807500926544,0.8456229099113998,0.9926379733614685,0.7691451211770376,5.302270335416894e-05,33.45039081573486,0.9870341019375353,0.9187578575499754,0.8510974511696031,0.9926868014864684,0.9856769028010327,0.8618231124502408,0.7611365784780596,0.9939403110079529
80,train,1.7933502251451665,0.8398099779249071,0.31267663508236826,0.4527418937473907,0.30367764923140106,0.9396091354244773,0.4625959841286444,0.3113563724018348,0.9864401650594745,0.9060147158749454,5.075000000000001e-05,31.38957381248474,0.939547831828728,0.4575370265893947,0.30617745386021716,0.9869513344930683,0.9591140951027178,0.43668150655634436,0.2874081585599027,0.990922727784835
80,val,0.4496479208270709,0.9085149168968201,0.8424652516841888,0.8659046491216417,0.7668843153022378,0.986615715209625,0.917307774479006,0.8480547164817797,0.993536292181998,0.7648081481456757,5.075000000000001e-05,31.38957381248474,0.9870943460110578,0.9189129786384552,0.850702550298379,0.993668874104741,0.9839271737619271,0.8486884391270954,0.7392712903998193,0.9937359280055654
81,train,1.7910000360929048,0.8400480363752458,0.31185686254834794,0.4538808626266938,0.3030704302899608,0.9395509313246408,0.4636099120484874,0.3100192169781707,0.9865159788331032,0.9065869738171984,4.851139281076308e-05,33.30668616294861,0.9394796614890016,0.46625215925398245,0.31391892487400963,0.9864491282642385,0.9594858966051185,0.43786427162700475,0.2895615883555268,0.9912482841864413
81,val,0.5709416394432386,0.9076775511105856,0.790838877360026,0.836247149423742,0.7259177842047685,0.982016144721778,0.8873077170890773,0.8002639443453022,0.9927915785046976,0.7858529885609945,4.851139281076308e-05,33.30668616294861,0.9829402956115878,0.8931749676412952,0.8087735209637703,0.9917462666828661,0.9823529310361282,0.8284686331303498,0.7133056277124332,0.9940274556477097
82,train,1.7884569776641739,0.8403806886472902,0.3125986900779751,0.4542291099753981,0.30360589086933626,0.9396952226724414,0.4638320754423609,0.311069932308068,0.9865052016464227,0.9067311853795619,4.6308416016004826e-05,34.08583402633667,0.9400591217895101,0.46388663292608034,0.31424851443642354,0.9870459816671832,0.9601869822121638,0.4460359194045517,0.29752291642229495,0.9914104221583326
82,val,0.5239885474244753,0.9102331499258677,0.8078723549842834,0.850388718823632,0.7445822784389219,0.9847546247839749,0.9043372371244653,0.8276342103715572,0.9935154385036126,0.7824519773324331,4.6308416016004826e-05,34.08583402633667,0.9850218818621292,0.9048147986203999,0.8276742517282959,0.9931260850693677,0.9850847675248318,0.8552743091922084,0.7519502770126167,0.9945370144313467
83,train,1.7829590260565698,0.8411798543863364,0.3133801482878365,0.45660645418652707,0.3046941710487714,0.9397576043282291,0.4665333529426235,0.3118131641195369,0.9865560998449039,0.9076769101869809,4.41425794259791e-05,33.60323405265808,0.9398629297366177,0.4659704699193771,0.3146932435741659,0.9867231995908611,0.9603994142048347,0.44799717222353475,0.2989725010725382,0.991207042774045
83,val,0.5373675872882208,0.8983287513256073,0.8191663523515066,0.8563169539428465,0.7545141058502112,0.986044423795843,0.9146189869455125,0.8442745524684665,0.9926253424749668,0.7663013140360514,4.41425794259791e-05,33.60323405265808,0.9854039898335228,0.9084249221806114,0.8332947493294474,0.9926265292696717,0.9859583182381257,0.8637834804033017,0.7652279325027166,0.994181060790939
84,train,1.7844151783656408,0.8409393417251694,0.3126314836261156,0.4555688627269763,0.30496453138900526,0.9397513590081635,0.46462351243086164,0.3117815867112858,0.9865665035647192,0.9076171021361451,4.2015367396898925e-05,33.89906072616577,0.9396832877756792,0.46813860184783773,0.31694554668911595,0.9859051470989194,0.9598913169651038,0.45161298241634357,0.3020064294911089,0.9907170542469472
84,val,0.43176886687676114,0.8978898823261261,0.8484090069929758,0.8754808785960152,0.7821222292870286,0.9886467711669623,0.9313122620431287,0.8724868710267771,0.9921607123480137,0.7549608051776886,4.2015367396898925e-05,33.89906072616577,0.9878851874955803,0.9257047569876663,0.8621683053486384,0.9913952297633783,0.9860547152782041,0.8714931837537216,0.7753590407536319,0.9932705349391595
85,train,1.7857393768283871,0.8394476617132867,0.31322272614269825,0.4562344852647511,0.30422920176760065,0.9396344147195249,0.46533196985620423,0.3115641670809375,0.986411621520494,0.9052571650151606,3.9928237813632286e-05,33.74632811546326,0.9398130455449133,0.46654231672017815,0.3141695981512207,0.9861647599226192,0.9605916583881837,0.4563664041152272,0.30540763320707387,0.9909378265166696
85,val,0.4635506172974904,0.8836068113644918,0.8453969856103262,0.8699140465797074,0.7740558574757671,0.9881905076841421,0.9278976923561467,0.8667002389493872,0.9923779805500538,0.7394461830457052,3.9928237813632286e-05,33.74632811546326,0.9874892845584688,0.9222989976849139,0.8563802200020575,0.9914666069877707,0.9871022568019358,0.879061651490978,0.7884016457995521,0.9935355292425448
86,train,1.7839674707892892,0.8417460835063374,0.3142589113408035,0.4575984769853384,0.30617803281207356,0.939894646186531,0.4658273068086174,0.3124726026991842,0.9866832919886976,0.9077986070326158,3.788262109054118e-05,33.75296592712402,0.9401726040775479,0.4705342130717312,0.3192871838872015,0.9864821534056011,0.960562650851779,0.4517909482175198,0.3027072016604418,0.9912152590450788
86,val,0.49589070429404575,0.9040989379088084,0.8287296791871389,0.862760727557302,0.7639508930408474,0.9869878950918779,0.9207888584532311,0.8547950861789516,0.9927076551648538,0.7684464454650879,3.788262109054118e-05,33.75296592712402,0.9867363338055183,0.9183611164306767,0.8499967055743793,0.9918876647948455,0.9861642829930829,0.8675892305042362,0.7706296772619554,0.9940145704480571
87,train,1.7919672089856822,0.8409875723031851,0.3134325776392451,0.45476217681561215,0.30520574317794646,0.9397049482791655,0.4630035690189473,0.3115733340735715,0.9865288901161561,0.9071169766512784,3.587991919114673e-05,33.08918738365173,0.9398071905940031,0.46259430195989776,0.31022874324217975,0.9874339603876815,0.9604665136994291,0.4497570829761037,0.29896065746960093,0.991620150479328
87,val,0.5481579576929411,0.9140922625859579,0.7977880239486694,0.8464623046086067,0.7393333602382214,0.9834585828629335,0.8961443737692538,0.8135631418196669,0.9940421210394198,0.7914979755878448,3.587991919114673e-05,33.08918738365173,0.9828643883584829,0.8894445752783025,0.8024858219110271,0.993552398681564,0.9845753927251643,0.8485785422873927,0.7417408930532424,0.9948745727538294
88,train,1.7779325509404802,0.8420130589625219,0.3141045036849442,0.4582965823322753,0.3063312652839893,0.93986782526474,0.4645728609866656,0.31096523242798557,0.986725760506508,0.9084246442034528,3.392150466729363e-05,35.27917194366455,0.940015186591306,0.4654850758696466,0.3146785961958393,0.9868477241141893,0.9604621604089393,0.4531946116217358,0.303988070585411,0.9912090168131895
88,val,0.43208814909060794,0.9092474281787872,0.8488030831019083,0.8769854428994669,0.7848186413331937,0.9880697073916386,0.9267664325150039,0.8647456989774059,0.9933963351778746,0.7662712136904398,3.392150466729363e-05,35.27917194366455,0.9879720058630763,0.9246227612640218,0.8605506716295794,0.9932244194877705,0.9870045366378236,0.8773516988216551,0.784598364199612,0.9942245483397669
89,train,1.7754778987044222,0.8419955593722683,0.31468234570709974,0.45722271060089986,0.30685998557139316,0.9399734157232462,0.4656744060784828,0.31308857910998283,0.9866852660278421,0.9084311531973885,3.2008719718471455e-05,34.93284249305725,0.940031682766932,0.462692895983548,0.3121796762962161,0.9870233068932267,0.9599152039606738,0.44818056262435557,0.29915927843998613,0.9910784634676093
89,val,0.48216279596090317,0.9071392516295115,0.8295552531878153,0.8642999308674467,0.7651841543461693,0.9855364187090835,0.9106053906022367,0.836701932960799,0.992957899305479,0.7708872556686401,3.2008719718471455e-05,34.93284249305725,0.986971416606993,0.917945645177782,0.8489812019361102,0.9931465148925014,0.9847792656396598,0.8565884298311536,0.7514733913632915,0.9936475965711038
90,train,1.7749752114702773,0.8419823279747596,0.3144468315518819,0.45862833428891947,0.3069049974897136,0.9399579043647506,0.4659029046956683,0.3120783411649417,0.9866921484886432,0.9083123907342657,3.0142875271938522e-05,33.894458055496216,0.9403120182543651,0.46863664930720256,0.31701631067617925,0.9869013432855454,0.9605878715923405,0.45686398003752227,0.30626360787397516,0.9911751380332781
90,val,0.5827851047118505,0.9004146258036295,0.8002563218275706,0.8404068428600496,0.7303135115514792,0.9855085026555264,0.9108574261534833,0.8382346094281169,0.9924678378634216,0.7731536130110422,3.0142875271938522e-05,33.894458055496216,0.9849670980046897,0.9052579431690088,0.8287018564955163,0.9922794765895501,0.9850403077619655,0.8573361463939039,0.7547976577245293,0.9937243143716681
91,train,1.779508113861084,0.8431491451663571,0.31369304021338484,0.4575313555455759,0.3061356749502641,0.9399370457111786,0.46587696006506824,0.312137926598586,0.9867594258767822,0.9097466635537315,2.8325250084277377e-05,33.776737451553345,0.9400538171085927,0.462931999080922,0.31176727406632465,0.9871606893471985,0.9597719263607182,0.44000072831649784,0.29146600308263815,0.9913559493484277
91,val,0.4848339905341466,0.9078314999739329,0.8252585927645365,0.8617581990036114,0.7613258713947756,0.98509528263379,0.9067457314084045,0.8305805728067722,0.9939080980088209,0.7736115455627441,2.8325250084277377e-05,33.776737451553345,0.9860977913514999,0.9121229431199963,0.8392899916723765,0.993467458089116,0.983785753233602,0.842072361327682,0.7294399534677827,0.9942431979708433
92,train,1.7798930056445248,0.8419038999330747,0.31379863043426426,0.4566328423898713,0.3060468091113608,0.9398730134408912,0.46492461372227717,0.31225612922471935,0.986663871711709,0.9083151650595498,2.6557089864999292e-05,34.23027181625366,0.9400111982578592,0.4588017890816817,0.3102682467300736,0.9872372500545575,0.960295586547311,0.45223717931863555,0.3040948942394907,0.9912369734756676
92,val,0.4819965387384097,0.9120191832383474,0.8256420294443766,0.8626073044938788,0.7624574238904596,0.9859143243640037,0.9126984925551973,0.8404590246572784,0.9933386908636387,0.7778022785981497,2.6557089864999292e-05,34.23027181625366,0.9864132026902627,0.9132011516764957,0.8410590870961495,0.9935640123154615,0.9855326589869172,0.8639416623433055,0.7627303633710553,0.9939330206976228
93,train,1.7777186115304906,0.841952397273137,0.31547336035466694,0.4575391444993269,0.3075599259043648,0.9399548357543284,0.46312968841685054,0.31204315002346944,0.98664215728112,0.9079595712515024,2.483960642279692e-05,33.332700967788696,0.9403980105001231,0.4709856707606356,0.31834382129235195,0.9870217063209474,0.9607450275292955,0.4521214022354466,0.3015607457051433,0.9914071143089555
93,val,0.4803178360064824,0.90809894601504,0.833331972360611,0.8692742568157835,0.7733878661069508,0.9862889455032766,0.9159653069737415,0.8463796311355624,0.9928843180337775,0.7717121640841166,2.483960642279692e-05,33.332700967788696,0.986498204091656,0.9158696803153085,0.8454701658675425,0.9926801893445414,0.986607319894453,0.8705395903568368,0.7755285946182776,0.9943430582681523
94,train,1.7937604168078283,0.8420808698747542,0.31501688715070486,0.45580835194872643,0.30717416819474225,0.9398864705232414,0.4644250814627248,0.31346583658264787,0.9866695270670958,0.9082010976084463,2.3173976835031395e-05,34.363070011138916,0.9403641965557,0.4716157099793461,0.31982319369270024,0.9867374446841467,0.960592694029541,0.457035452081621,0.30559087262323104,0.9912086433463244
94,val,0.48348767310380936,0.9038437008857727,0.8367226819197336,0.8674823941542972,0.7706396481076353,0.9875805707990222,0.9247356197800101,0.8615407408262628,0.992604404025531,0.7647077838579813,2.3173976835031395e-05,34.363070011138916,0.9875054741923323,0.922837405113832,0.8575941822010007,0.9924183315700188,0.986426736758284,0.8725989971607233,0.7784303856759477,0.9939280192056525
95,train,1.7724457541545788,0.8419272149359429,0.31654708134336074,0.4592941074152099,0.3086626461303954,0.9401131418826256,0.4667392063203782,0.31504735649103166,0.9867017519223187,0.9074927376700448,2.156134264102209e-05,34.44530177116394,0.9402004878121103,0.46864983409836575,0.31649604372907486,0.9870679095074094,0.9604296741496999,0.4525848068352909,0.30216482054201,0.9913595239598515
95,val,0.5355789537231127,0.9045412739117941,0.8162328004837036,0.8542680329724807,0.7516962182218049,0.9856298433789733,0.9117029002017224,0.8398886821000652,0.9934278700086039,0.7731205523014069,2.156134264102209e-05,34.44530177116394,0.9861308554756811,0.912767839554807,0.8407208739194473,0.9932290818955396,0.9848654084684765,0.8552999450441875,0.7526430179419754,0.9941991170246628
96,train,1.7743916444845134,0.8421000767421055,0.31573109484401407,0.4556855415642727,0.30772530756770916,0.9399094702450995,0.461619881691339,0.3119281458806553,0.9866857995519351,0.9082660274905758,2.0002809059692742e-05,35.27905797958374,0.9400369354507558,0.47062789263167415,0.3167918418336126,0.986698017253667,0.9607234948682871,0.4573048424208342,0.3054802268868032,0.9911954119488157
96,val,0.4394313494364421,0.9064689675966898,0.8470009664694468,0.8765082849267988,0.7841543138168361,0.9881961775501599,0.9287602498226276,0.8681308624542097,0.9926814609102966,0.764486958583196,2.0002809059692742e-05,35.27905797958374,0.9877949914346883,0.9241894084203839,0.8598579618658772,0.992637888590418,0.9870417192185043,0.8782435208434518,0.786847267311917,0.9939499749076924
97,train,1.769650425944295,0.8426370153893957,0.3163108551627272,0.4569973876374562,0.3087872962944904,0.940104519623657,0.4638919635558305,0.3139657159983101,0.9867027656180956,0.9082732300658326,1.8499444232109462e-05,33.818706035614014,0.9402682443253445,0.4696399663605453,0.3165221822094124,0.9869603510502415,0.9606942742610868,0.45821938318977945,0.3065326367894267,0.9912174464938605
97,val,0.5793627699216207,0.9051105181376139,0.7902259031931559,0.8391821708709973,0.7292283316400071,0.9838906667199255,0.9001624026309646,0.8202928568842333,0.9922236124673712,0.7841285765171051,1.8499444232109462e-05,33.818706035614014,0.9832684629841691,0.8928261077199985,0.8080492630782435,0.9924605475530918,0.9849160598927543,0.8547503580704344,0.7505200498747063,0.9939303927950621
98,train,1.7739291399508923,0.842217398690177,0.31586545451146947,0.4581268144132323,0.30851770898812747,0.9400458396597867,0.46501365736853656,0.31340076593530847,0.9867413394100263,0.9080457353925372,1.705227848943032e-05,33.02237868309021,0.9404760467996306,0.4735861160703057,0.31887929147002736,0.9870804473235971,0.9608484163214001,0.4582834461666695,0.30541397254632224,0.9914362980768477
98,val,0.5557985380291939,0.9093620379765829,0.8050421675046285,0.8515688713816526,0.7465872008838912,0.9842679480839284,0.9019290129483003,0.8231678229149898,0.9931532118054789,0.7838597695032755,1.705227848943032e-05,33.02237868309021,0.9842665457588081,0.90051568727919,0.8204052957567752,0.9926812065971456,0.985241087175199,0.8563585614532198,0.7530745650432399,0.9943421257865985
99,train,1.7724005192309826,0.8420627834079982,0.3155246406168371,0.45740071913073194,0.30754567267991856,0.9400124375870776,0.4640174590817267,0.31287122013889507,0.9867496090334692,0.907686566973066,1.566230364676783e-05,33.32968473434448,0.9403857536514335,0.4685986385424278,0.3170195045134008,0.9871343332569996,0.9608684991236034,0.4574031793602353,0.30682319157683213,0.9914218395739249
99,val,0.48223842680454254,0.9079890052477518,0.8298564354578654,0.8674880652896645,0.7705725720636686,0.985677662199686,0.911261576428759,0.8386069987171427,0.9931716918944545,0.7733416259288788,1.566230364676783e-05,33.32968473434448,0.986025303721778,0.9115187668809525,0.8384964492253357,0.9931049770778313,0.9858740016931864,0.8651711908790621,0.7661918029657007,0.9942150539821281
100,train,1.766007199987665,0.8431504256241805,0.31623124237452355,0.4614686964465108,0.30859084410374654,0.9401150992017843,0.46916982959713505,0.3141597633678992,0.9868214747288091,0.9088118759902207,1.433047232344835e-05,33.14489984512329,0.9403722001985311,0.46868353565531895,0.3180991523124707,0.9869930560771483,0.9607636209861818,0.4551293010593175,0.30593509630987603,0.9913706212609878
100,val,0.586879720290502,0.9067684710025787,0.7963189284006754,0.8445691773518323,0.7371133702284345,0.983489881268774,0.8975994356955552,0.8160170164204607,0.9925669352212775,0.7843154966831207,1.433047232344835e-05,33.14489984512329,0.9841946731022285,0.8997512911088338,0.8190759422654829,0.9927337646483608,0.9842828192526456,0.846716111810088,0.7391311874847668,0.9940844217935428
101,train,1.766437574700042,0.8432787915209791,0.31656992154104724,0.4589730403271723,0.3083736604144672,0.9401558408792556,0.4659267956169911,0.3140280520552029,0.9868514054304317,0.9089401351822006,1.3057697290134457e-05,35.27444386482239,0.9404182358056405,0.46974535804281486,0.317504495750021,0.9871612228712916,0.9608050204464317,0.4571754910654891,0.3056846917186943,0.9914181582576825
101,val,0.5493881975611051,0.9056953489780426,0.8094528714815775,0.8528829925117553,0.7485216819031,0.9842058637498661,0.901288918452066,0.8223133393692449,0.9932483249239684,0.7778922220071157,1.3057697290134457e-05,35.27444386482239,0.9846070125942381,0.9018492091503664,0.8229899911858825,0.9929764641655049,0.9848333273695457,0.8531252341766428,0.7479963258437761,0.9942764282225793
102,train,1.7675099081092782,0.8433598338307201,0.3150368491773839,0.45618845802913777,0.30796754027508866,0.9400920986980154,0.4627626622335453,0.3128260940536247,0.9868217414908557,0.9093653538843969,1.1844850843257407e-05,34.35063123703003,0.9404385148675509,0.4686082582313991,0.3167302563691344,0.987097680151804,0.9608015102516707,0.4576908323809441,0.30680051817303544,0.991255646818926
102,val,0.4805278927087784,0.904713104168574,0.8400776187578837,0.8719235728242699,0.7771091000508167,0.9871993526751303,0.9218057875191591,0.8560517314615477,0.9931807623968417,0.765039324760437,1.1844850843257407e-05,34.35063123703003,0.9875742253943253,0.9223575667866549,0.8565105332687121,0.9932254367403748,0.9867018720151041,0.8745290781123773,0.7806250801905573,0.9940278795029616
103,train,1.7675760430055898,0.8438681222342111,0.31619670789141757,0.4589497378929605,0.30923441351110803,0.9401784517957801,0.4650637860503706,0.3135976995113363,0.9868706122977831,0.9099703702059659,1.069276420718889e-05,34.02388834953308,0.9405437980349637,0.47466490901899155,0.3214509755819701,0.9869278060805627,0.9609095166202435,0.4609765605528959,0.309527379741728,0.9913310337732802
103,val,0.5237603510419527,0.9104460875193278,0.8200836976369222,0.8596585289754478,0.7588691410950217,0.9857791187915269,0.9120365432592988,0.8400564744414553,0.9932819790309564,0.7786577939987183,1.069276420718889e-05,34.02388834953308,0.9860108611707052,0.9125697736199608,0.8404607084101902,0.9927794562444979,0.985449847262622,0.8610192882447354,0.7601464121963118,0.9941107008191508
104,train,1.761509647319367,0.8431059297148165,0.3185137950821773,0.4615630615605146,0.3112783916740487,0.9403786486200261,0.4678400606018969,0.31638700525860564,0.9868627694936146,0.9088851288482026,9.602226964561204e-06,34.09783744812012,0.9404449855735139,0.4723280312914628,0.31886537759985545,0.9869021435716849,0.9607821204182484,0.4590463789257117,0.3064052759323967,0.9913678469357038
104,val,0.464246633152167,0.9105740984280905,0.8415887355804443,0.8756640411646642,0.7827713213921644,0.9879070516543492,0.9267312494367665,0.8645140830513874,0.9926979912651143,0.7715930541356405,9.602226964561204e-06,34.09783744812012,0.9876342505001379,0.9230948172711987,0.8578332686505913,0.9926972283256612,0.9868106896491048,0.8747302245919987,0.7803923634473274,0.9942956712510083
105,train,1.764480384913358,0.8430226999562938,0.31686219854371533,0.46041265725995,0.3099887776542708,0.9400808468006683,0.46566749787141787,0.3134162876832525,0.9868351329455923,0.9084797572422695,8.573986515126971e-06,33.77336144447327,0.9405734424380232,0.4736519268029929,0.3187434421984368,0.9871569013261375,0.9609375412942945,0.46235266848193746,0.30882544061376216,0.9914285086250886
105,val,0.5149344007174174,0.9094994564851125,0.823426753282547,0.8618045085514673,0.7616702055809409,0.9859322191506713,0.9133072447859064,0.8417016316560666,0.993210601806564,0.776381770769755,8.573986515126971e-06,33.77336144447327,0.9858772675732839,0.9108751445338378,0.8374833692172956,0.9931763543022236,0.9861015836858783,0.8669514715343842,0.7685690987041047,0.9944542778862079
106,train,1.7626235109942776,0.8440747561154666,0.31683530653273306,0.4608079466104465,0.3097571614341201,0.9402334866141286,0.46716592784453664,0.3138598121626854,0.9869216705534922,0.9099894703684986,7.608747563528428e-06,33.46594166755676,0.9406859526149878,0.4730465280157123,0.3203754963613699,0.9870760190736244,0.9609388796063609,0.4609128113486113,0.30957579659183315,0.9913192962432321
106,val,0.5098933155337969,0.9058631161848704,0.8241483668486277,0.8636099613189029,0.7645076485517875,0.9854950524474791,0.9097325873238079,0.8357346396243898,0.9929756164550015,0.7729490598042806,7.608747563528428e-06,33.46594166755676,0.9856048577656179,0.9086440699495121,0.8340181440484823,0.9925524393716681,0.9858812369453851,0.8641979644628104,0.764350384595429,0.9940975613063467
107,train,1.7593195355021871,0.8447648161774749,0.3178023580279384,0.4639703486833253,0.31117318805238886,0.9404117549348304,0.47052137842709235,0.3155639880762926,0.9869500006828356,0.9107478215144231,6.707171636328258e-06,33.17962026596069,0.9405012040099102,0.4691996721493876,0.3164881334226614,0.9871201415161234,0.9609616362782376,0.4594155764814102,0.30771216559902614,0.9913975108752798
107,val,0.5168949688474337,0.9057308733463287,0.8225746353467306,0.8617372530829784,0.7618450969200413,0.985829518635883,0.9126371286097436,0.8409484376422832,0.9931220160589511,0.7733177244663239,6.707171636328258e-06,33.17962026596069,0.9853014057909205,0.9066751766738722,0.8307189130599587,0.9929092407225796,0.9860279173576334,0.8655899800325538,0.7671887953525997,0.9943405151366419
108,train,1.7752307486700845,0.8426090053745083,0.31629178934190033,0.4616811617558895,0.3093015957668989,0.9401134089052935,0.46807439694176,0.3138840645423569,0.9867729240363374,0.9084572425255408,5.869876628632224e-06,34.67620396614075,0.9405605362120989,0.46944795368602843,0.31843816697839294,0.9870726045194286,0.9609765156570219,0.45922084163105054,0.3091323203631362,0.9914190118962315
108,val,0.4936566228667895,0.9113385577996572,0.8316493133703867,0.8675133181408431,0.7705585621898711,0.9865816447657559,0.9177349953891479,0.8492234949695261,0.9931024339463209,0.7753564715385437,5.869876628632224e-06,34.67620396614075,0.9868855952414096,0.9175541820857774,0.848396411884015,0.9930864969888556,0.9860335313170018,0.8670937297076783,0.769302474807985,0.9943012661403312
109,train,1.7643601081588052,0.8428140920358937,0.31726724482499635,0.46146963317929107,0.31028354236366645,0.9401761723292154,0.46579503054824406,0.31408780405697284,0.9868319318010337,0.9084061309174224,5.097436380614803e-06,33.97010684013367,0.9404395733798091,0.46890455101994155,0.3168656798033466,0.9869431182220346,0.9609694131668254,0.4574615555005785,0.30655733515064826,0.9913318874118292
109,val,0.5200567121307055,0.9084366758664449,0.818332294623057,0.8610170939414205,0.7609650818781214,0.985580943696374,0.9102340992909657,0.8369208904694724,0.9926461961533523,0.7783924639225006,5.097436380614803e-06,33.97010684013367,0.9852717007245854,0.9063772063575319,0.8302361940358575,0.9925133599174581,0.9860790626239799,0.8652474120765175,0.7662440772300033,0.9941153632269196
110,train,1.7637397446832457,0.8434328732790647,0.31618626978430714,0.45911551757642083,0.3089737291212214,0.9401792012576453,0.4653858588429826,0.31360530614680937,0.9868831501139708,0.9092139397467767,4.390380284237703e-06,33.20136022567749,0.940420709772611,0.46800067904215986,0.31596212021699055,0.987094745769292,0.9609274804431523,0.45809297666020204,0.3072638778033499,0.9914117026161561
110,val,0.5187637160221735,0.9087490538756052,0.8233716388543447,0.8620183673250029,0.7625535375843348,0.986201078886106,0.9150597922438086,0.8450893210736545,0.9932717217338642,0.7758533954620361,4.390380284237703e-06,33.20136022567749,0.9859627162278718,0.9113873881190955,0.8384034620141104,0.9930692036945848,0.986059103950175,0.8663737734280423,0.768989282750257,0.9942791408961905
111,train,1.756071045682147,0.8443481338607681,0.3187584895249847,0.46353326349351137,0.3117423792866507,0.940469331550945,0.4694518134496571,0.3159621185703811,0.986956989848455,0.9098044975654228,3.749192920431183e-06,33.58135414123535,0.9406571116256662,0.4712508253973263,0.3204181731771934,0.9870521171942538,0.9610026017777834,0.4594046897385032,0.30943983068238107,0.9913841194205432
111,val,0.5202647099892298,0.9096440672874451,0.8187969128290812,0.8603130621118088,0.7601334583143045,0.9852760055365825,0.9087433153324863,0.8346844649250653,0.9930354648165466,0.7790836791197459,3.749192920431183e-06,33.58135414123535,0.9854663304063944,0.9082717850105366,0.8332623999993544,0.9927731831867722,0.9856004784114217,0.8617801344117858,0.7616235356980355,0.9941900465222756
112,train,1.7629946812049493,0.8438702029781742,0.31645546155376036,0.4616843147149535,0.309452049118782,0.9402819264026354,0.4683901036682092,0.3143252157764308,0.9869479199388724,0.9098884742576759,3.1743137269863346e-06,33.36778116226196,0.9405645282596248,0.46830448226018506,0.31920138851591184,0.9869915622096875,0.9609653761594072,0.4579913408063796,0.30964064511522177,0.9913444785804262
112,val,0.5209397797783216,0.9067343870798746,0.8209875027338663,0.8609934424273581,0.7612329190424948,0.9853424040004168,0.9087159133875083,0.8347391358476385,0.9929194980196715,0.775185227394104,3.1743137269863346e-06,33.36778116226196,0.9853165564928844,0.9071298076445848,0.8316153741151112,0.9925866021049581,0.9857523022354066,0.8634381507760418,0.7638273782793029,0.9941053602429787
113,train,1.7582188944716555,0.8441730846058239,0.3179224810296005,0.4653436083503964,0.3114458782221929,0.9403036193554364,0.4712586955332054,0.3153519328861297,0.9869463727190024,0.9098030036979622,2.666136697386527e-06,34.36418414115906,0.9404876448881517,0.47139141542777063,0.3174857624563437,0.9871451104436801,0.9609457679772891,0.4611126071176826,0.3082495431301205,0.991452730618915
113,val,0.5085217853387197,0.9104714393615723,0.8263310492038727,0.8649343120592424,0.766929302063312,0.9859705245232258,0.912936434100002,0.8417487301847172,0.9933591206867723,0.7770910561084747,2.666136697386527e-06,34.36418414115906,0.9858402014647892,0.9106697705894202,0.8372501912682093,0.9931035359699755,0.9862148971462612,0.8674838842113778,0.770028097408002,0.9944316440157652
114,train,1.7599263478825975,0.8448788836285784,0.3168579749763012,0.4600865880014975,0.30969898048015376,0.9403289399851527,0.4664698686842235,0.314314590110921,0.986978010697723,0.9111668513371394,2.225010110783803e-06,34.23042011260986,0.940607544907671,0.47161505514038127,0.319475476951069,0.9869662198152656,0.961047534890129,0.46104951125223204,0.30987351697819715,0.9913432514750121
114,val,0.49347185095151264,0.9092032611370087,0.8352603415648142,0.8696553233991203,0.77390618089726,0.9873629914376701,0.9228902940353793,0.8581541191852154,0.9928262498642897,0.7719673216342926,2.225010110783803e-06,34.23042011260986,0.9873169709475104,0.9208710951103333,0.8540599975804116,0.9927695380316074,0.9866913009994964,0.8734377842061067,0.7790696663912118,0.9942103068033085
115,train,1.7621993985209432,0.8440556026005245,0.316535468858022,0.46098773121234937,0.30971331240417194,0.9402028261174916,0.4675581743772206,0.31428961954804374,0.9869267923847859,0.9096878691986724,1.8512362933058672e-06,34.50372815132141,0.9406942877881582,0.47299192592239503,0.32035311342212724,0.9871143794559178,0.9610256945470708,0.4631284495977595,0.31145404216725914,0.9913826789054918
115,val,0.5430296336611112,0.9094779193401337,0.8134267727533976,0.8561877816277623,0.7540520334664406,0.9850341393949912,0.9068963078803466,0.8316078592239259,0.9931631300183694,0.7805820107460022,1.8512362933058672e-06,34.50372815132141,0.9852636874381838,0.9068547807957131,0.8310696207699424,0.9929356045192376,0.9855416506396817,0.8613254349286841,0.760631683848755,0.9942029317219284
116,train,1.7732539377012453,0.8433947796588177,0.3164373201910745,0.4590828753491381,0.3095117313576227,0.9401769675506549,0.46508675434172103,0.3138063619801907,0.9869036374391456,0.9090983250758031,1.5450714108567968e-06,33.75488901138306,0.9405217694467898,0.47065187586064544,0.3187863992021891,0.9870507300316117,0.9609843676090836,0.4603684488537053,0.30973516042642024,0.9914478221972586
116,val,0.5033876324693362,0.9114262163639069,0.8326148986816406,0.8689215510913662,0.7725435363860035,0.9867753380111891,0.9188516017026251,0.8514084661136992,0.9933659871418504,0.7755701740582784,1.5450714108567968e-06,33.75488901138306,0.986735047952584,0.9167707159548657,0.8473863035501475,0.9930734422471023,0.9861990615878433,0.8684127524688328,0.7713430009663446,0.9943911234536992
117,train,1.7564065648125602,0.8442080304339216,0.3180722102939666,0.46376919489286283,0.3116992381829341,0.9404509941699705,0.46917675781691964,0.3162137750895152,0.9869500540352448,0.909975225275213,1.3067252935537676e-06,32.92457604408264,0.94062921674887,0.4732131871729469,0.3205072218538515,0.9869721419326989,0.9610348456445574,0.4617018961574275,0.3098711192139925,0.9913952700740888
117,val,0.5047788644830385,0.9101451536019644,0.8323302765687307,0.8684255542551421,0.7721777332497136,0.9871124457887729,0.9214612325506345,0.8554950532404567,0.9929545084634649,0.7743218342463175,1.3067252935537676e-06,32.92457604408264,0.9870008561167438,0.9189169044484663,0.8506298352165307,0.992745039198057,0.9866595320460241,0.8725860783382854,0.7780138785274251,0.9943518744573884
118,train,1.7708826602755727,0.8428490912164008,0.31722404277017274,0.45808882229181497,0.30971807196828194,0.9401513054034596,0.4645119936627895,0.3148959511853997,0.9867944784096985,0.9083210338245739,1.1363612919199035e-06,34.26211214065552,0.9405079474073973,0.4708350868945538,0.3167868307606122,0.9870983203807158,0.9609591648524785,0.46196520997365803,0.3088689969987526,0.9913914287006185
118,val,0.472058542072773,0.9102823138237,0.838741292556127,0.8738877879754519,0.7801378274783145,0.9873264005356946,0.9224882646108151,0.8571771786316735,0.9933870951333869,0.7726019223531088,1.1363612919199035e-06,34.26211214065552,0.9873071872838808,0.9203910440095832,0.853170935937543,0.9932092454697584,0.9869957499761064,0.8763440649212936,0.7833238266045268,0.9943820529513121
119,train,1.755279871967289,0.8436054149707715,0.31936696328066444,0.4632313364494343,0.31226641913706066,0.9404338648417679,0.4698729564493092,0.31700382056578935,0.9868994759512195,0.9090280599527426,1.0340961649320526e-06,33.25208830833435,0.940486289054166,0.4709846927412858,0.31733390256017535,0.9871398819075679,0.9609872638080921,0.4605451505480453,0.30844932522964474,0.9914166643902219
119,val,0.5090121900041898,0.9098438719908396,0.8276739418506622,0.8667261911145193,0.7695472613825091,0.9860257043860979,0.9135530545085971,0.8425393405608451,0.993346828884472,0.7762782673041025,1.0340961649320526e-06,33.25208830833435,0.986156842749837,0.9127959364544186,0.8406391462399491,0.9932076348198019,0.9862000539308685,0.8677479145254118,0.7702995256771917,0.994308556450661
120,train,1.7654854671938436,0.8430695967240767,0.31611539209847683,0.45854786456022123,0.3088410171727277,0.9400987355601039,0.46625225366583406,0.31388799947237633,0.9868680513821362,0.9086659037983501,1e-06,34.40047264099121,0.9405671435570411,0.47242536469291097,0.31811574538873105,0.9870589996550547,0.9610028940170863,0.462062910878554,0.30928243178653114,0.9913809182759845
120,val,0.5156256879369417,0.9100161294142405,0.8314027090867361,0.8675239773523162,0.7707429868060256,0.9866838514384755,0.9181789233562342,0.8502393081846865,0.9931870354545674,0.774450014034907,1e-06,34.40047264099121,0.9861082691893587,0.9125729180933962,0.840339330095209,0.9929434034558695,0.9863456115512431,0.8692919708394227,0.7730390130590865,0.9942772759330829
