epoch,train_loss,train_acc_all,train_acc_no_bg,train_f1_macro,train_iou_macro,train_d21_acc,train_d21_f1,train_d21_iou,train_d21_bin_acc_all,train_pred_bg_frac,train_d11_acc,train_d11_f1,train_d11_iou,train_d11_bin_acc_all,train_d22_acc,train_d22_f1,train_d22_iou,train_d22_bin_acc_all,val_loss,val_acc_all,val_acc_no_bg,val_f1_macro,val_iou_macro,val_d21_acc,val_d21_f1,val_d21_iou,val_d21_bin_acc_all,val_pred_bg_frac,val_d11_acc,val_d11_f1,val_d11_iou,val_d11_bin_acc_all,val_d22_acc,val_d22_f1,val_d22_iou,val_d22_bin_acc_all,lr
1,2.4443934188856113,0.48582421149407234,0.2047373953086513,0.1963891227098594,0.118598788292829,0.898791397153248,0.3036787146230686,0.18896452887326134,0.9513105912641322,0.5176134442949628,0.8956675296538535,0.31285728134552493,0.1947283361276055,0.9460605541308558,0.9436787233222556,0.15978221008018204,0.09560283477049462,0.9846235688748973,1.5309384266535442,0.8452290097872416,0.5917757848898569,0.6052181882980784,0.44684081849741036,0.9606606479427552,0.7671224420950136,0.6263693709365277,0.9843171013725369,0.7486167947451273,0.9666093343973916,0.7832749115448902,0.6479784985620137,0.988459523518804,0.9594419948010259,0.6807519884512128,0.5194656665545788,0.9864340888128579,0.00019996573249755572
2,2.3115202130137624,0.6347742147378989,0.24765955156588054,0.3086903714814393,0.18769572947312949,0.9179572521179117,0.3585830933528797,0.22338963532208436,0.9682275198555593,0.6754129049661276,0.9167788691612112,0.3646642465641569,0.22826225679499987,0.9664291168425567,0.9427834778317006,0.3022142972492975,0.18177709575536147,0.9794094379130863,1.1525307297706604,0.8251195351282755,0.7044200599193573,0.7087364017777217,0.5540750729630749,0.9638794732769641,0.7788101722520842,0.6405922156557307,0.9862553066676756,0.7004255553086599,0.9634172277826675,0.7786221963766834,0.639044121705668,0.983609602186339,0.9678557265549558,0.6860828241305343,0.5265291573351663,0.9902915954589079,0.0001998629534754574
3,2.291663784247178,0.6544239604389751,0.252524017844792,0.3202606775568535,0.1955799697473492,0.9205086910440325,0.3721489954049705,0.2332060026107142,0.9697734592677094,0.696766993382594,0.9191935743020349,0.37904848508081446,0.2387168420715458,0.9681131322899998,0.9438398034759374,0.3163969885318741,0.19152251845017254,0.9802591817361576,1.211154043674469,0.816727876663208,0.7291098932425181,0.7306956681525335,0.582639413356468,0.9739206662279511,0.8490281822854282,0.7428858716267369,0.9753925747340827,0.6855670611063639,0.9710813352292808,0.832599462811266,0.7164792211437806,0.9791950649684574,0.971491228805383,0.7520989360094353,0.6084801632646735,0.9881477355956267,0.00019969173337331284
4,2.2779240258090145,0.659924700543597,0.2562776642454254,0.32596933215696305,0.20004800900791153,0.9202111380679082,0.3689567386776918,0.23194734870036557,0.9696217250156336,0.7023834015105987,0.9187259091207186,0.36927050511733406,0.23226698288027392,0.9682564902138143,0.9447511293608479,0.32017430265983815,0.19571744873440808,0.980696511435267,1.0786514679590862,0.8147911131381989,0.70377117395401,0.7076843016631825,0.5540154364485613,0.9663134065259146,0.7892915352114033,0.6556535988708546,0.988016425238639,0.6885332763195038,0.965315235232414,0.7904141851319073,0.6545244910320959,0.9828044467501411,0.9715525677174545,0.7162531380561087,0.5658110407295581,0.9922674391004009,0.00019945218953682734
5,2.208655313178376,0.6243144215403736,0.2652861215174198,0.3306729831829867,0.20467595376396713,0.9226796168043485,0.3802230391522471,0.24216218904337966,0.9712650859271827,0.6566476888589926,0.923452337985987,0.38924832573853485,0.2493021845029473,0.9719145448057066,0.9475342606889914,0.3280055446540593,0.20243457525603165,0.9835032216318088,0.8946174383163452,0.8175921241442362,0.7159592707951864,0.7183397398928206,0.5674097599495175,0.9683351912972405,0.8055062744700215,0.6772007075502563,0.9864164564343856,0.6897755165894827,0.9705446640080858,0.8350030122909041,0.7185586410630024,0.9812721252440649,0.9705375871580605,0.7139330270658742,0.560167559705422,0.9903117709688906,0.00019914448613738106
6,2.1589510649234267,0.6022935880647673,0.27398335130012536,0.33904349196940703,0.21176611243933327,0.9269668502652916,0.38537269101589605,0.24723142773399387,0.9761436302344373,0.6265257722014314,0.9276174050578575,0.3906107115662757,0.2515690612100765,0.9773553701546731,0.9507821064611377,0.34300302210973094,0.21493999752037754,0.9862435080787599,0.8915847539901733,0.7968249917030334,0.6912306447823843,0.6906946244677421,0.5361795970812775,0.9680819155403019,0.7876913560293723,0.6537663664499663,0.9864516364202798,0.6735550860563914,0.9686477420791135,0.7950873125703645,0.6631447248727903,0.9867425706650713,0.9622238025164404,0.6468273870168223,0.48496326018773445,0.9877332051594289,0.0001987688340595138
7,2.1475178761915727,0.5822350562035621,0.27703824681001943,0.33989410009544496,0.21191109864084673,0.928562797639978,0.38731564497185483,0.24861239867091794,0.9786787766675935,0.5996927114633414,0.9296335127956465,0.3980197817574571,0.2570045462369704,0.9796284495533015,0.9508916469394442,0.3354600013576963,0.20877269525496894,0.9870785266368619,0.8844341039657593,0.7751594583193461,0.7350100179513296,0.735230512287218,0.5863368080824229,0.968946954466238,0.8162350856805315,0.6918446279554131,0.9800286187065216,0.6417447427908579,0.9695627662084231,0.8176026632481569,0.6944811030311616,0.9823965284558702,0.9695658643685725,0.7194728648324261,0.565724503848553,0.9872955322264864,0.0001983254907563955
8,2.1306227570647125,0.615403342080283,0.2709942146406307,0.3406552307022146,0.21186632270576122,0.9298960592173221,0.38920799525066746,0.24918563660093737,0.9800963501829452,0.6431626006439849,0.9305829666244324,0.3974848114817791,0.25526212859341374,0.9809954449846279,0.9511829741432817,0.3381239836439428,0.21043775436888826,0.9874022157041423,0.9541201690832773,0.8046250343322754,0.6880878508090973,0.6834693874935955,0.5293961183854349,0.9696259314043721,0.8073277689902308,0.6793168564590686,0.9868470933701495,0.6812094847361246,0.9738401513351653,0.8332200154206767,0.7161132489198664,0.9873402065700191,0.9619198846529988,0.6382962014335061,0.4719127421225969,0.9883311801485782,0.00019781476007338058
9,2.1259652584582778,0.5761026769251256,0.27842246803578796,0.3398894072263879,0.21127705866151641,0.9293145444451917,0.3909173851052717,0.25076044467656833,0.9792434052153154,0.5916874492085064,0.9291938658376152,0.3897002618836711,0.24981792116070442,0.9800136005961062,0.9519414641505044,0.34798946040385426,0.21669733216814396,0.9875263134081961,0.8229662080605825,0.8156242469946543,0.7150657077630361,0.713835005203031,0.5613209686993662,0.9664661947396002,0.7817073158013584,0.6443312836196964,0.988429514566981,0.6866342425346375,0.9547140393519186,0.7098860346592725,0.5510795519370106,0.9837742275661133,0.9738254525452835,0.7466470671237059,0.6021875633820396,0.9913497924803921,0.00019723699203976766
10,2.1279301801761545,0.5925227878810643,0.2765330697273041,0.34109859444025664,0.21212578783320227,0.9297341934383813,0.39199260835661204,0.2509967063850935,0.9801121958485101,0.6125142024113581,0.9298342530481621,0.3978210280599997,0.255556571823367,0.980033874511644,0.9515873829056791,0.3459662200905722,0.21567127187601332,0.9874324131678115,0.8413741588592529,0.8434727191925049,0.6957335670789083,0.7035724548779808,0.5522462699844782,0.9726979365597094,0.8235063847774894,0.7037365556242193,0.9888837178547414,0.7232765257358551,0.9701182686526616,0.8140324283727023,0.6878737522526838,0.986392127142936,0.9675398306918986,0.660251446807847,0.5007131303407178,0.9907815721299148,0.0001965925826289068
11,2.1239993338818315,0.5720699817150623,0.276769568375149,0.3375628723328909,0.21006136129607605,0.9300348363320081,0.39244786449946734,0.25196252437811567,0.9797975766908125,0.5880364371346427,0.9306272366227867,0.39591348237470636,0.25507832099614985,0.9806017575563335,0.951480330148872,0.34154395429819445,0.21198909547596656,0.9873535583068521,0.7198092639446259,0.7974191506703695,0.7631606956322988,0.7612630837861699,0.6199604840094549,0.9770885699224104,0.8631088408192972,0.7624244519465372,0.981747266981261,0.657922367254893,0.9777741764573756,0.8682642440682792,0.7689556605017055,0.9823104010687175,0.9743017259496702,0.7578940090559111,0.6163766052839925,0.9882490370007918,0.0001958819734868193
12,2.1257952309988597,0.6071729326581622,0.27615770635071335,0.34125557329239964,0.21313767597750533,0.9298947432608075,0.3903329377493963,0.251228379291306,0.9800523344452653,0.6301943372179578,0.930100720558923,0.3937554505547807,0.25388999252998207,0.9806483342096608,0.9516390484687556,0.3358587039911437,0.20835968977521438,0.9876427817177186,0.738757312297821,0.8419239521026611,0.7579793433348337,0.7623522373544076,0.6195971817716902,0.9701226247124205,0.8189645988699893,0.6952141503798402,0.985946061876009,0.7057496905326843,0.9731382433530378,0.8355549987781393,0.7190256656348312,0.986208767361035,0.9704805251046614,0.7420406105064848,0.5937503577882278,0.988843366834776,0.00019510565162951534
13,2.116397615912911,0.5693433001324847,0.2811017052068577,0.3434455103838836,0.2138882715080264,0.9303204346681131,0.3936449422061419,0.2521001360466431,0.9804642683975431,0.5822218248060533,0.9294319521228268,0.39252001320791874,0.2507467061250981,0.9800764497342728,0.951632933141423,0.3471813191202211,0.216303740140478,0.9872892686536342,0.8263786733150482,0.7913404703140259,0.7065804501374563,0.7067088031988588,0.5573890893469525,0.9701163864621346,0.8031595816864018,0.6744343151551044,0.9849910312227971,0.6646153827508291,0.9757917779204908,0.8477572541124682,0.7378842252603355,0.9844356960719726,0.9616492405636734,0.6254584327336962,0.45896109793520234,0.9875115288627709,0.00019426414910921785
14,2.106556770684836,0.6264145324280211,0.2756787087846469,0.3481463031981803,0.21729625775101113,0.930031565988501,0.39446300013508984,0.2529423783933081,0.9802843640733516,0.6545601691399421,0.9300427445816748,0.3997728980627164,0.25711120616945415,0.9804637882258591,0.9523153989020797,0.3525344633608652,0.2204490662517789,0.9876439554707234,1.1436072786649067,0.8557292620340983,0.6469601492087046,0.6562372976739631,0.4962430650190533,0.9520223671318592,0.6905216558418846,0.5283578043427003,0.9869044833712345,0.7475563983122507,0.9422758627882893,0.6342451506315818,0.4645655289842093,0.9837858412000108,0.9688588502458079,0.6519912615593563,0.48724807336611725,0.9921758863660259,0.00019335804264972016
15,2.105743067247884,0.6221397773369209,0.27752155427645137,0.34865438104504176,0.21789394013499322,0.9298053788276135,0.3934128900820134,0.2524847028602791,0.9801875828028643,0.6483270071603201,0.9294135154391316,0.3926231717087755,0.2517504434382951,0.98049772035818,0.9521591646429286,0.3501114840560497,0.21845874326859208,0.9874853921102558,0.6784839828809103,0.8037770688533783,0.744955430428187,0.747043179743621,0.6040516342828526,0.9754233204893046,0.8482153350046652,0.738544592826527,0.9824610392251844,0.6676273842652639,0.9722937827329367,0.8344012622886554,0.7167058645552551,0.9812455071342558,0.97725568887387,0.790693752054033,0.6586877334566177,0.9877577039929794,0.00019238795325112867
16,2.090995038305963,0.6089876615084134,0.2827281855515667,0.3553497485950187,0.22186528731311894,0.9310386787295523,0.4045890176279142,0.2594975311423305,0.9806938438148016,0.6309126740569001,0.9313003949570338,0.4084569163068372,0.2624581715419152,0.9811694805437953,0.952453206642382,0.3532575126787122,0.21954128348071653,0.987845787635141,0.7710760037104288,0.8161293963591257,0.760647584994634,0.7565674318080241,0.6131661732028841,0.9714055006175485,0.8244291032156595,0.7042616064146686,0.9857959323458441,0.6774429380893707,0.9757032683768531,0.8512601166411174,0.7428481814790567,0.9861307779947155,0.9681868383444003,0.6985274135394736,0.5406839418756133,0.9893024020724063,0.00019135454576426006
17,2.0899633419263615,0.6103902963491586,0.28349808009562794,0.3546955906199437,0.22270009254881096,0.9312492794684705,0.4019247681980684,0.25929721142832335,0.9808540077475485,0.632339904358337,0.9311320795837305,0.40371151793260673,0.2608636372901665,0.9808143135550224,0.9525986266789673,0.3559580451373351,0.22298154248000202,0.9877240374370969,0.782215416431427,0.8307993610699972,0.7375268936157227,0.7408092338855573,0.5954452167265877,0.9758030896992018,0.8622528308747263,0.7596359133019533,0.9843309190537436,0.697583943605423,0.9789613122255548,0.8688551366749238,0.7694621925815639,0.9863620334200628,0.967733705633942,0.7051306628767287,0.5486734413854166,0.9880620320637258,0.00019025852843498607
18,2.0894263449248736,0.6366849245724978,0.27863965089712944,0.3544886305283397,0.22241391595628981,0.9302567970674936,0.3988453105020484,0.25645554858858827,0.9801093148184071,0.6665399191262839,0.9304394743898582,0.40216757156284305,0.2590654841549202,0.9804677896565573,0.9525229298577091,0.35589921222222215,0.22342832996053164,0.9876770339644952,0.5894033710161845,0.8119365374247233,0.7846302588780721,0.7856688962744415,0.6516914217072735,0.9763539332559974,0.8559074731125557,0.7516079435488591,0.9855077107746634,0.669213871161143,0.9783402173050096,0.864325096040781,0.7628356752530889,0.9863226148816513,0.9738474238584636,0.7695658843781742,0.6313906308844196,0.9868521796331704,0.00018910065241883677
19,2.0863579595005595,0.5959246975558621,0.2815298490955696,0.3485833291105057,0.21817364904672193,0.9304178981373012,0.39518287634970123,0.2538944812085443,0.9806289672850818,0.6145451685765406,0.9308570165233765,0.4000200085495657,0.25795041784821776,0.9811981841400039,0.9522207247055458,0.354153459147927,0.22143675105790453,0.9874940352005639,1.0727553069591522,0.8466812173525492,0.7424882551034292,0.7473865768774818,0.6028091640223168,0.976310437882832,0.8543704815216279,0.74769137355845,0.9869940016004012,0.7157299518585205,0.9754635033934984,0.8531818924835398,0.7450562366436987,0.9866093105739254,0.9748130854353884,0.7632398121401246,0.6205466072936359,0.9899557325574322,0.00018788171126619653
20,2.0980681089254527,0.6169672079019614,0.2787847386581914,0.35049087167049675,0.2189418376682683,0.9300151075400896,0.3992689375576601,0.25583308795994353,0.9800745823999472,0.6422128210534582,0.9293207256485395,0.3942740529835429,0.2524729572371567,0.9800869601589067,0.9525130789497174,0.35936033203017315,0.22467613877306486,0.9875570443959584,0.795346756776174,0.859695186217626,0.7515706121921539,0.7568473173539315,0.6175771111105464,0.9766195271113348,0.8582961348456718,0.7549776926215207,0.9883758544921112,0.7279605468114217,0.9776184950745881,0.8598512468098973,0.7554549845798997,0.9877655029296112,0.9721023770012378,0.7233244205681332,0.5725207585703479,0.9913964165580832,0.00018660254037844388
21,2.0880090239998346,0.6099978893786877,0.2843405911764065,0.35459842520913815,0.22260406612523115,0.9301748297095327,0.39998447553134764,0.25742551025378196,0.9799677175241,0.6318867823460719,0.9299754228110554,0.40277259710091107,0.25950636791893783,0.9799685178102395,0.9526829712423902,0.3609152563624037,0.22738916323382283,0.9877435110664948,0.5865194002787272,0.8122378091017405,0.790738026301066,0.7886898039428494,0.6555213695589707,0.9792159903076137,0.8765985300039006,0.7826444873341757,0.9827388339571722,0.667320599158605,0.9786486729248205,0.8669016442913847,0.7664486948400114,0.9860137939452364,0.9776778353239467,0.7920106238750132,0.6597868019418337,0.9893328348794809,0.00018526401643540922
22,2.068594738320037,0.6465969485836429,0.28420787075391185,0.36551003435910856,0.23057458934120126,0.9326695878942733,0.4103537277452341,0.2656679340724677,0.982104961688627,0.6766309938230715,0.9320636264736463,0.4110387651178964,0.26630075938700515,0.9817677744617913,0.9537677486796615,0.3736393626164467,0.2361021119140042,0.9882558542530934,1.9855226675669353,0.7883085509141287,0.40013589709997177,0.4168458566058706,0.2747927912956578,0.9428407575496126,0.5324151968909733,0.36901699503607155,0.9832694159612956,0.7366673052310944,0.9430201619872586,0.5359390104065637,0.37261579044292414,0.9845083448621201,0.9549655260960792,0.3966780275199555,0.2567111052060952,0.9883549160426753,0.0001838670567945424
23,2.0931802729626634,0.6040337835992133,0.28574280834177157,0.3536528602528918,0.22268988620585642,0.9308239393347622,0.399874448788943,0.25852103287540873,0.980304424579252,0.6239456496872269,0.9301799351985773,0.3998380312216937,0.2584109893736869,0.9799849503523068,0.9530105445253744,0.3617458582732915,0.22832749198858385,0.9875659008959037,0.7423444390296936,0.8386929929256439,0.7720353901386261,0.7771257390843357,0.6422608276701854,0.9801396147431425,0.8795306409422804,0.7869248272534044,0.9873645358614688,0.6987340350945791,0.9810081338579985,0.8846755956589837,0.7938278862882062,0.987544504801356,0.9783150593128188,0.794838785527736,0.6639972651873652,0.9908648173013558,0.00018241261886220157
24,2.0761014431506606,0.6357433079005955,0.2849301232637225,0.3633819191880786,0.22858959943712662,0.9319591052786775,0.4120979499552767,0.2662478656431106,0.9811394964897632,0.6628544413960064,0.93183517352964,0.4137724678235178,0.26774410406825117,0.9813064361784924,0.9532665985430512,0.36942796556033813,0.23282676618039452,0.9877434577140856,0.8073661724726359,0.8436870177586874,0.7344610393047333,0.7278038931444483,0.578821434596921,0.9581317153199594,0.7580687476459179,0.610989494469607,0.9844427320691514,0.7108353575070699,0.9509806166052192,0.7035898934724437,0.543722934922371,0.9842331780326932,0.9681842712974195,0.7249267854992345,0.5709980823850987,0.9888359917533959,0.00018090169943749476
25,2.0883039486158146,0.6230750450721154,0.28717741021117965,0.36214857324255456,0.22709478487607662,0.9307755139938408,0.4106917316297382,0.2645569915199994,0.9805315991380916,0.6460751086681873,0.9297468537532398,0.3997033220500965,0.2554094669972786,0.9806635396463138,0.953211459072999,0.3745523745710205,0.23618800076586083,0.9875477077243292,0.6693057815233866,0.8024551471074423,0.7744197249412537,0.7706182405980341,0.6324918476771632,0.9760171050116603,0.8607118422182575,0.7565505968090309,0.9823566012911567,0.660852054754893,0.9738827149308426,0.8460594328173006,0.7345078073333413,0.9802808125813046,0.9762079330413159,0.7882573229646149,0.6523331927955641,0.9883795844183264,0.00017933533402912354
26,2.060844375536992,0.5955129236608119,0.29892686301178034,0.3711556870041621,0.23537338378086695,0.9325283172648364,0.41829614774864965,0.2728506864339084,0.9810778211046014,0.6087337040401005,0.932188279535746,0.4168689289163089,0.2718808785630785,0.9809974723761814,0.9542986849407321,0.38536027754623137,0.2460688598691602,0.9880396169381622,0.5638310561577479,0.8764341672261556,0.7823701500892639,0.789258106329369,0.6562593126748055,0.9784106317298197,0.8686565672353611,0.7696950156115933,0.9895317077635953,0.7371845742066702,0.9798246227042496,0.8810691868415906,0.7885769038132256,0.9885703192816077,0.9798305767624015,0.8082725176370454,0.6813545748878148,0.991924455430696,0.0001777145961456971
27,2.0708155298566484,0.5930628743205038,0.29546873459032363,0.3647713081978543,0.23014662742287947,0.9313597091752653,0.40863285645800346,0.26383146658194906,0.9811734819744935,0.6064767370690832,0.9312096969743239,0.40796940203060955,0.26344569625527037,0.9812082143929539,0.9534171440074164,0.369009999494573,0.23298051279452478,0.9880849664860752,1.849051872889201,0.7874808510144552,0.5315055300792059,0.5228888239590616,0.3727855138351326,0.946989636584021,0.6811271757934986,0.5189727740752986,0.9829370286728841,0.7151173154513041,0.9602222419755035,0.7650755172540062,0.6204460163828035,0.9845438639322156,0.9540154904276376,0.3952254570578957,0.25550779691934633,0.9879787868922848,0.0001760405965600031
28,2.075082188719636,0.6326054926518794,0.28589903147747886,0.36210393257341134,0.228452690172644,0.9308231456949154,0.40635755426899,0.26207264195754154,0.9803235247417847,0.6590429452749399,0.9310813278793448,0.40921442108482753,0.26452782341012704,0.9807188127423584,0.9520935742191396,0.35521084962425004,0.22233147410504062,0.9875134021251432,0.6865893602371216,0.8360887368520101,0.7712474664052328,0.7742837153333713,0.6359438015085103,0.9749321153506636,0.8469536906622777,0.7353819100857618,0.9895195007323455,0.6971463561058044,0.9661365272052626,0.7824769181253162,0.6431064170193452,0.9855487399630315,0.9783089328758315,0.7952981130249119,0.6621246892828394,0.9922311570908523,0.00017431448254773944
29,2.066881562446381,0.6617043235085227,0.28740710796384544,0.37120335538264726,0.23535510676421678,0.9333898217241863,0.42024136260782485,0.27383042984779243,0.9823832478555848,0.6939010086593095,0.9326787647948285,0.41754229224721834,0.27161540245610033,0.982187764627875,0.9547459696071634,0.38310293453507205,0.24431732057653174,0.9885174411159375,1.342439204454422,0.7722337543964386,0.7269804179668427,0.717205271137998,0.5710502740542807,0.9725583423152617,0.834703146346329,0.7180794623886362,0.9842156304252713,0.6400700112183889,0.973069333748872,0.84793964812083,0.7366133078299417,0.9828046162922418,0.9700614907913967,0.7370888016194095,0.5872181926121413,0.9869896782768336,0.00017253743710122875
30,2.0712916017412306,0.6363394143698099,0.28669198237724236,0.3612396574307207,0.2291359472867342,0.9318563394743052,0.41032133843042384,0.26686827047979084,0.9810972947339995,0.6621660886110959,0.930792356769368,0.40568583270091796,0.2632599688839896,0.9809523895903152,0.9536097689992814,0.3751818764907348,0.2386367539234201,0.9878397588128891,0.6138957540194193,0.8099082211653391,0.8085139493147532,0.8065173268332159,0.6791477039013318,0.9783957838555395,0.8732759909522104,0.7771781757590023,0.9836129082573025,0.6611699461936951,0.9776035819758838,0.8644892553196799,0.7628779836693064,0.9852164374456706,0.9805361373122841,0.8318590128433064,0.714394132708763,0.9885942247178057,0.00017071067811865476
31,2.0504644017119507,0.6131895372083971,0.2984736041797625,0.3739144645335241,0.23748011217382764,0.9331698394194614,0.42116637847633615,0.2747134861294243,0.981890004831519,0.6301776912662532,0.9328454752954352,0.4203684106275692,0.27438762067641254,0.9820881556796943,0.9545171444734362,0.38836654048642255,0.24782450217577748,0.9883498078458873,0.7601225177447001,0.819652646780014,0.769375205039978,0.7655418207575221,0.6302678870337087,0.9821341030929415,0.8959820674937328,0.81257913973222,0.9848876105413736,0.6799222330252329,0.9803928439112068,0.8801150031690484,0.7871225291917047,0.9853029039170246,0.9802914385671276,0.8121076694410253,0.6861090129421193,0.9915224711099495,0.0001688354575693754
32,2.06689330664548,0.6016902790202961,0.2944975104573723,0.3682878367861014,0.23212917708329245,0.9315033804675,0.4081408538168875,0.2628342608509207,0.9812728241606274,0.6173919464324737,0.9316935052983689,0.4134517781818091,0.2677104631106272,0.9813968151598625,0.9530423542359665,0.3645301124257407,0.22851490468719843,0.9879532927398995,0.633692463239034,0.8301783303419749,0.7909600635369619,0.7887558817938962,0.6565853454270812,0.979265067027936,0.8754209695798947,0.7806535150859785,0.9867385864257051,0.6853499611218771,0.9790092521773409,0.8759053270479361,0.7804610976005658,0.9861361185708875,0.9790408161397656,0.7991687015487813,0.6696508605806707,0.9906713697644633,0.00016691306063588583
33,2.053423122926192,0.5959365417907289,0.30093118954788556,0.3738296644016887,0.23733151959620258,0.932929363809163,0.41945043716504493,0.2734234133340318,0.9818994482079668,0.608230164001038,0.9323359475669732,0.4189638992539218,0.2730329343502833,0.9815287556680851,0.9544004473575841,0.3837345628467019,0.24490199419232583,0.988237501024291,0.7006110350290934,0.84527987241745,0.7978335817654928,0.7987855943801305,0.6691914983624415,0.9798226706304111,0.8803127549300235,0.788013672293785,0.9871977912054358,0.7002488076686859,0.978349185663337,0.8685760280958584,0.768831293949798,0.9878305223252276,0.9779390731195249,0.7896124086155073,0.6555637253258239,0.9909396701388123,0.00016494480483301838
34,2.0464114292518243,0.632597329733255,0.30008672594607294,0.3816341973296101,0.24287607704978936,0.9338572363029694,0.42928879304363504,0.2814800533894446,0.9818773069581036,0.6539697713785239,0.9334009551619884,0.42912600031054493,0.2812848274835993,0.9817610520582185,0.9554177114559967,0.3995512813673209,0.25668233636501514,0.9883145952557431,0.5415313094854355,0.8645066221555074,0.81519415974617,0.8199637174546727,0.6982065805882103,0.9823453556851462,0.8928431750267999,0.8077659096415409,0.989040629068934,0.7158047159512838,0.9794982536622214,0.8691232341064373,0.7695566953008132,0.9889363606770069,0.9810985488866003,0.8376874845771011,0.7221982581723444,0.9902404785155485,0.00016293203910498376
35,2.0392736238199514,0.6676335368123087,0.29345347719442855,0.38108884039086804,0.2439435514462525,0.9339022411556664,0.422728764361508,0.2769497831524452,0.98263395082693,0.6992727959906304,0.9330853900799402,0.4176223364410585,0.2726091142069008,0.9823482486750779,0.9552692542809128,0.3955143040340389,0.25455861478596054,0.988435971986922,0.8360579212506613,0.8963217039903005,0.698373963435491,0.7321003630389331,0.5833588140806664,0.9640008652481727,0.7688388249372728,0.6277303713972698,0.9895739237466684,0.7895068724950155,0.9669397333770579,0.7827200892841703,0.6475195209286527,0.9910419887965815,0.9646447840583,0.6621312457004483,0.4969894884782517,0.9908667670355138,0.00016087614290087208
36,2.0371187375142026,0.6876279390775241,0.29007932890232624,0.38251268772301183,0.24458608694795672,0.9335793220034999,0.4177569408886866,0.2726441349947402,0.9827180342240016,0.7250513463587194,0.9333458765566137,0.4181564587351167,0.27326270060897623,0.9827544205671506,0.9548433787335247,0.3886565047466559,0.24861632718502352,0.9885482254561091,0.5308437993129095,0.8588434954484304,0.8142518699169159,0.8177764621942045,0.6962307695203321,0.9823622721054511,0.8977387367031776,0.8161394273549983,0.9895855373805659,0.7107661863168081,0.9812507687160177,0.8864248842532568,0.7970703031887038,0.9900433858234913,0.9827729437157563,0.8422977459629476,0.7296946562830184,0.9914347330728401,0.00015877852522924735
37,2.0517065400010224,0.6496896810464926,0.2952259948828837,0.37766617391218316,0.24053088132682954,0.9332498476989622,0.4155708663725904,0.270655299279598,0.982481362936305,0.6767395126236069,0.9326716982725461,0.41858143811858445,0.2729409115910425,0.9821210741162383,0.9549130323587571,0.3874301781101408,0.24725909197019008,0.9886279873080267,0.6108135531346003,0.8689796527226766,0.8124877015749613,0.8258025638564356,0.7064142354886952,0.981864288285581,0.8901194932775066,0.8034287159402425,0.9907546149359044,0.726606160402298,0.9797466375873451,0.8702475589456027,0.7711557247624853,0.9904794481064774,0.981706939021089,0.8286367544842833,0.7104958176513545,0.9927140129936299,0.0001566406236924833
38,2.0352459337327864,0.6329885095983119,0.30387510849045707,0.38412918302462523,0.24538843781730554,0.9337852744759357,0.4231623099803104,0.27688739386098715,0.9824741603610482,0.6530396788270323,0.9335547080260123,0.42664351468461964,0.27909509693299245,0.9823519299913201,0.9549157250653809,0.39042960245723435,0.24983882998666454,0.9885115189985042,0.54924176633358,0.8438307046890259,0.8224843641122183,0.8211985087703396,0.7002216416347253,0.9816255995052255,0.8932793080597229,0.8086994734386906,0.9866399129231009,0.6929544309775034,0.9827092800188507,0.8978861333035216,0.8154364711617484,0.9867850409612954,0.9795169963664038,0.8143134652948877,0.6895091561065905,0.9908122592501405,0.00015446390350150275
39,2.03347665696711,0.6203815486881282,0.30512441193255097,0.38342982778347295,0.24544399384135485,0.9334446233375251,0.42298742361035585,0.27683894707218704,0.9819995373278315,0.6375630518773219,0.9328783980565922,0.4211550181192491,0.2757003492635095,0.981762065753995,0.9549320204853111,0.3919427002673371,0.25188511892263343,0.9882912269004656,0.5713935246070226,0.8585093220074972,0.8167593876520792,0.8184138854085691,0.6956688905160574,0.9818207696179782,0.8910173264762854,0.8042435208574342,0.9896191067165034,0.7094737688700358,0.978482164287616,0.8673025167786231,0.7657591385024477,0.9887450324163733,0.9821857561780195,0.832375182644669,0.71613034507071,0.9928481207952792,0.00015224985647159492
40,2.057572584052186,0.5863370561933184,0.30760809591600113,0.3768226118124444,0.24021135597829782,0.931106296844508,0.4037120215292739,0.2623063817441637,0.9814817521954832,0.5937561888794799,0.9309730359177132,0.4056141650467291,0.2633303828445272,0.9815006923007881,0.9535770028158388,0.37210252092472446,0.23689136032612623,0.9881309562628999,0.6377978324890137,0.8695868651072184,0.8176849087079366,0.8260552491365171,0.7069342964901536,0.9815201968357204,0.8915359726598518,0.806131966802185,0.9885945638020069,0.7238767047723135,0.9799986787391113,0.8784691726831176,0.7848267427719368,0.9889859517414602,0.9820299257108337,0.8423422957659129,0.7298960077826834,0.9909546746147239,0.00015000000000000004
41,2.0196142713506737,0.6500055273096045,0.303801746947782,0.38897281889651075,0.24966709022701414,0.9339829944010436,0.4301859066953351,0.28293774549739553,0.9823138897234825,0.6742507294341401,0.9336368698843782,0.42747638857700865,0.28047294891027863,0.9822809712869386,0.9554118568960431,0.3981983931392764,0.2563662192987499,0.9886083536214009,0.5303996404012045,0.8633902768294016,0.8283343116442362,0.8317403199234326,0.7144549792588292,0.9770884674268867,0.8622545776806056,0.758651561272807,0.9893282572427621,0.7127826313177744,0.979301611341037,0.8809599878205914,0.7875416300321624,0.9875183105467987,0.979589698304948,0.804680030002645,0.6751680989852095,0.9922889709471892,0.0001477158760259609
42,2.0368192596035404,0.6393739393541029,0.3030724859294983,0.3854280957166293,0.24615679817816466,0.9333926678808779,0.4257084543269745,0.27833438944892713,0.9816899332966087,0.6622536399147727,0.9327908535216676,0.4218726348923897,0.275129464148516,0.981815684925351,0.9550574333695991,0.3947768548174042,0.25300987489423615,0.9881337839405934,0.5259621987740198,0.8472562233606974,0.8182419240474701,0.8178049575114154,0.695580927643127,0.9825981515766783,0.8961635214357898,0.8127711430164308,0.988436126708908,0.6970219115416209,0.9822631496162187,0.8903498748371854,0.8027310279441368,0.9899739583332569,0.982053793191203,0.8392825305463584,0.7240757620767221,0.9912000020344287,0.0001453990499739547
43,2.0201683619639255,0.6294606882375438,0.3084760432789376,0.39046190561566646,0.2497173349781448,0.9339918446582034,0.4296030915849829,0.2813529005637947,0.9824537263882827,0.6469142353618061,0.9337146377928733,0.4288285927293385,0.28033332284337786,0.9823981865301915,0.9555012518237727,0.39888306245985655,0.255757191727548,0.988651995892216,0.5672391305367152,0.8728144367535909,0.8237243493398031,0.8308384110905047,0.7143272105729688,0.9838227354821226,0.9047942898314788,0.828103339759734,0.9901279025606874,0.7252520322799683,0.9830614919095241,0.8948783133567967,0.8107672013089382,0.9910246107312602,0.9822266192797798,0.8425798204396667,0.7316836611152605,0.9918006896971892,0.00014305110968082955
44,2.048497838573856,0.6906800703568892,0.2864623742725153,0.3759495317798668,0.2401970053434117,0.9326868779052241,0.4127594052121578,0.2700561779763377,0.9817768443713739,0.7308834582775623,0.9322617365724327,0.4134994440733382,0.27059205601849295,0.9817171430253566,0.9546888165914309,0.3818110043756376,0.24471990785066222,0.9883827262824312,0.560754656791687,0.8673580686251322,0.809862365325292,0.8169275798094588,0.6951761425619517,0.9808546747645209,0.8852791463681856,0.795486195755767,0.9896553887260519,0.7227952778339386,0.9773165665560847,0.8581793509830217,0.7521177929036683,0.9900059170192378,0.9817016977727159,0.8357652573826623,0.7211162043887245,0.9915493435329096,0.00014067366430758004
45,2.0238054949086863,0.6341992891751803,0.3041500352531463,0.3861673867397801,0.24776500172629257,0.9339038342996944,0.4273503198152177,0.2804479406214296,0.9825334348877909,0.6545258635407561,0.9334617978210981,0.4247153497845659,0.2780134545557386,0.9823871425814646,0.9553444323041044,0.39251846994883416,0.2526810185846184,0.9888224034875503,0.6681485772132874,0.870119055112203,0.8019491930802664,0.8118874855126945,0.687479805698041,0.9769890141566459,0.8623896130941673,0.7590227367186131,0.9884374830457135,0.7287026345729828,0.9801174291211402,0.8724264980859541,0.7751621136301785,0.990534040662901,0.9778205789763056,0.8130690101174937,0.6866892287711369,0.9906237284341683,0.000138268343236509
46,2.0317130939110175,0.6151968682562554,0.30820892834580027,0.3867625923294731,0.24690640326925076,0.9335882506827959,0.42721262507716196,0.27979970302209367,0.9821870176941447,0.6293608125273165,0.9330440453357015,0.4233477949646328,0.27673857051777007,0.9821678108267935,0.9551418378913923,0.3977149526628527,0.2545899647998242,0.98849252554079,0.5823279668887457,0.8611175616582235,0.8271483679612478,0.8293884683019169,0.7115803251625247,0.9800159958237362,0.8853375081980311,0.7955260940357644,0.9892380608451926,0.7104148964087168,0.9786234310726556,0.869328715934795,0.7697317587814524,0.9898113674586909,0.9818588839761474,0.8343219686645126,0.7195033051413805,0.9927275763616854,0.00013583679495453007
47,2.0151318136628693,0.6277247075434331,0.30726386320132476,0.3891673337603055,0.2488955033097932,0.9332409106496612,0.42424263212025365,0.2767795004949253,0.9821147251795305,0.6459789676266117,0.932482345969922,0.41997462290477117,0.2733447517583662,0.9818617814069943,0.9551714614316408,0.39683906371729966,0.25425545413546585,0.9884932724745203,0.5055452485879263,0.8582264482975006,0.8259811302026113,0.8268026802895815,0.7077359646329603,0.9786509650974423,0.8735122781160266,0.7769394473956055,0.9886069403753576,0.7070968647797903,0.9796444402324004,0.8737865313832059,0.7775147424688346,0.9898374769421978,0.980581687254812,0.8273475935241256,0.7075336581551656,0.99200108846021,0.0001333806859233771
48,2.0212510324024655,0.6164858091127622,0.30867861680217556,0.38824533915874665,0.24860122969764428,0.9338470716531174,0.4285975787627415,0.28097478449754504,0.982292068588075,0.6314423034241149,0.9332625686119365,0.4290776159874658,0.280992274523909,0.9820325624691941,0.9555546987759931,0.39814595114483614,0.2560809782167826,0.9887400807199859,0.5154744287331899,0.8590199053287506,0.835408220688502,0.8361406798818161,0.7218997526072695,0.9833424507756477,0.8997152056657954,0.8189050175642748,0.9894260830348628,0.7057483295599619,0.9841180903104444,0.9003150446029099,0.8193012825522713,0.989858245849533,0.9813338087257977,0.8296612076602473,0.7101678671518642,0.9923051622178054,0.00013090169943749476
49,2.0053413297746565,0.6131600866784582,0.31285402564318865,0.39183297533110695,0.250849111652392,0.9339195779391211,0.4282676099590247,0.2797711600686178,0.9824984357072839,0.6257071861853967,0.9332036214654608,0.42734815809383403,0.2789709547533793,0.982104641574171,0.9555071192852609,0.40353353578902973,0.25888210478499146,0.9887080159219909,0.5593787431716919,0.8774200479189554,0.8179787894090017,0.8264901918747786,0.7073243901635538,0.9830775650712017,0.8971427937263113,0.8146305873716129,0.9908815171982742,0.7309233844280243,0.9811937159803935,0.8800466283852301,0.786476592365681,0.9912273830836908,0.9823860790202836,0.8476882830534721,0.737032273742317,0.992306772867762,0.0001284015344703923
50,2.0172086945780507,0.6183457808061079,0.31194381994175746,0.39083294101532706,0.25114983061207524,0.9340952434196745,0.4289920628679695,0.28137151347041206,0.982268966994844,0.6327537589973503,0.9338209933514692,0.42927748190173864,0.28136905016441593,0.9822638451635503,0.9553613565761009,0.39674063044580926,0.2552437108639774,0.9886903562745094,0.5177894333998362,0.8655803302923838,0.8424423933029175,0.8452202762590909,0.7350046152632251,0.985042301765791,0.9107741134728576,0.8369504400721827,0.98996743096238,0.7122071186701456,0.9840503267925893,0.9022819853665301,0.822194955743247,0.9899920993380311,0.984298836507674,0.8519307234973558,0.7436474012947135,0.9932863871255743,0.0001258819045102521
51,2.0224638593780413,0.626249673483255,0.3108354418740406,0.3915418160723341,0.251199191786502,0.9332923697881875,0.42284215780037065,0.27634528704587635,0.9819858257586388,0.6429881916179524,0.9329689822712248,0.42453624023004755,0.27749357297796273,0.9817711356635777,0.9550408560706888,0.3948311272323333,0.2525219027132756,0.9883334286562293,0.5911009808381399,0.8480686644713084,0.830187976360321,0.8342143248823657,0.7199694634847128,0.9850116462864175,0.9101044817845744,0.8369155798486112,0.989298926459342,0.6966558694839478,0.9840688272346245,0.9030811862489508,0.8244123898150822,0.9889791700574322,0.983784849409438,0.8546823595927363,0.7500236467140639,0.9912117004393766,0.00012334453638559057
52,2.0053180581206207,0.6440538526414992,0.31221610306390934,0.39685583850956574,0.25547421286235317,0.9341423561094335,0.43353447751154284,0.28438673160696654,0.9819764357346004,0.6643782929107026,0.93379016102985,0.4329888311509091,0.28414887852445603,0.9818882975544212,0.9558075451985355,0.4073644758239893,0.26285478779521,0.9885873861245422,0.498985692858696,0.8641398151715597,0.8407460749149323,0.8424828346873614,0.7307095435275017,0.9846082239049734,0.9078330978454517,0.8320278664959893,0.9893041822644634,0.7103602985541025,0.9836050116952598,0.9010042450741284,0.8199895332347363,0.9886195712618594,0.9833763208873565,0.8505695389230595,0.7411431368582315,0.991547987196104,0.00012079116908177593
53,1.996942938624562,0.6347489790482954,0.3126270182274438,0.3962996667347743,0.2548422179626479,0.9340274917933841,0.43016698496732436,0.2825170591732272,0.9821311577215978,0.6523656244878169,0.9337616390602882,0.4305697221972369,0.28281722551316985,0.9820671348304264,0.9557247329855455,0.4037448845346049,0.2602375502712293,0.9886402583621678,0.4901766926050186,0.8508667945861816,0.8261279066403707,0.82693083525706,0.7092947647743345,0.9846190604771653,0.9085625111756324,0.8337477935504986,0.9890680948892466,0.6992051899433136,0.9850484654738777,0.9120493182689495,0.8389753955723552,0.9879172431097327,0.9831715161953726,0.847104971381067,0.7365252228292056,0.9918807135687168,0.00011822355254921475
54,2.003327607274889,0.6675139740630464,0.30568101887519544,0.3966296231314443,0.2546581273184293,0.9346938900612197,0.43304565017121005,0.2845257707687715,0.9828874814759684,0.6955245224745957,0.9337650956941335,0.43018785051987446,0.28248279674424226,0.9823568384129767,0.9559273054514315,0.40398672025576055,0.2598997749746943,0.9889257471043827,0.47233400245507556,0.8773816525936127,0.8395145336786906,0.8435754813356994,0.7327424837723094,0.9841776914574997,0.9075218458682534,0.8320659891583375,0.9896302964951492,0.7251274188359579,0.9840425511094472,0.9023137832473491,0.8228674524079619,0.9905967712401579,0.9833526164680478,0.8499514506785645,0.7411668781314124,0.991963026258604,0.00011564344650402309
55,1.9973759125996302,0.6408665263569439,0.31149310876543707,0.3955281445606457,0.25463681668952587,0.9345710000133515,0.4333365652786488,0.28486026206640147,0.9827591689315791,0.6604960514948919,0.9339117896595094,0.42855522221651615,0.2812074122658558,0.9826819146428991,0.9558405262120744,0.40194248964270457,0.2588846257892908,0.9888913348003782,0.6478855411211649,0.881841798623403,0.8112753828366598,0.813091872931604,0.6892385319814563,0.9811558205899341,0.8904263860503473,0.8032013150482759,0.9899770948621197,0.7353180845578512,0.9828749407385408,0.8950022976020597,0.8102496852331126,0.9913726806639861,0.9745845157585588,0.7761750849800205,0.6352810352773989,0.9910263909233176,0.00011305261922200515
56,2.002433564279463,0.6325489924504206,0.3127046852678686,0.39670478438746676,0.25581928005578636,0.9344794186664875,0.4328557998145587,0.28515458720826126,0.9827184076908667,0.649924058180589,0.9340084960431975,0.42972123546024077,0.2826314140476245,0.9824223018191993,0.9558770844692587,0.40449704828856936,0.26130557992762116,0.9888570292011921,0.515410507718722,0.8455090920130411,0.8411434292793274,0.8410717836109124,0.7286588669222676,0.983735688829142,0.9020274591302541,0.8228796074337676,0.989261288112988,0.6908911069234213,0.9809717106759708,0.880718406602799,0.7873570163167726,0.9885414971244897,0.9830848515711622,0.846799318283252,0.7366565827396574,0.9915401034884218,0.00011045284632676535
57,1.9988759581025664,0.6501767885434878,0.31075292137952953,0.39832230322653,0.2559823962222886,0.934578052070277,0.43263368984513717,0.2830563094935431,0.9829283494214994,0.6728732235781796,0.9341185322531922,0.4315325229909234,0.28217768065618787,0.982834662590752,0.9559153488566359,0.40320899690319717,0.25883460630520844,0.9889661348782299,0.614350845416387,0.8648401995499929,0.8225127359231313,0.8214886649607034,0.7022782540339132,0.9830968808185393,0.9039890809332799,0.8260690539880295,0.9875525580511391,0.7145257790883383,0.9800083925194295,0.8812682611051709,0.7887964143099256,0.9887345208061302,0.982935319919799,0.8464658736217926,0.7365188200270678,0.9918144226073453,0.0001078459095727845
58,2.0151294561532826,0.6297333190491149,0.3098366940459171,0.39267132815361794,0.2513975143931292,0.9341684379829939,0.42705094132148824,0.2793870553695102,0.9825242582733897,0.6476577545379425,0.9333317849711126,0.4252173369270106,0.2775497747389007,0.9820013513097479,0.9557934604902988,0.400277167971421,0.25700569982893573,0.9888005823521427,0.5811407913764318,0.8750076393286387,0.8272977471351624,0.8308591067294689,0.7137661285716579,0.9830171346421815,0.8985187702538568,0.8162113008981545,0.9902995639376405,0.7245519061883291,0.9828593986900317,0.8925882404428758,0.8063658400757198,0.9918222215439774,0.9826553906678003,0.8416294779517767,0.7270993548936749,0.9926933288573453,0.00010523359562429437
59,1.9924115651137346,0.6843490067061845,0.307837144113504,0.40256134453128545,0.2596315806737203,0.9344571672336269,0.4338344814453698,0.2850367307598946,0.9825924426524871,0.7159119719391936,0.9338471226728217,0.4299244839206316,0.28175406719722507,0.9824831235658124,0.9560936953684558,0.40900754123608246,0.26409842582903764,0.9887452559036889,0.693092147509257,0.8796524107456207,0.8132087290287018,0.8172993581678608,0.6942150515501048,0.9805974669065808,0.8859574897816107,0.7970534298437387,0.9902264912922413,0.7337861061096191,0.97839778717714,0.8686000325051562,0.7685278337327324,0.9910146925183696,0.9818961970056765,0.8372691870587579,0.7220589767666673,0.9922617594400275,0.0001026176948307873
60,1.9913858967227536,0.650185805100661,0.31343387598757977,0.4007629479857257,0.25905348663369737,0.934975598193732,0.4349735515498149,0.28752886494315294,0.9828202574402385,0.6716817042210719,0.9342725026840005,0.431283757168821,0.28446810997712807,0.9825644326375997,0.9561539605861602,0.40654569868883184,0.26377078633324086,0.9888560155054152,0.49204625686009723,0.8592401345570883,0.8418684601783752,0.8440272794231737,0.7332039680470328,0.9813538745540137,0.8803738443582652,0.787525262134662,0.9909469604491422,0.7056451638539633,0.9814768039580786,0.8868214826446685,0.7976309111077984,0.989230516221712,0.9796093308566318,0.8115586162439699,0.6844237635893803,0.9913909064398106,0.00010000000000000002
61,1.9954624017635425,0.6420987002499454,0.31266938717840437,0.3986831764058366,0.25651519878172585,0.9344303011564653,0.4309730129694861,0.28250802251290363,0.9827769886362885,0.6614082709892647,0.9338723527963191,0.430419392372656,0.28188082978609214,0.9825173224601794,0.9558234711654339,0.4027432819287345,0.25947902063005623,0.9888141338641073,0.4537505308787028,0.8720821837584177,0.8506329953670502,0.8517209969341955,0.744757231033764,0.9850082406396968,0.9121459942858895,0.8399386902837406,0.9890243530272672,0.7166039446989695,0.9841359757793372,0.9009189123460853,0.8205133318926269,0.9908854166665901,0.9844754782250665,0.8611588076843194,0.757651096476082,0.9922963460285693,9.738230516921269e-05
