epoch,lr,train_loss,train_f1_macro,train_iou_macro,train_acc_all,train_acc_no_bg,train_d21_acc,train_d21_f1,train_d21_iou,train_d21_bin_acc_all,train_pred_bg_frac,val_loss,val_f1_macro,val_iou_macro,val_acc_all,val_acc_no_bg,val_d21_acc,val_d21_f1,val_d21_iou,val_d21_bin_acc_all,val_pred_bg_frac,val_d11_acc,val_d11_f1,val_d11_iou,val_d11_bin_acc_all,val_d22_acc,val_d22_f1,val_d22_iou,val_d22_bin_acc_all
1,0.00019996641784760462,2.244389727399066,0.21609718931455746,0.13297248089954275,0.5483706280901716,0.19470270032387135,0.9170317257485986,0.2562375500543894,0.16055436172388743,0.9722742467492703,0.594532253025295,0.9070607622464498,0.6794590172442327,0.5292733405976738,0.6380446553230286,0.700459768374761,0.9748650599836998,0.857838178792731,0.7559622545013687,0.9689233567978853,0.5084631244341532,,,,,,,,
2,0.00019986569440594827,2.042704421323496,0.35319063767045394,0.22121892438446628,0.42278300465403734,0.31111343126822183,0.9231163173255799,0.3984274146550876,0.25609612695013906,0.9697520649515766,0.3970506574724104,0.6069925228754679,0.770826347819546,0.6325748096109066,0.8294848203659058,0.76369309425354,0.9747090245254667,0.8455419980423541,0.7384018241314473,0.9847997029621635,0.6932169695695242,,,,,,,,
3,0.0001996978987058466,2.0027231169747304,0.36503001007991903,0.23011864822717246,0.4580619118430398,0.31608066541123225,0.9253903703287103,0.40918659807505,0.26457168742459714,0.971197114957722,0.43763754251119974,0.7049459318319956,0.7847792059461799,0.6527170595064944,0.5852931638558706,0.7946343719959259,0.9761446373965184,0.865113698802004,0.7672884374103622,0.9258088853623417,0.4382694711287816,,,,,,,,
4,0.00019946314574609083,1.9808252899796812,0.36624137492191494,0.23134175453654235,0.49625802206826375,0.3074713367057013,0.9146427929866741,0.39586435827010996,0.2536712273741825,0.9598357727476869,0.489227294921875,0.8058453996976217,0.7470287214599748,0.6108010159190677,0.7637931903203329,0.7440635859966278,0.9787246360845748,0.8690407957984719,0.7736738083698715,0.9858112759059569,0.6273783445358276,,,,,,,,
5,0.00019916159641463347,1.958699748232648,0.3757538588691919,0.23930336476273303,0.47115251234361344,0.32304563263913133,0.9222189435794207,0.40867044548170484,0.26415700113059176,0.9686379599403766,0.4499033147638494,0.6117200255393982,0.7802271213241058,0.6483958039035699,0.7414213418960571,0.7780459622542063,0.9768923701955331,0.8544529441737289,0.7504425152447007,0.9885615030923716,0.5984721779823303,,,,,,,,
6,0.00019879345737832356,1.945309348873325,0.37651135539358427,0.23984299875436266,0.5385056609040374,0.31389879523874165,0.9189745817013858,0.4000632596222414,0.2572390512305595,0.96525296297933,0.5349534041398055,0.5148148735364279,0.8131308118173921,0.6911176702159229,0.9075901508331299,0.8030277887980143,0.9796262985246983,0.8789857625988139,0.7892831087675501,0.9917787339951492,0.766663114229838,,,,,,,,
7,0.00019835898094126763,1.9413841520989692,0.379317566199142,0.24311294069122197,0.4838651110242297,0.3239852861872503,0.9234489581749152,0.4043949424987943,0.2619267711599165,0.9681117984797667,0.4686595143138112,0.45902171234289807,0.8419855122785348,0.7317454947039254,0.7855990131696066,0.8453996578852335,0.9792313786128372,0.8762826070389075,0.7841482586587764,0.9869270324706271,0.6296449502309164,,,,,,,,
8,0.00019785846487191302,1.9189692777353566,0.40251731366161336,0.2608000962773923,0.5403096125676081,0.33158577900783687,0.9283486123181126,0.4217539545881672,0.2759246479755593,0.9751698420597213,0.5317016281448044,0.3936925878127416,0.8540920993912292,0.7492860694719231,0.8594087461630503,0.8532894949118296,0.9817129536447774,0.8897136997302751,0.8061218052155744,0.9898284064398107,0.7036127746105194,,,,,,,,
9,0.00019729225219897235,1.9151431122026243,0.392412579026516,0.2532411672665065,0.4775973233309659,0.33760527823563224,0.9186691292720961,0.40710681385457265,0.2641387560908905,0.963666849202969,0.4531566379787205,0.6204143961270651,0.7635321967419109,0.631294052037107,0.8278033832708994,0.7611898879210154,0.976400974042507,0.8702811087102146,0.7732622900788845,0.9693706088595171,0.6897032856941223,,,,,,,,
10,0.00019666073097632873,1.9128844012747277,0.4006741497381046,0.26001508708335874,0.5006481784207004,0.34010224596603766,0.9217687866511265,0.41448436789439763,0.27058811503548774,0.9671936568679602,0.4801912641191816,0.8316737612088522,0.6934136491156643,0.5611487028255088,0.8267088234424591,0.6875275572141012,0.9825901662436015,0.9000881118211521,0.8222192127206732,0.9869086371527017,0.7027411659558614,,,,,,,,
11,0.00019596433401708298,1.8969726454127918,0.3899072762751769,0.25087238303119497,0.5048530952080147,0.329840971508643,0.9291034739731315,0.4249056267718402,0.2772955472325083,0.9754451404917579,0.4879165329299607,0.41281279424826306,0.8674143766558936,0.7696649870233414,0.7841294209162394,0.8696297903855642,0.9836384764837612,0.9048855323390402,0.8298783635550205,0.9883210923935869,0.6242329080899557,,,,,,,,
12,0.0001952035385969251,1.9014678018076436,0.40795647191407314,0.26559975071103636,0.5380293305937227,0.3364682712598697,0.9290020002769829,0.42390936172020866,0.27714227546700154,0.9762065327250131,0.527499272273137,0.4880004773537318,0.8267390084108787,0.7104325453144077,0.906221608320872,0.8147744635740916,0.981553083922179,0.8847109452333207,0.7965351215284402,0.9927329169378575,0.7623609006404877,,,,,,,,
13,0.00019437886612703355,1.8841114069198395,0.41041211511251613,0.26712284699850036,0.5035188581560042,0.34445366909453917,0.925937153583651,0.41713557004072044,0.2710729101338504,0.9724399593325852,0.4819330068734976,0.3713015864292781,0.8669851554625633,0.7690848522957587,0.8555481831232706,0.8673786918322245,0.9837968320679408,0.9009380838077158,0.8242364818017966,0.9919871012369027,0.6963303486506144,,,,,,,,
14,0.00019349088179672583,1.8822911302526515,0.41092791565713843,0.26821938822981384,0.5084454196316379,0.3440082279014421,0.9245646119163082,0.4224238875184053,0.27633973395236505,0.9706940550903439,0.4880720018506884,0.3412672032912572,0.8740287611149286,0.7792434126235901,0.9032045205434164,0.8680906295776367,0.983589283291253,0.900626943806221,0.8221226237550695,0.9928484598794808,0.7459564308325449,,,,,,,,
15,0.00019254019418610616,1.8776021020395772,0.41004308175783916,0.26731368936013744,0.49418586784309443,0.3456351157355975,0.9217155547244793,0.42374821290646636,0.27679861376288983,0.9668619115868751,0.4695020555616259,0.5302403122186661,0.8358280268290161,0.7210976019390506,0.9319887061913809,0.8045016229152679,0.9736664866468486,0.8269364931764266,0.7083993603414428,0.9942510816785258,0.7974639932314554,,,,,,,,
16,0.00019152745484897493,1.8652533517850862,0.4189559934472767,0.2756860421859818,0.4897976321773929,0.3527134451624397,0.9279802175138655,0.4326486995620384,0.28517515426688506,0.9740021178771656,0.46168902203753276,0.38252659142017365,0.8783641661641911,0.7862211385617882,0.8699588378270467,0.8777776459852854,0.9834499452856146,0.9002291447810884,0.8219326372676723,0.9909601847329964,0.7087680498758951,,,,,,,,
17,0.0001904533578662864,1.878154027712095,0.4150343922243375,0.27281945334627516,0.4790944452885981,0.3533641987226226,0.9294930375653575,0.4306310838514553,0.28397289245002333,0.9762904027124472,0.44735061538802995,0.41202952961126965,0.8595635412245201,0.7592393557347358,0.8855348428090414,0.8604776461919149,0.9842263768312768,0.906690470308876,0.8323783485766317,0.9912063598632047,0.7282404601573944,,,,,,,,
18,0.0001893186393704601,1.8636494158031223,0.41944915440463837,0.27569983033845347,0.5241204641915701,0.35196957091143083,0.9309585064441814,0.4320005122242582,0.2842236328812275,0.9777692781460955,0.5039498389184058,0.45111505687236786,0.8419617764318411,0.7374393631992784,0.8861030638217926,0.8462011814117432,0.9859577778071823,0.9158707301460723,0.8475897332337626,0.993388112385991,0.7320651610692342,,,,,,,,
19,0.00018812407704087267,1.8570125894946652,0.4209218379349951,0.27537451877064123,0.5199254175999781,0.3517960894436061,0.9320640395182256,0.4410499417325184,0.2901803125053193,0.9785575599936425,0.49811644654173953,0.3471320867538452,0.8741141541704004,0.7800630420533677,0.8902423481146494,0.8731792767842611,0.9841486339765192,0.9029628010537892,0.8257810169933407,0.9936126708983609,0.730149507522583,,,,,,,,
20,0.00018687048957087508,1.8563354257103446,0.41936675926290423,0.27544763765834424,0.48592904897836536,0.35346738118808585,0.9134661128370452,0.4251225935879814,0.2790602166315987,0.9573438417660709,0.45823722786003057,0.31886828194061917,0.888712288141983,0.8029634242668281,0.8993129432201385,0.8869360784689585,0.9872314896807105,0.9232000588468389,0.8601585586453137,0.9927870856390294,0.7366828123728434,,,,,,,,
21,0.0001855587361067011,1.8674837742652093,0.42225159391641137,0.27839094619383387,0.5163670253086757,0.35392257701475305,0.8997768626299909,0.4289902641014777,0.28387038015576616,0.9426678744228684,0.49293875527548625,0.3477107758323352,0.8892692449919495,0.8042629426458613,0.9166976114114126,0.8844783703486124,0.9853254130379131,0.9123574675937859,0.8418206366280838,0.992897627088682,0.7561612526575724,,,,,,,,
22,0.0001841897156586516,1.8460105078203695,0.430913215877563,0.2840874907639135,0.48616054508235906,0.3636470904404467,0.9333342028181868,0.44406050023510346,0.2941767642866193,0.9795697619030614,0.4534322565252131,0.39890608688195545,0.8778168088255205,0.7877522929592181,0.9136012693246206,0.8722773194313049,0.9855764525288793,0.91377063860924,0.8435656132565246,0.9922498067219286,0.7558869322141012,,,,,,,,
23,0.0001827643664849576,1.8617768554420737,0.4203360690404557,0.27764409483285135,0.468746211978939,0.3627036429316431,0.9289796385946469,0.4317358034350356,0.28525185683526316,0.9751140354395834,0.431157518933703,0.33547132710615796,0.8822053014219319,0.7924478751586134,0.9181522826353709,0.8775014678637186,0.9857992917741542,0.9134176894102,0.8432196243629209,0.9933803982204094,0.7585941851139069,,,,,,,,
24,0.0001812836654487449,1.8440966055943415,0.4300174114217578,0.283640645762574,0.5129662893868826,0.359755033535974,0.9315717255643742,0.43792822050380215,0.28890973700004435,0.9774347585397257,0.4882542003284801,0.37670515726010007,0.8829050273284816,0.7952749804988368,0.8682625691095988,0.8834004700183868,0.9864664957037205,0.9227673816436734,0.8582855166473151,0.9776229858397683,0.7061513364315033,,,,,,,,
25,0.0001797486273485411,1.8355415017454775,0.4302011875866861,0.2836756991733326,0.515101719569493,0.3602358636322555,0.9289026813325668,0.4341485439265234,0.2851394287365443,0.974446330037076,0.48988763769189797,0.37631649772326153,0.8673195229550151,0.7727430840200791,0.8683330217997233,0.8710955182711283,0.9878140835554287,0.9285431887467367,0.8683752175972317,0.9906861199272239,0.7077485918998718,,,,,,,,
26,0.0001781603042227832,1.8454650507106647,0.42380103844636047,0.27968228725234356,0.5303669642735195,0.35257857518231533,0.922823591087165,0.4253688062490662,0.27940976502363124,0.9673392022405567,0.5129129903299825,0.3245532189806302,0.8970673573434165,0.8166938616250158,0.8859629432360331,0.8958187599976858,0.9866584325485878,0.9196836755456393,0.8548195982699278,0.9910949707030485,0.7213374773661295,,,,,,,,
27,0.0001765197846288031,1.8301004054663064,0.43328414180284897,0.28507465165531093,0.49217971054824083,0.3658477759861446,0.9339033421043776,0.446758426132425,0.2956312332726959,0.9802195408960405,0.45942031753646745,0.30987487236658734,0.8928521454133628,0.8097231133718122,0.8982939024766287,0.8876502513885498,0.9879731566082746,0.9283485000234327,0.8683194179088151,0.9927704705131614,0.7354190448919932,,,,,,,,
28,0.0001748281928967847,1.8489063594724748,0.4364614689483375,0.2901134330334585,0.553589560768821,0.3564912503311684,0.9330883310433625,0.4437116539633441,0.2949958552319937,0.9788442758412716,0.5395727624426355,0.3079690287510554,0.8973493919499638,0.816163621580905,0.839631994565328,0.89883953332901,0.9870050211621176,0.9249331409761502,0.8626217682309029,0.9833613925509224,0.6735405027866364,,,,,,,,
29,0.00017308668835920425,1.8454706960624747,0.4321704295413444,0.28622744485373414,0.4936800870028409,0.36485532405493143,0.9320975475399004,0.4436868387467766,0.29465672830228135,0.9780444698733142,0.46211114629998906,0.34920192261536914,0.8872372874418873,0.8006386230244092,0.9426179726918539,0.8751381436983744,0.9822335749987321,0.8916991754822053,0.8068464643364118,0.9949704488117721,0.7870264748732249,,,,,,,,
30,0.00017129646455628172,1.827805816710412,0.439377762370698,0.29125133410721454,0.507490945029092,0.36698974007284724,0.9355888716567514,0.45343598126597756,0.30152534484365695,0.9820416857311862,0.4778138807603529,0.3698787987232208,0.8815961657668234,0.7922529475812601,0.8411535521348318,0.8809871872266134,0.9865125068761054,0.9215291470378167,0.8564323774516334,0.9877476162379879,0.6786204973856608,,,,,,,,
31,0.00016945874841798795,1.8269855851060026,0.4331107946474953,0.2872668335673737,0.4910695002629207,0.36435117150520113,0.9346741135727203,0.44994834650864796,0.2998547257502275,0.9811142074477511,0.4582646509984156,0.30093128730853397,0.9041064411850899,0.827956714037151,0.9223487973213196,0.902626613775889,0.9867389427824861,0.9188156970791854,0.8525895840733488,0.9944908142089077,0.7569302121798197,,,,,,,,
32,0.00016757479942316816,1.8492390500915634,0.43644994118531905,0.2907707869045852,0.5402122977730277,0.3610807135570925,0.934924368741615,0.4495036815408551,0.30067333387529277,0.9811006559357863,0.5205335283612872,0.33542487273613614,0.8939869447296968,0.8115379959560269,0.9488417009512583,0.8818846046924591,0.9862667505634993,0.9182335060163721,0.8518377772033361,0.995384724934819,0.7916030089060465,,,,,,,,
33,0.00016564590873635804,1.822038481285522,0.43329225091230184,0.2874962833544622,0.5426025924149093,0.358344148193206,0.9344643408777406,0.4467561905605874,0.29756837949168014,0.9808960494460848,0.5239507501775568,0.27443035940329236,0.9072579125070895,0.8332580803753483,0.9143086870511373,0.906423439582189,0.9873638253785225,0.9221771845736084,0.8578904319132311,0.9939325120713208,0.747793585062027,,,,,,,,
34,0.00016367339832288412,1.8221885628633565,0.4333499550403057,0.28809982392222006,0.5310332291609757,0.3617507465756856,0.9336756851281803,0.4479859679286996,0.2993646114442964,0.979352617597172,0.5089799040680999,0.30810970564683277,0.9002324813369506,0.8213792906183364,0.9252842466036478,0.8986161450544993,0.9876710137809487,0.9280780406420712,0.8679329154851193,0.9920300801594287,0.7608117063840231,,,,,,,,
35,0.00016165862004285467,1.824135093005387,0.43946258366107377,0.29239776296558706,0.5253887576656742,0.36677455011156057,0.9352721628341246,0.45337672625981745,0.3028171526477572,0.9809495619126215,0.5014687918282889,0.31100058803955716,0.8939130980569142,0.8122929219504346,0.9415336648623148,0.8875078658262888,0.9883676339258286,0.9325698562281485,0.875493921108093,0.9940012613931525,0.7816468179225922,,,,,,,,
36,0.00015960295472466243,1.82016172525766,0.4402095192674362,0.2922208289722988,0.5660887498121995,0.3601580269217908,0.9207636212598671,0.4354550876524994,0.2874609234291652,0.9652697689882621,0.5519174429086539,0.2779117077589035,0.9118869162055957,0.8407703635229838,0.9232720335324606,0.9094795485337576,0.9891012456370042,0.9349701348449334,0.8799930728015705,0.9934072706433694,0.7564547260602316,,,,,,,,
37,0.00015750781121863367,1.8165671658682656,0.4409187279449803,0.2941588535612521,0.5346921373914172,0.3657131481108132,0.9349073983368594,0.45044435045787007,0.3016419787298136,0.9807576532963355,0.5124570939924333,0.2894563054045041,0.9043078520603371,0.8280797382060809,0.91682697335879,0.9012947281201681,0.9880481926494279,0.9279704722728055,0.8681639371111,0.9934078640407219,0.7518231769402822,,,,,,,,
38,0.0001553746254314727,1.8127320379644007,0.4465334491087534,0.2985062237228468,0.5485098778784692,0.36910723691636865,0.9339100297729229,0.45210645522750464,0.3024202269841674,0.9792461261881903,0.5284426495745466,0.310132938126723,0.9040216124726596,0.828907804798268,0.9048767983913422,0.9013475378354391,0.9889562610597852,0.9353479556980085,0.8809681973892404,0.9897739834254877,0.739566812912623,,,,,,,,
39,0.000153204859342163,1.8172063544079975,0.44387448860667755,0.29644802736008213,0.561410170335036,0.36517126170488506,0.9356946333004938,0.4534670591523832,0.30400771045720376,0.9819537076082353,0.5448415796239893,0.2576301222046216,0.9110513690497929,0.8394545703153821,0.9274692237377167,0.9079419374465942,0.9887098292085,0.9310087256988683,0.872555154620299,0.9940540737575189,0.7611018816630045,,,,,,,,
40,0.000151,1.8124242466646474,0.4423054514929671,0.29514156764394994,0.5381901347553814,0.3671467885687635,0.9347309700486383,0.45150352974566466,0.30162377739671004,0.9804686432951069,0.5162029132976399,0.24724996089935303,0.9161052831665422,0.8475982456040771,0.9178705910841624,0.9147506455580393,0.9891179430895991,0.9349243239963306,0.8801926806654486,0.9930641174315641,0.7495033343633016,,,,,,,,
41,0.00014876155850544165,1.8274182889844988,0.4404074338155848,0.29474491300809325,0.5485559743601125,0.36580360420960023,0.9264018258044506,0.44155403708957613,0.29438593742918323,0.971216321825074,0.5287196019312719,0.261562983194987,0.9117885422296411,0.8404271734541098,0.9076323707898458,0.9113507171471914,0.9890333936002876,0.9335831476462596,0.8775001282466227,0.993166181776182,0.739859014749527,,,,,,,,
42,0.00014649106897447558,1.8135339180072705,0.4475739979270396,0.29992884643839124,0.5599917965335446,0.36566393176367235,0.9388337532036178,0.4614335641874636,0.31074912431484625,0.9851372992241382,0.5429529043344351,0.24353004495302835,0.9165129801638007,0.8486114434501757,0.9263415137926737,0.9143782655398051,0.9892407327270406,0.9365555749868829,0.8825381034648822,0.992146131727354,0.7585249245166779,,,,,,,,
43,0.00014419008748721294,1.8046953678131104,0.4454107660665878,0.29620433500931687,0.5000514850749836,0.37499541106757583,0.9354704531634387,0.45574569035060997,0.3034337138757409,0.9814265324518483,0.46663329651305724,0.25496477137009305,0.9137160130214901,0.8436114522513676,0.9235686461130778,0.9118357499440511,0.989486745278456,0.9377164614541403,0.8845511295400791,0.9937310960556959,0.756327490011851,,,,,,,,
44,0.00014186019102142844,1.8147528930143877,0.44445542029502605,0.29882132241992526,0.5986892059966401,0.3603332520469085,0.933085207094954,0.4512488877013418,0.30317225492808125,0.9785427813762639,0.5923372815538953,0.26430412878592807,0.9150836163884732,0.8458057541595075,0.8859005471070608,0.9149731993675232,0.9891271071211989,0.9362071709011714,0.881801445856524,0.9859964158799152,0.716898093620936,,,,,,,,
45,0.00013950297637177882,1.8088967291625229,0.4443267254958771,0.297103560478194,0.527233577274776,0.3719697146044744,0.9361236643037586,0.4567113990467538,0.30601067897764367,0.9818158449825793,0.5010427194875438,0.27248431742191315,0.9092099968039778,0.8361964636004914,0.9423840939998627,0.9021074871222178,0.9889528787075018,0.936654097984739,0.882676504662443,0.9916330973306526,0.7793058653672537,,,,,,,,
46,0.00013712005905543945,1.8063715354545966,0.44612138271175295,0.2981859504270743,0.5641237272249235,0.3660194633098749,0.9363470090220313,0.45671079030233674,0.3061732852586873,0.9824855244242312,0.547467425152972,0.30182844400405884,0.9173551826017459,0.8501334346253198,0.8753134906291962,0.9173184732596079,0.9904260049402428,0.9441815001451809,0.8957907330757714,0.9839471605088216,0.7060306171576182,,,,,,,,
47,0.00013471307220490954,1.8056491338289702,0.44815559198351784,0.2993516102531379,0.5547415459906304,0.36766774506939875,0.9358499981277258,0.45748458456912694,0.30621140250692386,0.9815917115110699,0.535857460715554,0.28567172586917877,0.9137840597256982,0.844030855962977,0.8655662635962168,0.913903166850408,0.9900258763922206,0.9414182038093105,0.891437829603122,0.9910800509981873,0.6968379616737366,,,,,,,,
48,0.00013228366544874485,1.818955164689284,0.4471952571359423,0.29967111369189825,0.5349021858268684,0.3698825816382895,0.938467368195432,0.46115618896546057,0.31097009544223586,0.9846627295433307,0.5106110472779174,0.26146676391363144,0.9177877715145701,0.8505148345729876,0.9048456947008768,0.9180262486139933,0.989560346382277,0.9377531110398691,0.8846874514064459,0.9923012627494895,0.735422263542811,,,,,,,,
49,0.00012983350378098445,1.8165428355023578,0.44170907863601366,0.29608046541127364,0.5629876943734976,0.36597448681201133,0.9353916734618775,0.4521606542259121,0.3040455988496854,0.9812878161876442,0.5465264487099815,0.25346988687912625,0.9130728645498724,0.8426012231990679,0.9369042416413625,0.9109886288642883,0.9890997221808103,0.9352201078498216,0.8803747824594118,0.9941757202147671,0.7701023618380228,,,,,,,,
50,0.00012736426642004703,1.8157618404268385,0.44817909108158294,0.2991079753359665,0.5189890294641881,0.37314561077139596,0.9380578883480832,0.46124485602895693,0.30942779775064505,0.9839537827284268,0.4906906448044143,0.33612040678660077,0.8974223074402131,0.8174642253307244,0.9359984596570333,0.8906129201253256,0.986157653396252,0.9145550553676524,0.8451339713648096,0.99580001831047,0.7742714881896973,,,,,,,,
51,0.00012487764565787874,1.8027426304517093,0.4467688824073565,0.29807411588830457,0.5636079161317198,0.36655811361082785,0.9301018785693799,0.4480155057647052,0.2967881899107901,0.9747588150984012,0.5480480060710774,0.2535609503587087,0.9180448971051548,0.8515183596692911,0.9067332843939463,0.9177862306435903,0.9901310041873667,0.9419514938449121,0.8920028791816864,0.9934350755478834,0.7378656268119812,,,,,,,,
52,0.0001223753457001404,1.7984739516998505,0.4488949929324702,0.30027685181524966,0.5518401352675645,0.37107441011633907,0.9391542603552742,0.4653521528734911,0.313685823021605,0.9855145007579557,0.5304328544990166,0.22195578863223395,0.926452795453779,0.8652550429938283,0.9177502989768982,0.925715853770574,0.9906058147010964,0.9440122871654414,0.8957297089541788,0.9935028076171109,0.7469975848992666,,,,,,,,
53,0.00011985908149823045,1.7995007025611984,0.4511315012085451,0.30340957340282343,0.5766804835179469,0.36750265476586935,0.9371955112758587,0.46197857133057935,0.31109518515110157,0.983157551371893,0.5626801177338286,0.27135927726825076,0.9095033930274016,0.836961949590842,0.9376937051614126,0.9059364497661591,0.9892289131295984,0.935706566074917,0.8812336412993558,0.9951671176485776,0.7719515562057495,,,,,,,,
54,0.00011733057757394263,1.79738536664656,0.4504834253599246,0.30026539498762245,0.5631278511527535,0.36729216471418635,0.9384441507113105,0.4654013458943698,0.3114373159737527,0.9847365159254057,0.5460917866313374,0.2880907282233238,0.9112959962966984,0.8400452813341693,0.9397224485874176,0.9070754746596018,0.9894091282136595,0.9365837746775117,0.8830483070580555,0.994600253634906,0.7743552426497141,,,,,,,,
55,0.00011479156683756505,1.7945292871315162,0.45139147259250834,0.30039053561035384,0.5073743166623416,0.3787588460462077,0.9370911472450353,0.4659067682698002,0.3120971149967217,0.9825889747458825,0.4737628856738964,0.2761196866631508,0.904272350668267,0.827774072880763,0.9083007077376047,0.9031167527039846,0.9860177749596702,0.9158906264967621,0.8462775386017943,0.9937643263074319,0.7420745889345804,,,,,,,,
56,0.00011224378940023004,1.810999164214501,0.4531688825719609,0.30403397722073,0.5623295924046656,0.3716593871375064,0.9378602613282401,0.46427987995030956,0.31200936812857355,0.9837249542448988,0.5436740154986615,0.2722500761349996,0.9174478505486422,0.8500990798094598,0.8775371213754019,0.9185479680697123,0.9895692262217427,0.9403305541169975,0.8889072698806011,0.9839313083224067,0.7078915933767954,,,,,,,,
57,0.0001096889913813288,1.7955722517066903,0.4532869523296009,0.3026152508055361,0.5856048477279556,0.36757064720133803,0.9390795274350215,0.46743548459879103,0.31378531815051547,0.9852261843380475,0.5739303802276825,0.2635173425078392,0.9144754660726937,0.8451886728904543,0.9411915342013041,0.9097984830538431,0.9889418185087125,0.9335104715519184,0.8771587676280892,0.9951779683430221,0.7753008604049683,,,,,,,,
58,0.00010712892371180848,1.7980646295147342,0.4546840199283084,0.3047342287220215,0.5969195065798459,0.36413080589129376,0.9340497909228275,0.45796570508226364,0.30653725490076394,0.9793864430246738,0.5889542052795836,0.32018164296944934,0.8994273341561437,0.8205013411773313,0.9286518593629202,0.8979434370994568,0.9863284994576657,0.9153238667529116,0.8463949252781159,0.9952549404567373,0.7640041808287302,,,,,,,,
59,0.00010456534093417156,1.7963270832608629,0.4522871691475502,0.3030952026556318,0.5683754874276115,0.37083229521563005,0.9368645314013458,0.46388242849931594,0.31122838595170577,0.9824236356294321,0.5515898591154939,0.23440217226743698,0.9228311777483701,0.8592173242177942,0.9165704548358917,0.9223843614260355,0.989467289764495,0.9364103634318064,0.8822473780147412,0.9933740403916334,0.7464297016461691,,,,,,,,
60,0.00010200000000000001,1.79673321888997,0.45016747847864447,0.30151432651036014,0.5765504103440505,0.3672523253655934,0.9383746724296602,0.46400332620955953,0.31206670912997536,0.9847603110999577,0.5622875507061298,0.2491068591674169,0.9206447184724856,0.8557194938946516,0.9296302000681559,0.919102668762207,0.9898023849027036,0.9393419398637987,0.8876928465942567,0.9936097039115986,0.7607364257176717,,,,,,,,
61,9.943465906582844e-05,1.7939845802900674,0.4524450182048532,0.30448418402653277,0.5693903036050864,0.37265376538246664,0.9378745305675142,0.46548494935751444,0.31474889431531783,0.9833637050814649,0.5524386959476071,0.2733157699306806,0.9098635043463054,0.8378267484765006,0.9304606219132742,0.9067289531230927,0.990401890538839,0.9432604372875456,0.8941316395466589,0.9947119818792635,0.7637265622615814,,,,,,,,
62,9.687107628819152e-05,1.797136074179536,0.4515634320226468,0.30226870939314054,0.5841632656284146,0.36750139603456417,0.9337870107097092,0.4574098719900275,0.30571883201932876,0.9793818547174737,0.571545794293597,0.2352003107468287,0.9224019993349657,0.8584769561418694,0.928738921880722,0.9214267830053965,0.9899614346611124,0.9397961011925869,0.8882779775906108,0.9940232170951924,0.7592401405175527,,,,,,,,
63,9.43110086186712e-05,1.7952470637701607,0.45575962348549615,0.3053969400047211,0.5725300395405376,0.37040509278332434,0.9387593236649021,0.46821228183154706,0.3152959041856132,0.9845760318782031,0.5570448762053376,0.24814127633968988,0.9227864979744536,0.8590200733824633,0.9070724546909332,0.9233572979768118,0.9904857598305838,0.9438447570223804,0.8954195205592289,0.9919753180609043,0.7366334795951843,,,,,,,,
64,9.175621059976997e-05,1.7917237398507713,0.45489561545998636,0.30347536461635655,0.578537414123962,0.36901276490905066,0.9381414167917127,0.4685672334291991,0.3136913679206888,0.9838789826505752,0.564831233524776,0.2601831605037053,0.9156786334532026,0.8471548788817008,0.9205816586812338,0.9131927490234375,0.9893884520711885,0.936692407214487,0.8830101165463331,0.9937110900878139,0.7526239256064097,,,,,,,,
65,8.920843316243496e-05,1.7919268866518994,0.45549910677918864,0.3050345307551193,0.5951351352504917,0.3674466900683783,0.9387021571612019,0.4676357962461053,0.31449520318902235,0.9847240848140365,0.5859882914936626,0.2575755789875984,0.9172115731450132,0.849523164739976,0.9187517861525217,0.9172749817371368,0.9895207458390134,0.9367784531820081,0.8831193493269772,0.9941318935817375,0.749605655670166,,,,,,,,
66,8.666942242605737e-05,1.7890340127311386,0.4578902791664843,0.3061925857666224,0.5953000475476672,0.36861109869046643,0.9386150166788797,0.469308418952345,0.31482371906668255,0.9844638851138344,0.5853879168317034,0.26132360845804214,0.9176268370780977,0.8507166454573628,0.9329102536042532,0.9164370199044546,0.9898939040876295,0.9406515707940324,0.889992812175838,0.9936663309732306,0.7643914222717285,,,,,,,,
67,8.414091850176956e-05,1.7958097232805266,0.45352341038899546,0.306712049557214,0.5995597039069329,0.3679260299703875,0.9391034712435458,0.46627091925609404,0.31697659458323174,0.9850784515166701,0.5908028662621558,0.23307913541793823,0.9234265915864238,0.8602409153187254,0.9310047626495361,0.9216412007808685,0.9906836740280399,0.9445942506605164,0.896585593525363,0.9941546969942809,0.7615721027056376,,,,,,,,
68,8.162465429985958e-05,1.790661564240089,0.45576466713414504,0.3053312825350109,0.593352577903054,0.3692527092420138,0.9373941077233969,0.4640709172743864,0.3116670738744106,0.9830099786077429,0.5830038644217111,0.2650949607292811,0.9185481268977486,0.851704348879652,0.9126262366771698,0.9182257652282715,0.9902710363672339,0.9425628127527491,0.8930408549300463,0.9917169358994461,0.7431482970714569,,,,,,,,
69,7.912235434212127e-05,1.7900410569631136,0.4573231285927364,0.30632485669889525,0.5886720777391554,0.3696986286790221,0.9391128329416997,0.4715035632289815,0.3168842161171887,0.9849656111709804,0.5768632155198318,0.2488217055797577,0.9215145979164582,0.8570798181100862,0.9237620135148367,0.920770396788915,0.9903984988687807,0.9432030653947434,0.8941424774547636,0.9937738206650709,0.7540947000185648,,,,,,,,
70,7.663573357995297e-05,1.79291914893197,0.45440474183914087,0.30545032889027984,0.5782504848666958,0.3720335635271939,0.938487367724097,0.4657604503627371,0.3145652684628921,0.9843263426026346,0.563153460309222,0.25175629059473675,0.9171603128233013,0.8501667764064186,0.9387074013551077,0.9149020910263062,0.9897866751342467,0.9388191895724955,0.8865699088813214,0.9950876024033519,0.7707018554210663,,,,,,,,
71,7.416649621901557e-05,1.790045070481467,0.45725820475453566,0.30835526036099054,0.6293398450304578,0.3646409184886859,0.938931071628282,0.46848975951503635,0.31666854931540084,0.984700022877438,0.6290196772221919,0.2583455294370651,0.9174502324926234,0.8504428866992826,0.9360194007555643,0.9161080519358317,0.990123284410874,0.9416328387757145,0.891387885717239,0.9943312750921542,0.7676458656787872,,,,,,,,
72,7.171633455125515e-05,1.7913443950506358,0.45674206268801293,0.3063127001614557,0.6018743448324136,0.36817471610082614,0.9399552656099989,0.47043290353195705,0.3175119240231049,0.9860853181851574,0.5935999196726125,0.2357572391629219,0.922986457964656,0.8599278720618705,0.9180903236071268,0.9228114088376363,0.990655138342453,0.9445176058207784,0.8966513130988559,0.99323891533738,0.7477767964204153,,,,,,,,
73,6.928692779509044e-05,1.7939854022506234,0.4559668329748554,0.30772278511037704,0.6105507803963615,0.36825915936615083,0.9392538936279845,0.46754318182448196,0.31630009857842645,0.984991967261179,0.6048587185519558,0.2239897350470225,0.9237949898901726,0.8605875214850852,0.9229012429714203,0.923699696858724,0.9893205441278229,0.9362607275168718,0.8818176168903586,0.9928582085502705,0.7526608010133108,,,,,,,,
74,6.687994094456056e-05,1.7891954658748386,0.4573016134903448,0.30653120769859477,0.593904828691816,0.36926169370437834,0.9393196893034584,0.46934349826975297,0.3158673041563929,0.985236267943407,0.5830521483521361,0.24539344757795334,0.9207063550743465,0.855776243591821,0.9378336668014526,0.9188582897186279,0.9895549327550685,0.9376474965663145,0.8847716572023524,0.9947831895615552,0.7690985004107157,,,,,,,,
75,6.449702362822118e-05,1.7835243523537696,0.45950064633596976,0.3068340162753609,0.6057453822422695,0.3691332307937262,0.9383861149178567,0.47036999182713757,0.3151811842376292,0.9841227498087098,0.5982959453876202,0.25614599386850995,0.9247087738012504,0.862704974250523,0.9272123674551646,0.9242034753163656,0.9906510105681786,0.9449779976466225,0.8978900205498159,0.9934989929198452,0.7568985025087992,,,,,,,,
76,6.213980897857157e-05,1.788598779198173,0.4615444841378641,0.3097179094706211,0.5979687884137347,0.3710443245155828,0.9397457360360831,0.47431845112592363,0.3199400618919778,0.9854926796225484,0.5882303197900732,0.24367012083530426,0.9207642212050043,0.8557799294446462,0.9370449582735697,0.9181960225105286,0.9899098514593457,0.9400617069165174,0.8890559514004684,0.9950762430826053,0.7686115801334381,,,,,,,,
77,5.9809912512787076e-05,1.7983726896606125,0.45951937361708306,0.3080922157686409,0.6047636979109757,0.36862868568176155,0.9400686358892605,0.47345829612593265,0.3190640325261331,0.9861914894796834,0.59668123471987,0.23405702660481134,0.9242211767585803,0.8615922714035383,0.9250968992710114,0.92326620221138,0.9903509549224272,0.9419666693798345,0.8920358551635207,0.9945010715059998,0.7551428973674774,,,,,,,,
78,5.7508931025524395e-05,1.785868816442423,0.4564337604459876,0.30689289771185196,0.577300171752076,0.37405301515872663,0.9401051269020833,0.47122389921148883,0.31870834600989983,0.9860122253844037,0.5618836729676573,0.23648026585578918,0.9235943116947912,0.8603644627103625,0.9348338743050894,0.9221943616867065,0.989932852386651,0.9398288275238335,0.8883627244421932,0.9949061075845586,0.7652971148490906,,,,,,,,
79,5.523844149455835e-05,1.787638793041656,0.458902785437253,0.3087608468061827,0.6435857919546274,0.3626281807160044,0.9396923583363134,0.4692345073778356,0.31782122392138973,0.9857316450638454,0.6467670360645215,0.23471315701802573,0.9240256225148523,0.8614776560161918,0.9179874956607819,0.923709770043691,0.9903134555374004,0.9426979142091402,0.8935185858687826,0.9929752773708,0.747615228096644,,,,,,,,
80,5.3e-05,1.787618678349715,0.4568144413662262,0.3081032825246884,0.6075218574150459,0.36923387620624126,0.9372837530800759,0.46373845791289614,0.31332939013012534,0.9826967999650966,0.6005220746660566,0.25102295974890393,0.9172601279929858,0.8500158522347965,0.9404363930225372,0.914560983578364,0.9889162412166518,0.9325134935944028,0.8758333999003857,0.9955141703286992,0.7728284299373627,,,,,,,,
81,5.0795140657837e-05,1.7803111084691294,0.46182547926393147,0.3108295065619391,0.6152561427829982,0.3704863575163421,0.9400219921507296,0.476446828423834,0.3218810116932948,0.985654337422756,0.6101816884287588,0.2317427098751068,0.9258620264438401,0.8644300062442273,0.9301440815130869,0.9248706996440887,0.9905715299484052,0.9433840738648961,0.8947831514295284,0.9949273003471454,0.7598242064317068,,,,,,,,
82,4.862537456852736e-05,1.7868821875198737,0.45796575831870134,0.3071925761268287,0.5930349710104349,0.37096576064408243,0.9400399681998881,0.47216944435775793,0.31908881553404456,0.9861667873141732,0.581670214246203,0.22083353996276855,0.9289957653084934,0.8698309154367562,0.9084820250670115,0.9289999902248383,0.9909397497763317,0.9459477939277376,0.8991162632190425,0.9928621080185865,0.7369413673877716,,,,,,,,
83,4.649218878136635e-05,1.7859965654519887,0.46012239422103834,0.3088705508469072,0.6236163052645597,0.3671780317188143,0.9398171607434497,0.47208201179948606,0.3187170433401555,0.9857351663228597,0.6209702925248579,0.2299511656165123,0.9236603009278244,0.8609242138412899,0.9339929421742758,0.921763002872467,0.9905546973880743,0.9437600201312853,0.895301576076284,0.9948207431368589,0.7645712991555532,,,,,,,,
84,4.439704527533763e-05,1.781629590721397,0.4611015942059153,0.30966006937023993,0.6070277607524311,0.3702766445133236,0.9401580811791781,0.4735623789016019,0.32001223809424006,0.9861530223925713,0.5992473255504261,0.2548116793235143,0.9218893249376193,0.8579355627402308,0.918634295463562,0.9212260246276855,0.9904162771832623,0.9433865008391202,0.89458715115595,0.992385864257736,0.7488536437352499,,,,,,,,
85,4.2341379957145364e-05,1.7930294258611186,0.4607882208506077,0.3100887808153595,0.6212490055110905,0.36894804648273477,0.9397728809001221,0.47285763841799805,0.3198894426491537,0.9855050573815082,0.6172872690054086,0.24298552175362906,0.9202938442328552,0.8550022477585159,0.939520021279653,0.917811115582784,0.9897504010366172,0.9383370716017025,0.8858103506572776,0.9950670030381176,0.7712136209011078,,,,,,,,
86,4.032660167711594e-05,1.785931575131583,0.45767236692816743,0.310067028789021,0.633860448023656,0.3655801745248841,0.9401624554568755,0.469479898806582,0.31956829307509155,0.9861764974526672,0.6340193848509889,0.2515762001276016,0.9199872525350355,0.8541738193213037,0.9404783546924591,0.917105366786321,0.9901905587455476,0.9420748595294994,0.8923877815540052,0.9945242987737948,0.7722307046254476,,,,,,,,
87,3.835409126364201e-05,1.7785653726204291,0.4626726363182217,0.31067178250471394,0.6241118424422257,0.3685670872251471,0.9398816013668485,0.4739665329107777,0.3196146434735095,0.9857760876207999,0.6210854270241477,0.22769581029812494,0.9234745785564442,0.8602772717285482,0.9215642412503561,0.9229817787806193,0.9905303733367355,0.9435622926960258,0.8948654133133295,0.9932044135198885,0.7512647906939188,,,,,,,,
88,3.642520057683192e-05,1.7848920613735706,0.459094636237158,0.30862315190364203,0.5990952178314849,0.37099338656330444,0.9398750356586789,0.47333389982317053,0.31970925093688507,0.9855998646128508,0.5898589020842439,0.23622673749923706,0.9264209839578217,0.8653950330005595,0.9319845537344614,0.9248172442118326,0.9903831664702065,0.9432015268699706,0.8946698230270235,0.9938645256889425,0.7618745664755503,,,,,,,,
89,3.454125158201209e-05,1.7810691457528334,0.46063146976633573,0.3097927174978738,0.6202053790325885,0.36889003451679137,0.940131334610032,0.4738589077470078,0.32043844377506986,0.9858785775990834,0.6162500981684331,0.2410518154501915,0.9246618427121139,0.8624227437360593,0.932148406902949,0.9236437578996023,0.9904510650957973,0.9435241179018853,0.8952974514175284,0.9939865960014425,0.7621402343114217,,,,,,,,
90,3.2703535443718344e-05,1.7822792092403332,0.46083484043463085,0.3094794278687294,0.619059582690259,0.3683161723030197,0.9403870744948926,0.4730636494663312,0.319587039577486,0.9862707711599172,0.6150576184679578,0.23578142871459326,0.9216852337000966,0.857360782844694,0.9359431068102518,0.9198927779992422,0.9902141280571205,0.9419016534204925,0.8920008605167157,0.9942011515298712,0.7667453388373057,,,,,,,,
91,3.0913311640795804e-05,1.7781297735400967,0.46159794211308475,0.31045972332875443,0.6249911435000546,0.3687280618644261,0.9399245947352672,0.4748687755472115,0.3203342094699485,0.9857280171000122,0.622328591513467,0.22866354137659073,0.9264168506375544,0.8656272700870198,0.9234277606010437,0.925915390253067,0.9910573400953872,0.947019630392031,0.9013191512643838,0.99352459377705,0.752652496099472,,,,,,,,
92,2.917180710321538e-05,1.7836774696003308,0.4594376348754539,0.30975580977369954,0.6176817033674333,0.36915385254196353,0.9401766221236205,0.47267837998342305,0.3200216569477205,0.9859853357701117,0.6131614738411003,0.24916997303565344,0.9216738930469245,0.8574134687828262,0.9278479715188345,0.9208335280418396,0.9904808912932058,0.9436637095264192,0.8953332005723508,0.9939302232529615,0.7582395871480306,,,,,,,,
93,2.748021537119696e-05,1.7807309035654668,0.4605518619471508,0.3100480005412129,0.6271265203302557,0.3680910755704333,0.93986797851933,0.4718308604932249,0.319622563085655,0.9856687425732695,0.6247527649352601,0.23144427935282388,0.9242135868654008,0.8617364442427355,0.9352845152219137,0.922836701075236,0.9904144276049475,0.9430380256929299,0.8939746048366356,0.9945458306205829,0.7655704120794932,,,,,,,,
94,2.583969577721684e-05,1.7784754242096747,0.463202458314935,0.3109922824266393,0.6209788822627568,0.36964045798445083,0.9402522380170723,0.4765571180505864,0.3219705614276958,0.9859569522883589,0.6171311598557693,0.23451478779315948,0.9239707741692508,0.8615136234818829,0.919513205687205,0.9237606128056844,0.990895485686738,0.9461362537217557,0.899566639702973,0.9932284884981871,0.7490291198094686,,,,,,,,
95,2.4251372651458935e-05,1.7832440629705681,0.45859424380463454,0.31053842859111985,0.627427801385626,0.3683634346181696,0.9400750532297867,0.47243666514995203,0.3216491095313609,0.9858800714665442,0.625479318045236,0.24734953294197717,0.9210701467237453,0.8564428604728732,0.9380587339401245,0.9193849960962931,0.9904163843376734,0.9429872891234269,0.8941097278667659,0.9949858771429353,0.769070953130722,,,,,,,,
96,2.2716334551255152e-05,1.7842307824354906,0.4615099288846934,0.31072133545492425,0.6368093423910074,0.36606179771723446,0.9397499889042996,0.4721910894724575,0.3196954895415122,0.9856053599110097,0.6376259543678977,0.2415366694331169,0.9240947219107101,0.861565819770148,0.9275175432364146,0.9235325157642365,0.9904371629756682,0.9431550563590871,0.8943932250837716,0.9942582024467549,0.7572161455949148,,,,,,,,
97,2.1235633515042477e-05,1.7819696681482808,0.4598827198393683,0.3097668289363632,0.6156109896573153,0.36923371755576634,0.9403887689497304,0.4728882989566243,0.3197112781866906,0.9863282317047435,0.6104154786863527,0.2456593463818232,0.9219849306778732,0.8580783289872659,0.9299952288468679,0.9209978977839152,0.9901784782504084,0.9412506622899648,0.8909157920216092,0.9947306315103398,0.7603965799013773,,,,,,,,
98,1.981028434134845e-05,1.7962541788608044,0.45970700763966366,0.30840767775589817,0.6201303655450995,0.3675801470042109,0.9401145074905007,0.4735531297414161,0.31938215773357603,0.9861088465976628,0.6163793177037806,0.2503572379549344,0.9231729871550041,0.8600597530851425,0.941519429286321,0.9205640653769175,0.9904605785439554,0.9432223990683628,0.894663353798329,0.9950400458441071,0.7726488014062246,,,,,,,,
99,1.844126389329896e-05,1.7804495025347997,0.4626551922178257,0.3111435973861297,0.6277299894319548,0.36847556507462387,0.9403192732172437,0.4753902465454196,0.3216619151925988,0.9861890352688549,0.6254466130183294,0.24172515173753104,0.9242600582854331,0.8620067336097885,0.9322056273619334,0.9232466419537863,0.9904312927774903,0.9429693339819303,0.8940337284764852,0.9943318684895067,0.7622673908869425,,,,,,,,
100,1.7129510429125e-05,1.7801908008702152,0.4596530942430379,0.31129933894596357,0.6279971782977765,0.36872093593115574,0.9400826616165158,0.4723687847133739,0.32072193362741974,0.9858519547468381,0.6255832485385708,0.23643556237220764,0.9231714138243347,0.8600590861726859,0.9327845374743143,0.9220133721828461,0.9906478425247176,0.9443578518220038,0.896459511894539,0.994308980305913,0.7630349099636078,,,,,,,,
101,1.58759229591274e-05,1.7812972085459249,0.4622880054518834,0.3113000388141399,0.6276947234894013,0.3695788463720909,0.9405109964700404,0.4757676046995538,0.3220474824314454,0.986226115193325,0.625288263067499,0.2321575159827868,0.9247991170746884,0.8627350262030983,0.9400614500045776,0.9228311876455942,0.9905370308868914,0.9438465875116275,0.8955493812401528,0.9947148640949752,0.7705284158388773,,,,,,,,
102,1.4681360629539954e-05,1.777389447172205,0.46280191808304155,0.31137804383375695,0.6351510961572607,0.36778614076075855,0.9405077509522126,0.4755264676542506,0.3213473110241046,0.9864027116681393,0.6347499927440723,0.22651257862647375,0.924242461525662,0.861887334914141,0.928851584593455,0.9232888023058573,0.9906798351047871,0.9446879571224885,0.8970764987366774,0.9941518147785692,0.7586796283721924,,,,,,,,
103,1.3546642133713678e-05,1.7765630016793739,0.4637778123456148,0.31074887138559176,0.6237337339174497,0.3693164787092409,0.9401205446267151,0.47718225113353635,0.3215886510306428,0.9857832901960567,0.620321847342111,0.23748223235209784,0.9253706672209444,0.8638192679120303,0.9299779335657755,0.9244054953257242,0.9909288572974905,0.9463305563132743,0.9001118429687224,0.9939142015244459,0.7596804400285085,,,,,,,,
104,1.2472545151025103e-05,1.7816478780933194,0.4601958016069993,0.3102023877425852,0.6224681614162205,0.368866827260781,0.9402204032853223,0.4729979174589599,0.3206679687371264,0.9860650976220291,0.6187369073187554,0.22996762643257776,0.9260028559885969,0.8648174528087925,0.9294096330801646,0.9252564708391825,0.9907584491714965,0.9452380829816892,0.8980631783810292,0.993719651963899,0.758855531613032,,,,,,,,
105,1.14598058138939e-05,1.7984638676776752,0.4595899682704965,0.3115790677566449,0.6297300111997378,0.368576488972127,0.9401628980186032,0.4715036764151904,0.3210668911724585,0.9859179516771539,0.6278952218435861,0.2288771520058314,0.9253415578382871,0.8637211245627633,0.9376265704631805,0.9234757522741953,0.9907302955146798,0.9452147959590133,0.8977939949713377,0.9944986979165898,0.7678637206554413,,,,,,,,
106,1.050911820327423e-05,1.7775135703020162,0.4620084221815671,0.31152212962977494,0.6317326472355769,0.36863093093767035,0.9402357211208012,0.4747546844531945,0.3218061666532459,0.9860424762004821,0.6304274338942307,0.24025043100118637,0.9245075664785743,0.8624909114587238,0.9338733355204264,0.923018087943395,0.9909555107925505,0.9465090767533991,0.9002918692179408,0.9942190382214945,0.7639738321304321,,,,,,,,
107,9.621133872966525e-06,1.7778751049842034,0.46276325246186545,0.3120011117932273,0.6366925539670291,0.36821144845310627,0.9405319911761566,0.4748208757447719,0.3221364764958554,0.9863016088524978,0.6368308967643684,0.24370118975639343,0.9235096541283188,0.8607342507238687,0.932058721780777,0.9227138261000315,0.9905525263465259,0.9438791460711017,0.8958476887411034,0.9943991767034822,0.7620405455430349,,,,,,,,
108,8.796461403074954e-06,1.7793699886415388,0.4611574184425713,0.31057811263579377,0.6256856851644449,0.3687971402610932,0.9403941374985746,0.4748563339876759,0.3216106705602162,0.986263835346707,0.6229951231629698,0.2380360166231791,0.9247482741017387,0.862788932548502,0.9316984514395396,0.9236842195192972,0.9905730301101615,0.943992808850228,0.8959389615636906,0.9941169738768765,0.7615554829438528,,,,,,,,
109,8.035665982917092e-06,1.7757139180923676,0.46301357298248613,0.3112241132597776,0.6316515515734266,0.3683355174489788,0.9402784730919127,0.4750863831856055,0.3204798051899631,0.9860769418568959,0.6305321113212959,0.23469796776771545,0.9252204116865895,0.8635027370762348,0.9324403603871664,0.9240218202273051,0.9909583527138907,0.946444734899802,0.9001748545268909,0.99403728908955,0.7622795204321543,,,,,,,,
110,7.339269023671306e-06,1.7793215892531655,0.4611061149441317,0.3115973208816914,0.6339384492460665,0.36800654827766904,0.9402993967329664,0.4738146907592024,0.3211731023460945,0.9861203173656644,0.6334119676710008,0.2323581427335739,0.9260618400399099,0.8648544443855878,0.929416666428248,0.9252708752950033,0.990578168863011,0.9441260427567341,0.8961518298525052,0.9936972724066074,0.7588795224825541,,,,,,,,
111,6.707747801027698e-06,1.778369114949153,0.4607507990357435,0.31066315017024065,0.6285265942553541,0.3688404127642825,0.9403054423813509,0.47302060220569353,0.3203503081477636,0.9860693658147739,0.6265021904365166,0.24892721573511759,0.9232759961538624,0.8602607270865564,0.9358054300149282,0.9216504593690237,0.9904580906980612,0.9433617802047395,0.8950109473224729,0.9943695068358607,0.7663524250189463,,,,,,,,
112,6.141535128087043e-06,1.7771475944485697,0.4623428548471947,0.31150074502544145,0.6340060467486615,0.3680100378977669,0.9405376471306731,0.4764267782966177,0.32285406799553856,0.986307317560294,0.6333795294061407,0.23388952513535818,0.9253262568088029,0.8637319237350956,0.9363571206728617,0.9235510031382242,0.9905901328859641,0.9441061017300151,0.8961494163197864,0.9945516798230568,0.7665395140647888,,,,,,,,
113,5.641019058732459e-06,1.7802655288389513,0.46163103008456596,0.31080270887386596,0.6294220077407944,0.36791658161820234,0.9404514527608774,0.475586470540122,0.32161825094681584,0.9864016446199533,0.6275998629056491,0.23892157773176828,0.9220401587306051,0.8581860343343872,0.9355724851290385,0.9204705357551575,0.9904240668430667,0.9430026965504563,0.8942047566669014,0.9945858425563467,0.7662375668684641,,,,,,,,
114,5.20654262167651e-06,1.7792586221561566,0.4612134398952491,0.3114648830105099,0.6340103149414062,0.3680528302292724,0.9403560515291122,0.4733003995938991,0.3214933292251882,0.9861646532178006,0.6333056363192472,0.23468978703022003,0.9246444573017865,0.8625140918964562,0.9335286517937978,0.9234973788261414,0.9907377963234626,0.9450958520740397,0.8976871261131897,0.9943394131129875,0.763523111740748,,,,,,,,
115,4.838403585366583e-06,1.778239997116836,0.46310936626196947,0.31074426342493033,0.626391217425153,0.3689257157640857,0.9403944641419699,0.4761071457308321,0.3211658369289921,0.9862538584461661,0.6239190801873907,0.24623781194289526,0.9229495117270323,0.8595768503630877,0.9369371235370636,0.921142170826594,0.990752816576578,0.9451281367678592,0.8977104137284347,0.994591013590418,0.7675370176633199,,,,,,,,
116,4.536854253909207e-06,1.7792756540791972,0.4609577345805324,0.3105049069916477,0.6346646822415866,0.3672853348242653,0.9403689730556173,0.4748187323838073,0.321199121936634,0.98620642815429,0.6345447993778682,0.24031669894854227,0.923264253045541,0.8603748210483486,0.9358812173207601,0.921674927075704,0.9906508335304558,0.9445680901032674,0.8969058573312879,0.994613986545062,0.7664160033067068,,,,,,,,
117,4.30210129415346e-06,1.7721037597923013,0.4650155483726107,0.31357021005886254,0.6307447206723941,0.37068490001496734,0.9407144292337014,0.47880299687134914,0.32486150220113486,0.9864286942914732,0.6286453567184769,0.22478584945201874,0.9264706440287017,0.8657209962937419,0.9315061867237091,0.9253418842951456,0.9910355551377048,0.946846426779587,0.9010653529806363,0.9942577785915031,0.7609924376010895,,,,,,,,
118,4.134305594051765e-06,1.7809550970584362,0.4596733943318905,0.3107610776054784,0.6309161953159146,0.3676707032364565,0.9405434207628195,0.4712696317459705,0.3204084060636033,0.9864080469090702,0.6296641209742406,0.233037402232488,0.9258371123765575,0.8646303999786357,0.9306911130746206,0.9249405463536581,0.990702276965599,0.9449156006765036,0.8974031887052334,0.9939839680988817,0.7603037556012472,,,,,,,,
119,4.033582152395389e-06,1.7801356682410607,0.46088437138947863,0.31119003200138223,0.6272502979198535,0.36881844819217297,0.9403012204519382,0.47419202643658936,0.3226147431123484,0.9861405379287926,0.6249750844248525,0.23760152359803519,0.9238823707441313,0.8613228395536422,0.9313916563987732,0.9228536188602448,0.9904107703783049,0.9430955314931223,0.8941694486894454,0.9939595540363816,0.7613930702209473,,,,,,,,
120,4.000000000000001e-06,1.7828073309851693,0.4594842203784781,0.30953148487016047,0.6313343181476726,0.3663429109887643,0.9402413458344095,0.471254850876208,0.31925379060568154,0.9862850162532029,0.6303313462050645,0.24509547899166742,0.9237161098031259,0.8609899152414829,0.9356479346752167,0.9221246341864268,0.9905096785587149,0.9438146939557787,0.8956260865137371,0.9944150288898971,0.7660885353883108,,,,,,,,
