epoch,split,loss,acc_all,acc_no_bg,f1_macro,iou_macro,d21_acc,d21_f1,d21_iou,d21_bin_acc_all,pred_bg_frac,lr,sec,d11_acc,d11_f1,d11_iou,d11_bin_acc_all,d22_acc,d22_f1,d22_iou,d22_bin_acc_all
1,train,nan,0.8098366477272727,0.0,0.0,0.0,0.9141655257405991,0.0,0.0,0.9836785376487994,1.0,0.00019996590383506793,160.8390233516693,,,,,,,,
1,val,nan,0.8147674600283304,0.0,0.0,0.0,0.915458980545594,0.0,0.0,0.9843226114908094,1.0,0.00019996590383506793,160.8390233516693,0.9175790771597373,0.0,0.0,0.9847087436251409,0.9453962365130574,0.0,0.0,0.9898674011229703
2,train,nan,0.8097492564808239,0.0,0.0,0.0,0.9141789574108352,0.0,0.0,0.9836689875675331,1.0,0.0001998636387080801,147.0228292942047,,,,,,,,
2,val,nan,0.8147674600283304,0.0,0.0,0.0,0.915458980545594,0.0,0.0,0.9843226114908094,1.0,0.0001998636387080801,147.0228292942047,0.9175790771597373,0.0,0.0,0.9847087436251409,0.9453962365130574,0.0,0.0,0.9898674011229703
3,train,nan,0.8097492564808239,0.0,0.0,0.0,0.9141697973213716,0.0,0.0,0.9836730957030498,1.0,0.00019969327470644626,148.91454458236694,,,,,,,,
3,val,nan,0.8147674600283304,0.0,0.0,0.0,0.915458980545594,0.0,0.0,0.9843226114908094,1.0,0.00019969327470644626,148.91454458236694,0.9175790771597373,0.0,0.0,0.9847087436251409,0.9453962365130574,0.0,0.0,0.9898674011229703
4,train,nan,0.8098366477272727,0.0,0.0,0.0,0.9142103556406695,0.0,0.0,0.9836808318023997,1.0,0.0001994549285891432,142.62630462646484,,,,,,,,
4,val,nan,0.8147674600283304,0.0,0.0,0.0,0.915458980545594,0.0,0.0,0.9843226114908094,1.0,0.0001994549285891432,142.62630462646484,0.9175790771597373,0.0,0.0,0.9847087436251409,0.9453962365130574,0.0,0.0,0.9898674011229703
5,train,nan,0.8097492564808239,0.0,0.0,0.0,0.9141313425386223,0.0,0.0,0.983666053185021,1.0,0.00019914876370669414,148.89643669128418,,,,,,,,
5,val,nan,0.8147674600283304,0.0,0.0,0.0,0.915458980545594,0.0,0.0,0.9843226114908094,1.0,0.00019914876370669414,148.89643669128418,0.9175790771597373,0.0,0.0,0.9847087436251409,0.9453962365130574,0.0,0.0,0.9898674011229703
6,train,nan,0.8097492564808239,0.0,0.0,0.0,0.9141681033108016,0.0,0.0,0.9836665867091141,1.0,0.0001987749898892162,148.0206048488617,,,,,,,,
6,val,nan,0.8147674600283304,0.0,0.0,0.0,0.915458980545594,0.0,0.0,0.9843226114908094,1.0,0.0001987749898892162,148.0206048488617,0.9175790771597373,0.0,0.0,0.9847087436251409,0.9453962365130574,0.0,0.0,0.9898674011229703
7,train,nan,0.8099240389737216,0.0,0.0,0.0,0.9141230149535431,0.0,0.0,0.9836816854409487,1.0,0.00019833386330261348,146.51851296424866,,,,,,,,
7,val,nan,0.8147674600283304,0.0,0.0,0.0,0.915458980545594,0.0,0.0,0.9843226114908094,1.0,0.00019833386330261348,146.51851296424866,0.9175790771597373,0.0,0.0,0.9847087436251409,0.9453962365130574,0.0,0.0,0.9898674011229703
8,train,nan,0.8097492564808239,0.0,0.0,0.0,0.9141540878372454,0.0,0.0,0.9836678138145283,1.0,0.00019782568627301365,146.74555206298828,,,,,,,,
8,val,nan,0.8147674600283304,0.0,0.0,0.0,0.915458980545594,0.0,0.0,0.9843226114908094,1.0,0.00019782568627301365,146.74555206298828,0.9175790771597373,0.0,0.0,0.9847087436251409,0.9453962365130574,0.0,0.0,0.9898674011229703
9,train,nan,0.8099240389737216,0.0,0.0,0.0,0.9141293257942116,0.0,0.0,0.9836830726035908,1.0,0.00019725080707956878,149.95451664924622,,,,,,,,
9,val,nan,0.8147674600283304,0.0,0.0,0.0,0.915458980545594,0.0,0.0,0.9843226114908094,1.0,0.00019725080707956878,149.95451664924622,0.9175790771597373,0.0,0.0,0.9847087436251409,0.9453962365130574,0.0,0.0,0.9898674011229703
10,train,nan,0.8097492564808239,0.0,0.0,0.0,0.9141877910523829,0.0,0.0,0.9836738426367801,1.0,0.00019660961971576226,146.49613237380981,,,,,,,,
10,val,nan,0.8147674600283304,0.0,0.0,0.0,0.915458980545594,0.0,0.0,0.9843226114908094,1.0,0.00019660961971576226,146.49613237380981,0.9175790771597373,0.0,0.0,0.9847087436251409,0.9453962365130574,0.0,0.0,0.9898674011229703
11,train,nan,0.8099240389737216,0.0,0.0,0.0,0.9141579030839896,0.0,0.0,0.9836847798806886,1.0,0.00019590256361938518,150.37487721443176,,,,,,,,
11,val,nan,0.8147674600283304,0.0,0.0,0.0,0.915458980545594,0.0,0.0,0.9843226114908094,1.0,0.00019590256361938518,150.37487721443176,0.9175790771597373,0.0,0.0,0.9847087436251409,0.9453962365130574,0.0,0.0,0.9898674011229703
12,train,nan,0.8097492564808239,0.0,0.0,0.0,0.9141376478703712,0.0,0.0,0.9836652528988814,1.0,0.00019513012337136777,148.21641397476196,,,,,,,,
12,val,nan,0.8147674600283304,0.0,0.0,0.0,0.915458980545594,0.0,0.0,0.9843226114908094,1.0,0.00019513012337136777,148.21641397476196,0.9175790771597373,0.0,0.0,0.9847087436251409,0.9453962365130574,0.0,0.0,0.9898674011229703
13,train,nan,0.8097492564808239,0.0,0.0,0.0,0.9141608222427544,0.0,0.0,0.9836735758747337,1.0,0.00019429282836367175,149.28137707710266,,,,,,,,
13,val,nan,0.8147674600283304,0.0,0.0,0.0,0.915458980545594,0.0,0.0,0.9843226114908094,1.0,0.00019429282836367175,149.28137707710266,0.9175790771597373,0.0,0.0,0.9847087436251409,0.9453962365130574,0.0,0.0,0.9898674011229703
14,train,nan,0.8097492564808239,0.0,0.0,0.0,0.9141792578602062,0.0,0.0,0.9836713350735427,1.0,0.00019339125243647155,148.9755265712738,,,,,,,,
14,val,nan,0.8147674600283304,0.0,0.0,0.0,0.915458980545594,0.0,0.0,0.9843226114908094,1.0,0.00019339125243647155,148.9755265712738,0.9175790771597373,0.0,0.0,0.9847087436251409,0.9453962365130574,0.0,0.0,0.9898674011229703
15,train,nan,0.8097492564808239,0.0,0.0,0.0,0.9141817605624127,0.0,0.0,0.9836717618928171,1.0,0.000192426013484873,149.05893111228943,,,,,,,,
15,val,nan,0.8147674600283304,0.0,0.0,0.0,0.915458980545594,0.0,0.0,0.9843226114908094,1.0,0.000192426013484873,149.05893111228943,0.9175790771597373,0.0,0.0,0.9847087436251409,0.9453962365130574,0.0,0.0,0.9898674011229703
16,train,nan,0.8097492564808239,0.0,0.0,0.0,0.9141505998380997,0.0,0.0,0.983665519660928,1.0,0.00019139777303543875,153.34827828407288,,,,,,,,
16,val,nan,0.8147674600283304,0.0,0.0,0.0,0.915458980545594,0.0,0.0,0.9843226114908094,1.0,0.00019139777303543875,153.34827828407288,0.9175790771597373,0.0,0.0,0.9847087436251409,0.9453962365130574,0.0,0.0,0.9898674011229703
17,train,nan,0.8097492564808239,0.0,0.0,0.0,0.9141188298094995,0.0,0.0,0.983660878001318,1.0,0.0001903072357928111,139.91309547424316,,,,,,,,
17,val,nan,0.8147674600283304,0.0,0.0,0.0,0.915458980545594,0.0,0.0,0.9843226114908094,1.0,0.0001903072357928111,139.91309547424316,0.9175790771597373,0.0,0.0,0.9847087436251409,0.9453962365130574,0.0,0.0,0.9898674011229703
18,train,nan,0.8097492564808239,0.0,0.0,0.0,0.9141827379513866,0.0,0.0,0.9836694143868076,1.0,0.00018915514915674255,149.03460931777954,,,,,,,,
18,val,nan,0.8147674600283304,0.0,0.0,0.0,0.915458980545594,0.0,0.0,0.9843226114908094,1.0,0.00018915514915674255,149.03460931777954,0.9175790771597373,0.0,0.0,0.9847087436251409,0.9453962365130574,0.0,0.0,0.9898674011229703
19,train,nan,0.8097492564808239,0.0,0.0,0.0,0.9141666485650524,0.0,0.0,0.9836742694560546,1.0,0.00018794230270986553,148.34210681915283,,,,,,,,
19,val,nan,0.8147674600283304,0.0,0.0,0.0,0.915458980545594,0.0,0.0,0.9843226114908094,1.0,0.00018794230270986553,148.34210681915283,0.9175790771597373,0.0,0.0,0.9847087436251409,0.9453962365130574,0.0,0.0,0.9898674011229703
20,train,nan,0.8099240389737216,0.0,0.0,0.0,0.9142044074823914,0.0,0.0,0.9836868606246517,1.0,0.00018666952767655164,148.27615571022034,,,,,,,,
20,val,nan,0.8147674600283304,0.0,0.0,0.0,0.915458980545594,0.0,0.0,0.9843226114908094,1.0,0.00018666952767655164,148.27615571022034,0.9175790771597373,0.0,0.0,0.9847087436251409,0.9453962365130574,0.0,0.0,0.9898674011229703
21,train,nan,0.8097492564808239,0.0,0.0,0.0,0.9142359761333231,0.0,0.0,0.9836788577632553,1.0,0.00018533769635323215,147.57523369789124,,,,,,,,
21,val,nan,0.8147674600283304,0.0,0.0,0.0,0.915458980545594,0.0,0.0,0.9843226114908094,1.0,0.00018533769635323215,147.57523369789124,0.9175790771597373,0.0,0.0,0.9847087436251409,0.9453962365130574,0.0,0.0,0.9898674011229703
22,train,nan,0.8097492564808239,0.0,0.0,0.0,0.91414463581058,0.0,0.0,0.9836702146729471,1.0,0.00018394772151056967,149.64151883125305,,,,,,,,
22,val,nan,0.8147674600283304,0.0,0.0,0.0,0.915458980545594,0.0,0.0,0.9843226114908094,1.0,0.00018394772151056967,149.64151883125305,0.9175790771597373,0.0,0.0,0.9847087436251409,0.9453962365130574,0.0,0.0,0.9898674011229703
23,train,nan,0.8098366477272727,0.0,0.0,0.0,0.9142025208906536,0.0,0.0,0.9836763502000178,1.0,0.00018250055576789055,148.91718411445618,,,,,,,,
23,val,nan,0.8147674600283304,0.0,0.0,0.0,0.915458980545594,0.0,0.0,0.9843226114908094,1.0,0.00018250055576789055,148.91718411445618,0.9175790771597373,0.0,0.0,0.9847087436251409,0.9453962365130574,0.0,0.0,0.9898674011229703
24,train,nan,0.8097492564808239,0.0,0.0,0.0,0.91415857513665,0.0,0.0,0.9836714951307706,1.0,0.00018099719094030725,150.5185992717743,,,,,,,,
24,val,nan,0.8147674600283304,0.0,0.0,0.0,0.915458980545594,0.0,0.0,0.9843226114908094,1.0,0.00018099719094030725,150.5185992717743,0.9175790771597373,0.0,0.0,0.9847087436251409,0.9453962365130574,0.0,0.0,0.9898674011229703
25,train,nan,0.8100114302201704,0.0,0.0,0.0,0.9141455805547598,0.0,0.0,0.9836887279589775,1.0,0.00017943865735897788,150.19452810287476,,,,,,,,
25,val,nan,0.8147674600283304,0.0,0.0,0.0,0.915458980545594,0.0,0.0,0.9843226114908094,1.0,0.00017943865735897788,150.19452810287476,0.9175790771597373,0.0,0.0,0.9847087436251409,0.9453962365130574,0.0,0.0,0.9898674011229703
26,train,nan,0.8097492564808239,0.0,0.0,0.0,0.9142105217079421,0.0,0.0,0.9836705347874031,1.0,0.0001778260231649686,149.99324107170105,,,,,,,,
26,val,nan,0.8147674600283304,0.0,0.0,0.0,0.915458980545594,0.0,0.0,0.9843226114908094,1.0,0.0001778260231649686,149.99324107170105,0.9175790771597373,0.0,0.0,0.9847087436251409,0.9453962365130574,0.0,0.0,0.9898674011229703
27,train,nan,0.8097492564808239,0.0,0.0,0.0,0.9141441697915169,0.0,0.0,0.9836673336428444,1.0,0.00017616039357720308,146.4169476032257,,,,,,,,
27,val,nan,0.8147674600283304,0.0,0.0,0.0,0.915458980545594,0.0,0.0,0.9843226114908094,1.0,0.00017616039357720308,146.4169476032257,0.9175790771597373,0.0,0.0,0.9847087436251409,0.9453962365130574,0.0,0.0,0.9898674011229703
28,train,nan,0.8098366477272727,0.0,0.0,0.0,0.9141460639713483,0.0,0.0,0.983676403552427,1.0,0.00017444291013500072,149.73831605911255,,,,,,,,
28,val,nan,0.8147674600283304,0.0,0.0,0.0,0.915458980545594,0.0,0.0,0.9843226114908094,1.0,0.00017444291013500072,149.73831605911255,0.9175790771597373,0.0,0.0,0.9847087436251409,0.9453962365130574,0.0,0.0,0.9898674011229703
29,train,nan,0.8098366477272727,0.0,0.0,0.0,0.9141504289905061,0.0,0.0,0.9836771504861573,1.0,0.0001726747499157226,152.26725697517395,,,,,,,,
29,val,nan,0.8147674600283304,0.0,0.0,0.0,0.915458980545594,0.0,0.0,0.9843226114908094,1.0,0.0001726747499157226,152.26725697517395,0.9175790771597373,0.0,0.0,0.9847087436251409,0.9453962365130574,0.0,0.0,0.9898674011229703
30,train,nan,0.8097492564808239,0.0,0.0,0.0,0.914161465862279,0.0,0.0,0.9836699479109006,1.0,0.0001708571247280615,139.9859004020691,,,,,,,,
30,val,nan,0.8147674600283304,0.0,0.0,0.0,0.915458980545594,0.0,0.0,0.9843226114908094,1.0,0.0001708571247280615,139.9859004020691,0.9175790771597373,0.0,0.0,0.9847087436251409,0.9453962365130574,0.0,0.0,0.9898674011229703
31,train,nan,0.8097492564808239,0.0,0.0,0.0,0.91416356666214,0.0,0.0,0.9836717085404079,1.0,0.00016899128028152852,146.86578917503357,,,,,,,,
31,val,nan,0.8147674600283304,0.0,0.0,0.0,0.915458980545594,0.0,0.0,0.9843226114908094,1.0,0.00016899128028152852,146.86578917503357,0.9175790771597373,0.0,0.0,0.9847087436251409,0.9453962365130574,0.0,0.0,0.9898674011229703
32,train,nan,0.8099240389737216,0.0,0.0,0.0,0.914151387613611,0.0,0.0,0.9836830726035908,1.0,0.00016707849533270639,149.77142977714539,,,,,,,,
32,val,nan,0.8147674600283304,0.0,0.0,0.0,0.915458980545594,0.0,0.0,0.9843226114908094,1.0,0.00016707849533270639,149.77142977714539,0.9175790771597373,0.0,0.0,0.9847087436251409,0.9453962365130574,0.0,0.0,0.9898674011229703
33,train,nan,0.8098366477272727,0.0,0.0,0.0,0.9141632196890539,0.0,0.0,0.983678804410846,1.0,0.00016512008080885328,147.33707356452942,,,,,,,,
33,val,nan,0.8147674600283304,0.0,0.0,0.0,0.915458980545594,0.0,0.0,0.9843226114908094,1.0,0.00016512008080885328,147.33707356452942,0.9175790771597373,0.0,0.0,0.9847087436251409,0.9453962365130574,0.0,0.0,0.9898674011229703
34,train,nan,0.8097492564808239,0.0,0.0,0.0,0.9141916083427596,0.0,0.0,0.9836738959891895,1.0,0.00016311737890945883,152.5885410308838,,,,,,,,
34,val,nan,0.8147674600283304,0.0,0.0,0.0,0.915458980545594,0.0,0.0,0.9843226114908094,1.0,0.00016311737890945883,152.5885410308838,0.9175790771597373,0.0,0.0,0.9847087436251409,0.9453962365130574,0.0,0.0,0.9898674011229703
35,train,nan,0.8097492564808239,0.0,0.0,0.0,0.9141678617002467,0.0,0.0,0.9836726688837754,1.0,0.0001610717621863677,146.20913410186768,,,,,,,,
35,val,nan,0.8147674600283304,0.0,0.0,0.0,0.915458980545594,0.0,0.0,0.9843226114908094,1.0,0.0001610717621863677,146.20913410186768,0.9175790771597373,0.0,0.0,0.9847087436251409,0.9453962365130574,0.0,0.0,0.9898674011229703
36,train,nan,0.8097492564808239,0.0,0.0,0.0,0.914151607526131,0.0,0.0,0.9836663199470675,1.0,0.00015898463260310107,149.45518469810486,,,,,,,,
36,val,nan,0.8147674600283304,0.0,0.0,0.0,0.915458980545594,0.0,0.0,0.9843226114908094,1.0,0.00015898463260310107,149.45518469810486,0.9175790771597373,0.0,0.0,0.9847087436251409,0.9453962365130574,0.0,0.0,0.9898674011229703
37,train,nan,0.8097492564808239,0.0,0.0,0.0,0.9142031857106341,0.0,0.0,0.9836756032662874,1.0,0.00015685742057402086,147.34436058998108,,,,,,,,
37,val,nan,0.8147674600283304,0.0,0.0,0.0,0.915458980545594,0.0,0.0,0.9843226114908094,1.0,0.00015685742057402086,147.34436058998108,0.9175790771597373,0.0,0.0,0.9847087436251409,0.9453962365130574,0.0,0.0,0.9898674011229703
38,train,nan,0.8097492564808239,0.0,0.0,0.0,0.9141394370786275,0.0,0.0,0.9836668001187514,1.0,0.0001546915839839952,147.4107186794281,,,,,,,,
38,val,nan,0.8147674600283304,0.0,0.0,0.0,0.915458980545594,0.0,0.0,0.9843226114908094,1.0,0.0001546915839839952,147.4107186794281,0.9175790771597373,0.0,0.0,0.9847087436251409,0.9453962365130574,0.0,0.0,0.9898674011229703
39,train,nan,0.8097492564808239,0.0,0.0,0.0,0.9141892401292755,0.0,0.0,0.9836770971337481,1.0,0.00015248860718923693,149.31506156921387,,,,,,,,
39,val,nan,0.8147674600283304,0.0,0.0,0.0,0.915458980545594,0.0,0.0,0.9843226114908094,1.0,0.00015248860718923693,149.31506156921387,0.9175790771597373,0.0,0.0,0.9847087436251409,0.9453962365130574,0.0,0.0,0.9898674011229703
40,train,nan,0.8097492564808239,0.0,0.0,0.0,0.9141408920198537,0.0,0.0,0.9836688275103052,1.0,0.00015025000000000002,147.1916904449463,,,,,,,,
40,val,nan,0.8147674600283304,0.0,0.0,0.0,0.915458980545594,0.0,0.0,0.9843226114908094,1.0,0.00015025000000000002,147.1916904449463,0.9175790771597373,0.0,0.0,0.9847087436251409,0.9453962365130574,0.0,0.0,0.9898674011229703
41,train,nan,0.8097492564808239,0.0,0.0,0.0,0.9141274965130097,0.0,0.0,0.9836643459079232,1.0,0.00014797729664583106,147.33224368095398,,,,,,,,
41,val,nan,0.8147674600283304,0.0,0.0,0.0,0.915458980545594,0.0,0.0,0.9843226114908094,1.0,0.00014797729664583106,147.33224368095398,0.9175790771597373,0.0,0.0,0.9847087436251409,0.9453962365130574,0.0,0.0,0.9898674011229703
42,train,nan,0.8098366477272727,0.0,0.0,0.0,0.9141606444645844,0.0,0.0,0.9836797114018042,1.0,0.00014567205472408492,147.86148023605347,,,,,,,,
42,val,nan,0.8147674600283304,0.0,0.0,0.0,0.915458980545594,0.0,0.0,0.9843226114908094,1.0,0.00014567205472408492,147.86148023605347,0.9175790771597373,0.0,0.0,0.9847087436251409,0.9453962365130574,0.0,0.0,0.9898674011229703
43,train,nan,0.8097492564808239,0.0,0.0,0.0,0.9141674734813463,0.0,0.0,0.9836675470524817,1.0,0.0001433358541324254,142.027770280838,,,,,,,,
43,val,nan,0.8147674600283304,0.0,0.0,0.0,0.915458980545594,0.0,0.0,0.9843226114908094,1.0,0.0001433358541324254,142.027770280838,0.9175790771597373,0.0,0.0,0.9847087436251409,0.9453962365130574,0.0,0.0,0.9898674011229703
44,train,nan,0.8097492564808239,0.0,0.0,0.0,0.9141358054921557,0.0,0.0,0.9836630120976904,1.0,0.00014097029598604215,148.10628843307495,,,,,,,,
44,val,nan,0.8147674600283304,0.0,0.0,0.0,0.915458980545594,0.0,0.0,0.9843226114908094,1.0,0.00014097029598604215,148.10628843307495,0.9175790771597373,0.0,0.0,0.9847087436251409,0.9453962365130574,0.0,0.0,0.9898674011229703
45,train,nan,0.8097492564808239,0.0,0.0,0.0,0.9141689116114835,0.0,0.0,0.9836688808627144,1.0,0.00013857700152032645,147.27554273605347,,,,,,,,
45,val,nan,0.8147674600283304,0.0,0.0,0.0,0.915458980545594,0.0,0.0,0.9843226114908094,1.0,0.00013857700152032645,147.27554273605347,0.9175790771597373,0.0,0.0,0.9847087436251409,0.9453962365130574,0.0,0.0,0.9898674011229703
46,train,nan,0.8098366477272727,0.0,0.0,0.0,0.9141695025408563,0.0,0.0,0.9836746429229198,1.0,0.0001361576109797574,151.06351733207703,,,,,,,,
46,val,nan,0.8147674600283304,0.0,0.0,0.0,0.915458980545594,0.0,0.0,0.9843226114908094,1.0,0.0001361576109797574,151.06351733207703,0.9175790771597373,0.0,0.0,0.9847087436251409,0.9453962365130574,0.0,0.0,0.9898674011229703
47,train,nan,0.8097492564808239,0.0,0.0,0.0,0.9142081238706867,0.0,0.0,0.9836755499138781,1.0,0.0001337137824937602,147.20835494995117,,,,,,,,
47,val,nan,0.8147674600283304,0.0,0.0,0.0,0.915458980545594,0.0,0.0,0.9843226114908094,1.0,0.0001337137824937602,147.20835494995117,0.9175790771597373,0.0,0.0,0.9847087436251409,0.9453962365130574,0.0,0.0,0.9898674011229703
48,train,nan,0.8097492564808239,0.0,0.0,0.0,0.9141511649644044,0.0,0.0,0.9836680805765747,1.0,0.00013124719094030727,148.09762048721313,,,,,,,,
48,val,nan,0.8147674600283304,0.0,0.0,0.0,0.915458980545594,0.0,0.0,0.9843226114908094,1.0,0.00013124719094030727,148.09762048721313,0.9175790771597373,0.0,0.0,0.9847087436251409,0.9453962365130574,0.0,0.0,0.9898674011229703
49,train,nan,0.8098366477272727,0.0,0.0,0.0,0.9141500765440426,0.0,0.0,0.9836750697421943,1.0,0.00012875952679804032,148.06300520896912,,,,,,,,
49,val,nan,0.8147674600283304,0.0,0.0,0.0,0.915458980545594,0.0,0.0,0.9843226114908094,1.0,0.00012875952679804032,148.06300520896912,0.9175790771597373,0.0,0.0,0.9847087436251409,0.9453962365130574,0.0,0.0,0.9898674011229703
50,train,nan,0.8097492564808239,0.0,0.0,0.0,0.9142127293275323,0.0,0.0,0.9836697345012634,1.0,0.00012625249498770082,152.09808111190796,,,,,,,,
50,val,nan,0.8147674600283304,0.0,0.0,0.0,0.915458980545594,0.0,0.0,0.9843226114908094,1.0,0.00012625249498770082,152.09808111190796,0.9175790771597373,0.0,0.0,0.9847087436251409,0.9453962365130574,0.0,0.0,0.9898674011229703
51,train,nan,0.8098366477272727,0.0,0.0,0.0,0.914201010238256,0.0,0.0,0.9836825390794977,1.0,0.0001237278137036626,149.19743514060974,,,,,,,,
51,val,nan,0.8147674600283304,0.0,0.0,0.0,0.915458980545594,0.0,0.0,0.9843226114908094,1.0,0.0001237278137036626,149.19743514060974,0.9175790771597373,0.0,0.0,0.9847087436251409,0.9453962365130574,0.0,0.0,0.9898674011229703
52,train,nan,0.8097492564808239,0.0,0.0,0.0,0.9141640098103007,0.0,0.0,0.983669147624761,1.0,0.00012118721323636703,145.74352049827576,,,,,,,,
52,val,nan,0.8147674600283304,0.0,0.0,0.0,0.915458980545594,0.0,0.0,0.9843226114908094,1.0,0.00012118721323636703,145.74352049827576,0.9175790771597373,0.0,0.0,0.9847087436251409,0.9453962365130574,0.0,0.0,0.9898674011229703
53,train,nan,0.8097492564808239,0.0,0.0,0.0,0.9141567462464012,0.0,0.0,0.9836725621789568,1.0,0.00011863243478646867,145.8543381690979,,,,,,,,
53,val,nan,0.8147674600283304,0.0,0.0,0.0,0.915458980545594,0.0,0.0,0.9843226114908094,1.0,0.00011863243478646867,145.8543381690979,0.9175790771597373,0.0,0.0,0.9847087436251409,0.9453962365130574,0.0,0.0,0.9898674011229703
54,train,nan,0.8098366477272727,0.0,0.0,0.0,0.9142109192031523,0.0,0.0,0.9836827524891348,1.0,0.00011606522927150297,144.18150424957275,,,,,,,,
54,val,nan,0.8147674600283304,0.0,0.0,0.0,0.915458980545594,0.0,0.0,0.9843226114908094,1.0,0.00011606522927150297,144.18150424957275,0.9175790771597373,0.0,0.0,0.9847087436251409,0.9453962365130574,0.0,0.0,0.9898674011229703
55,train,nan,0.8097492564808239,0.0,0.0,0.0,0.9141522846612128,0.0,0.0,0.983671921950045,1.0,0.00011348735612589512,151.42656326293945,,,,,,,,
55,val,nan,0.8147674600283304,0.0,0.0,0.0,0.915458980545594,0.0,0.0,0.9843226114908094,1.0,0.00011348735612589512,151.42656326293945,0.9175790771597373,0.0,0.0,0.9847087436251409,0.9453962365130574,0.0,0.0,0.9898674011229703
56,train,nan,0.8097492564808239,0.0,0.0,0.0,0.914170816151638,0.0,0.0,0.9836708549018589,1.0,0.00011090058209513152,144.5945029258728,,,,,,,,
56,val,nan,0.8147674600283304,0.0,0.0,0.0,0.915458980545594,0.0,0.0,0.9843226114908094,1.0,0.00011090058209513152,144.5945029258728,0.9175790771597373,0.0,0.0,0.9847087436251409,0.9453962365130574,0.0,0.0,0.9898674011229703
57,train,nan,0.8098366477272727,0.0,0.0,0.0,0.9141349694336266,0.0,0.0,0.9836725621789568,1.0,0.00010830668002492057,148.96212935447693,,,,,,,,
57,val,nan,0.8147674600283304,0.0,0.0,0.0,0.915458980545594,0.0,0.0,0.9843226114908094,1.0,0.00010830668002492057,148.96212935447693,0.9175790771597373,0.0,0.0,0.9847087436251409,0.9453962365130574,0.0,0.0,0.9898674011229703
58,train,nan,0.8097492564808239,0.0,0.0,0.0,0.914138580494931,0.0,0.0,0.9836671202332072,1.0,0.00010570742764617289,150.98447728157043,,,,,,,,
58,val,nan,0.8147674600283304,0.0,0.0,0.0,0.915458980545594,0.0,0.0,0.9843226114908094,1.0,0.00010570742764617289,150.98447728157043,0.9175790771597373,0.0,0.0,0.9847087436251409,0.9453962365130574,0.0,0.0,0.9898674011229703
59,train,nan,0.8098366477272727,0.0,0.0,0.0,0.9141371425602712,0.0,0.0,0.9836731490554592,1.0,0.00010310460635663335,147.42771530151367,,,,,,,,
59,val,nan,0.8147674600283304,0.0,0.0,0.0,0.915458980545594,0.0,0.0,0.9843226114908094,1.0,0.00010310460635663335,147.42771530151367,0.9175790771597373,0.0,0.0,0.9847087436251409,0.9453962365130574,0.0,0.0,0.9898674011229703
60,train,nan,0.8097492564808239,0.0,0.0,0.0,0.9141847566505741,0.0,0.0,0.9836759767331525,1.0,0.0001005,148.57855820655823,,,,,,,,
60,val,nan,0.8147674600283304,0.0,0.0,0.0,0.915458980545594,0.0,0.0,0.9843226114908094,1.0,0.0001005,148.57855820655823,0.9175790771597373,0.0,0.0,0.9847087436251409,0.9453962365130574,0.0,0.0,0.9898674011229703
61,train,nan,0.8097492564808239,0.0,0.0,0.0,0.9141718189527249,0.0,0.0,0.9836722420645009,1.0,9.789539364336662e-05,149.79851865768433,,,,,,,,
61,val,nan,0.8147674600283304,0.0,0.0,0.0,0.915458980545594,0.0,0.0,0.9843226114908094,1.0,9.789539364336662e-05,149.79851865768433,0.9175790771597373,0.0,0.0,0.9847087436251409,0.9453962365130574,0.0,0.0,0.9898674011229703
62,train,nan,0.8097492564808239,0.0,0.0,0.0,0.9141819552582968,0.0,0.0,0.9836717085404079,1.0,9.52925723538271e-05,150.36131739616394,,,,,,,,
62,val,nan,0.8147674600283304,0.0,0.0,0.0,0.915458980545594,0.0,0.0,0.9843226114908094,1.0,9.52925723538271e-05,150.36131739616394,0.9175790771597373,0.0,0.0,0.9847087436251409,0.9453962365130574,0.0,0.0,0.9898674011229703
63,train,nan,0.8097492564808239,0.0,0.0,0.0,0.9141764531448068,0.0,0.0,0.9836700546157192,1.0,9.269331997507943e-05,149.88363933563232,,,,,,,,
63,val,nan,0.8147674600283304,0.0,0.0,0.0,0.915458980545594,0.0,0.0,0.9843226114908094,1.0,9.269331997507943e-05,149.88363933563232,0.9175790771597373,0.0,0.0,0.9847087436251409,0.9453962365130574,0.0,0.0,0.9898674011229703
64,train,nan,0.8097492564808239,0.0,0.0,0.0,0.914162054054964,0.0,0.0,0.9836661598898396,1.0,9.009941790486849e-05,148.54079222679138,,,,,,,,
64,val,nan,0.8147674600283304,0.0,0.0,0.0,0.915458980545594,0.0,0.0,0.9843226114908094,1.0,9.009941790486849e-05,148.54079222679138,0.9175790771597373,0.0,0.0,0.9847087436251409,0.9453962365130574,0.0,0.0,0.9898674011229703
65,train,nan,0.8098366477272727,0.0,0.0,0.0,0.9141715163353274,0.0,0.0,0.9836769904289294,1.0,8.751264387410488e-05,150.0208342075348,,,,,,,,
65,val,nan,0.8147674600283304,0.0,0.0,0.0,0.915458980545594,0.0,0.0,0.9843226114908094,1.0,8.751264387410488e-05,150.0208342075348,0.9175790771597373,0.0,0.0,0.9847087436251409,0.9453962365130574,0.0,0.0,0.9898674011229703
66,train,nan,0.8097492564808239,0.0,0.0,0.0,0.9141241333175502,0.0,0.0,0.9836672269380259,1.0,8.493477072849703e-05,147.1065537929535,,,,,,,,
66,val,nan,0.8147674600283304,0.0,0.0,0.0,0.915458980545594,0.0,0.0,0.9843226114908094,1.0,8.493477072849703e-05,147.1065537929535,0.9175790771597373,0.0,0.0,0.9847087436251409,0.9453962365130574,0.0,0.0,0.9898674011229703
67,train,nan,0.8097492564808239,0.0,0.0,0.0,0.9141594688611276,0.0,0.0,0.9836688275103052,1.0,8.236756521353134e-05,149.64990735054016,,,,,,,,
67,val,nan,0.8147674600283304,0.0,0.0,0.0,0.915458980545594,0.0,0.0,0.9843226114908094,1.0,8.236756521353134e-05,149.64990735054016,0.9175790771597373,0.0,0.0,0.9847087436251409,0.9453962365130574,0.0,0.0,0.9898674011229703
68,train,nan,0.8097492564808239,0.0,0.0,0.0,0.9141229790211721,0.0,0.0,0.9836661598898396,1.0,7.981278676363294e-05,146.28311848640442,,,,,,,,
68,val,nan,0.8147674600283304,0.0,0.0,0.0,0.915458980545594,0.0,0.0,0.9843226114908094,1.0,7.981278676363294e-05,146.28311848640442,0.9175790771597373,0.0,0.0,0.9847087436251409,0.9453962365130574,0.0,0.0,0.9898674011229703
69,train,nan,0.8097492564808239,0.0,0.0,0.0,0.9141358787963282,0.0,0.0,0.9836649861368348,1.0,7.727218629633741e-05,147.2002923488617,,,,,,,,
69,val,nan,0.8147674600283304,0.0,0.0,0.0,0.915458980545594,0.0,0.0,0.9843226114908094,1.0,7.727218629633741e-05,147.2002923488617,0.9175790771597373,0.0,0.0,0.9847087436251409,0.9453962365130574,0.0,0.0,0.9898674011229703
70,train,nan,0.8098366477272727,0.0,0.0,0.0,0.9141924520249219,0.0,0.0,0.9836799781638508,1.0,7.474750501229919e-05,147.72991704940796,,,,,,,,
70,val,nan,0.8147674600283304,0.0,0.0,0.0,0.915458980545594,0.0,0.0,0.9843226114908094,1.0,7.474750501229919e-05,147.72991704940796,0.9175790771597373,0.0,0.0,0.9847087436251409,0.9453962365130574,0.0,0.0,0.9898674011229703
71,train,nan,0.8098366477272727,0.0,0.0,0.0,0.914188517056912,0.0,0.0,0.9836798714590321,1.0,7.224047320195969e-05,149.21421146392822,,,,,,,,
71,val,nan,0.8147674600283304,0.0,0.0,0.0,0.915458980545594,0.0,0.0,0.9843226114908094,1.0,7.224047320195969e-05,149.21421146392822,0.9175790771597373,0.0,0.0,0.9847087436251409,0.9453962365130574,0.0,0.0,0.9898674011229703
72,train,nan,0.8097492564808239,0.0,0.0,0.0,0.9141513809673674,0.0,0.0,0.9836690409199423,1.0,6.975280905969273e-05,152.72677159309387,,,,,,,,
72,val,nan,0.8147674600283304,0.0,0.0,0.0,0.915458980545594,0.0,0.0,0.9843226114908094,1.0,6.975280905969273e-05,152.72677159309387,0.9175790771597373,0.0,0.0,0.9847087436251409,0.9453962365130574,0.0,0.0,0.9898674011229703
73,train,nan,0.8098366477272727,0.0,0.0,0.0,0.9141501623587946,0.0,0.0,0.9836748563325571,1.0,6.728621750623979e-05,149.42868947982788,,,,,,,,
73,val,nan,0.8147674600283304,0.0,0.0,0.0,0.915458980545594,0.0,0.0,0.9843226114908094,1.0,6.728621750623979e-05,149.42868947982788,0.9175790771597373,0.0,0.0,0.9847087436251409,0.9453962365130574,0.0,0.0,0.9898674011229703
74,train,nan,0.8097492564808239,0.0,0.0,0.0,0.9141865198602834,0.0,0.0,0.9836740026940082,1.0,6.484238902024261e-05,148.23064637184143,,,,,,,,
74,val,nan,0.8147674600283304,0.0,0.0,0.0,0.915458980545594,0.0,0.0,0.9843226114908094,1.0,6.484238902024261e-05,148.23064637184143,0.9175790771597373,0.0,0.0,0.9847087436251409,0.9453962365130574,0.0,0.0,0.9898674011229703
75,train,nan,0.8097492564808239,0.0,0.0,0.0,0.9141599210012664,0.0,0.0,0.9836708015494495,1.0,6.242299847967355e-05,148.9119577407837,,,,,,,,
75,val,nan,0.8147674600283304,0.0,0.0,0.0,0.915458980545594,0.0,0.0,0.9843226114908094,1.0,6.242299847967355e-05,148.9119577407837,0.9175790771597373,0.0,0.0,0.9847087436251409,0.9453962365130574,0.0,0.0,0.9898674011229703
76,train,nan,0.8097492564808239,0.0,0.0,0.0,0.9141667459129943,0.0,0.0,0.9836663732994769,1.0,6.002970401395788e-05,147.36779761314392,,,,,,,,
76,val,nan,0.8147674600283304,0.0,0.0,0.0,0.915458980545594,0.0,0.0,0.9843226114908094,1.0,6.002970401395788e-05,147.36779761314392,0.9175790771597373,0.0,0.0,0.9847087436251409,0.9453962365130574,0.0,0.0,0.9898674011229703
77,train,nan,0.8097492564808239,0.0,0.0,0.0,0.9141848379693369,0.0,0.0,0.9836703213777658,1.0,5.766414586757464e-05,150.650625705719,,,,,,,,
77,val,nan,0.8147674600283304,0.0,0.0,0.0,0.915458980545594,0.0,0.0,0.9843226114908094,1.0,5.766414586757464e-05,150.650625705719,0.9175790771597373,0.0,0.0,0.9847087436251409,0.9453962365130574,0.0,0.0,0.9898674011229703
78,train,nan,0.8097492564808239,0.0,0.0,0.0,0.9141430059167268,0.0,0.0,0.9836704814349937,1.0,5.532794527591508e-05,152.21244716644287,,,,,,,,
78,val,nan,0.8147674600283304,0.0,0.0,0.0,0.915458980545594,0.0,0.0,0.9843226114908094,1.0,5.532794527591508e-05,152.21244716644287,0.9175790771597373,0.0,0.0,0.9847087436251409,0.9453962365130574,0.0,0.0,0.9898674011229703
79,train,nan,0.8097492564808239,0.0,0.0,0.0,0.9142019706206616,0.0,0.0,0.9836761901427898,1.0,5.302270335416894e-05,153.27738881111145,,,,,,,,
79,val,nan,0.8147674600283304,0.0,0.0,0.0,0.915458980545594,0.0,0.0,0.9843226114908094,1.0,5.302270335416894e-05,153.27738881111145,0.9175790771597373,0.0,0.0,0.9847087436251409,0.9453962365130574,0.0,0.0,0.9898674011229703
80,train,nan,0.8099240389737216,0.0,0.0,0.0,0.9141566995272075,0.0,0.0,0.9836814186789021,1.0,5.075000000000001e-05,148.89985752105713,,,,,,,,
80,val,nan,0.8147674600283304,0.0,0.0,0.0,0.915458980545594,0.0,0.0,0.9843226114908094,1.0,5.075000000000001e-05,148.89985752105713,0.9175790771597373,0.0,0.0,0.9847087436251409,0.9453962365130574,0.0,0.0,0.9898674011229703
81,train,nan,0.8098366477272727,0.0,0.0,0.0,0.9141468192975474,0.0,0.0,0.9836766703144736,1.0,4.851139281076308e-05,143.89449977874756,,,,,,,,
81,val,nan,0.8147674600283304,0.0,0.0,0.0,0.915458980545594,0.0,0.0,0.9843226114908094,1.0,4.851139281076308e-05,143.89449977874756,0.9175790771597373,0.0,0.0,0.9847087436251409,0.9453962365130574,0.0,0.0,0.9898674011229703
82,train,nan,0.8097492564808239,0.0,0.0,0.0,0.9141818618199105,0.0,0.0,0.9836710149590868,1.0,4.6308416016004826e-05,151.19736623764038,,,,,,,,
82,val,nan,0.8147674600283304,0.0,0.0,0.0,0.915458980545594,0.0,0.0,0.9843226114908094,1.0,4.6308416016004826e-05,151.19736623764038,0.9175790771597373,0.0,0.0,0.9847087436251409,0.9453962365130574,0.0,0.0,0.9898674011229703
83,train,nan,0.8097492564808239,0.0,0.0,0.0,0.9141825342635244,0.0,0.0,0.9836742161036454,1.0,4.41425794259791e-05,148.41350150108337,,,,,,,,
83,val,nan,0.8147674600283304,0.0,0.0,0.0,0.915458980545594,0.0,0.0,0.9843226114908094,1.0,4.41425794259791e-05,148.41350150108337,0.9175790771597373,0.0,0.0,0.9847087436251409,0.9453962365130574,0.0,0.0,0.9898674011229703
84,train,nan,0.8097492564808239,0.0,0.0,0.0,0.9141232370518613,0.0,0.0,0.9836705881398123,1.0,4.2015367396898925e-05,146.34665513038635,,,,,,,,
84,val,nan,0.8147674600283304,0.0,0.0,0.0,0.915458980545594,0.0,0.0,0.9843226114908094,1.0,4.2015367396898925e-05,146.34665513038635,0.9175790771597373,0.0,0.0,0.9847087436251409,0.9453962365130574,0.0,0.0,0.9898674011229703
85,train,nan,0.8097492564808239,0.0,0.0,0.0,0.9141411387128302,0.0,0.0,0.9836725088265474,1.0,3.9928237813632286e-05,148.24299597740173,,,,,,,,
85,val,nan,0.8147674600283304,0.0,0.0,0.0,0.915458980545594,0.0,0.0,0.9843226114908094,1.0,3.9928237813632286e-05,148.24299597740173,0.9175790771597373,0.0,0.0,0.9847087436251409,0.9453962365130574,0.0,0.0,0.9898674011229703
86,train,nan,0.8097492564808239,0.0,0.0,0.0,0.9141631686693495,0.0,0.0,0.9836740026940082,1.0,3.788262109054118e-05,144.7849578857422,,,,,,,,
86,val,nan,0.8147674600283304,0.0,0.0,0.0,0.915458980545594,0.0,0.0,0.9843226114908094,1.0,3.788262109054118e-05,144.7849578857422,0.9175790771597373,0.0,0.0,0.9847087436251409,0.9453962365130574,0.0,0.0,0.9898674011229703
87,train,nan,0.8098366477272727,0.0,0.0,0.0,0.9141479524823237,0.0,0.0,0.9836777373626598,1.0,3.587991919114673e-05,151.00045084953308,,,,,,,,
87,val,nan,0.8147674600283304,0.0,0.0,0.0,0.915458980545594,0.0,0.0,0.9843226114908094,1.0,3.587991919114673e-05,151.00045084953308,0.9175790771597373,0.0,0.0,0.9847087436251409,0.9453962365130574,0.0,0.0,0.9898674011229703
88,train,nan,0.8097492564808239,0.0,0.0,0.0,0.9141695862053529,0.0,0.0,0.9836726155313661,1.0,3.392150466729363e-05,148.57067704200745,,,,,,,,
88,val,nan,0.8147674600283304,0.0,0.0,0.0,0.915458980545594,0.0,0.0,0.9843226114908094,1.0,3.392150466729363e-05,148.57067704200745,0.9175790771597373,0.0,0.0,0.9847087436251409,0.9453962365130574,0.0,0.0,0.9898674011229703
89,train,nan,0.8098366477272727,0.0,0.0,0.0,0.9141816915587512,0.0,0.0,0.9836809385072184,1.0,3.2008719718471455e-05,148.8027467727661,,,,,,,,
89,val,nan,0.8147674600283304,0.0,0.0,0.0,0.915458980545594,0.0,0.0,0.9843226114908094,1.0,3.2008719718471455e-05,148.8027467727661,0.9175790771597373,0.0,0.0,0.9847087436251409,0.9453962365130574,0.0,0.0,0.9898674011229703
90,train,nan,0.8098366477272727,0.0,0.0,0.0,0.9141530915935491,0.0,0.0,0.9836746962753291,1.0,3.0142875271938522e-05,147.14021277427673,,,,,,,,
90,val,nan,0.8147674600283304,0.0,0.0,0.0,0.915458980545594,0.0,0.0,0.9843226114908094,1.0,3.0142875271938522e-05,147.14021277427673,0.9175790771597373,0.0,0.0,0.9847087436251409,0.9453962365130574,0.0,0.0,0.9898674011229703
91,train,nan,0.8098366477272727,0.0,0.0,0.0,0.9141329915892994,0.0,0.0,0.9836790711728925,1.0,2.8325250084277377e-05,147.34873962402344,,,,,,,,
91,val,nan,0.8147674600283304,0.0,0.0,0.0,0.915458980545594,0.0,0.0,0.9843226114908094,1.0,2.8325250084277377e-05,147.34873962402344,0.9175790771597373,0.0,0.0,0.9847087436251409,0.9453962365130574,0.0,0.0,0.9898674011229703
92,train,nan,0.8097492564808239,0.0,0.0,0.0,0.9142247119208753,0.0,0.0,0.9836792312301205,1.0,2.6557089864999292e-05,149.78781723976135,,,,,,,,
92,val,nan,0.8147674600283304,0.0,0.0,0.0,0.915458980545594,0.0,0.0,0.9843226114908094,1.0,2.6557089864999292e-05,149.78781723976135,0.9175790771597373,0.0,0.0,0.9847087436251409,0.9453962365130574,0.0,0.0,0.9898674011229703
93,train,nan,0.8097492564808239,0.0,0.0,0.0,0.9141818213560072,0.0,0.0,0.9836718152452264,1.0,2.483960642279692e-05,147.9853277206421,,,,,,,,
93,val,nan,0.8147674600283304,0.0,0.0,0.0,0.915458980545594,0.0,0.0,0.9843226114908094,1.0,2.483960642279692e-05,147.9853277206421,0.9175790771597373,0.0,0.0,0.9847087436251409,0.9453962365130574,0.0,0.0,0.9898674011229703
94,train,nan,0.8097492564808239,0.0,0.0,0.0,0.9142105522913316,0.0,0.0,0.9836727222361847,1.0,2.3173976835031395e-05,144.77169156074524,,,,,,,,
94,val,nan,0.8147674600283304,0.0,0.0,0.0,0.915458980545594,0.0,0.0,0.9843226114908094,1.0,2.3173976835031395e-05,144.77169156074524,0.9175790771597373,0.0,0.0,0.9847087436251409,0.9453962365130574,0.0,0.0,0.9898674011229703
95,train,nan,0.8098366477272727,0.0,0.0,0.0,0.9142221273134726,0.0,0.0,0.9836821122602232,1.0,2.156134264102209e-05,148.99975514411926,,,,,,,,
95,val,nan,0.8147674600283304,0.0,0.0,0.0,0.915458980545594,0.0,0.0,0.9843226114908094,1.0,2.156134264102209e-05,148.99975514411926,0.9175790771597373,0.0,0.0,0.9847087436251409,0.9453962365130574,0.0,0.0,0.9898674011229703
96,train,nan,0.8098366477272727,0.0,0.0,0.0,0.9141986744740856,0.0,0.0,0.98368157873613,1.0,2.0002809059692742e-05,148.5787489414215,,,,,,,,
96,val,nan,0.8147674600283304,0.0,0.0,0.0,0.915458980545594,0.0,0.0,0.9843226114908094,1.0,2.0002809059692742e-05,148.5787489414215,0.9175790771597373,0.0,0.0,0.9847087436251409,0.9453962365130574,0.0,0.0,0.9898674011229703
97,train,nan,0.8097492564808239,0.0,0.0,0.0,0.9141661952520465,0.0,0.0,0.9836680805765747,1.0,1.8499444232109462e-05,149.030015707016,,,,,,,,
97,val,nan,0.8147674600283304,0.0,0.0,0.0,0.915458980545594,0.0,0.0,0.9843226114908094,1.0,1.8499444232109462e-05,149.030015707016,0.9175790771597373,0.0,0.0,0.9847087436251409,0.9453962365130574,0.0,0.0,0.9898674011229703
98,train,nan,0.8099240389737216,0.0,0.0,0.0,0.9141916460699724,0.0,0.0,0.9836857402240562,1.0,1.705227848943032e-05,147.98348474502563,,,,,,,,
98,val,nan,0.8147674600283304,0.0,0.0,0.0,0.915458980545594,0.0,0.0,0.9843226114908094,1.0,1.705227848943032e-05,147.98348474502563,0.9175790771597373,0.0,0.0,0.9847087436251409,0.9453962365130574,0.0,0.0,0.9898674011229703
99,train,nan,0.8099240389737216,0.0,0.0,0.0,0.9141218192514132,0.0,0.0,0.983679658049395,1.0,1.566230364676783e-05,147.72394037246704,,,,,,,,
99,val,nan,0.8147674600283304,0.0,0.0,0.0,0.915458980545594,0.0,0.0,0.9843226114908094,1.0,1.566230364676783e-05,147.72394037246704,0.9175790771597373,0.0,0.0,0.9847087436251409,0.9453962365130574,0.0,0.0,0.9898674011229703
100,train,nan,0.8097492564808239,0.0,0.0,0.0,0.9142041750770652,0.0,0.0,0.9836762968476085,1.0,1.433047232344835e-05,146.9558048248291,,,,,,,,
100,val,nan,0.8147674600283304,0.0,0.0,0.0,0.915458980545594,0.0,0.0,0.9843226114908094,1.0,1.433047232344835e-05,146.9558048248291,0.9175790771597373,0.0,0.0,0.9847087436251409,0.9453962365130574,0.0,0.0,0.9898674011229703
101,train,nan,0.8097492564808239,0.0,0.0,0.0,0.9141893992482002,0.0,0.0,0.9836736825795522,1.0,1.3057697290134457e-05,145.84815049171448,,,,,,,,
101,val,nan,0.8147674600283304,0.0,0.0,0.0,0.915458980545594,0.0,0.0,0.9843226114908094,1.0,1.3057697290134457e-05,145.84815049171448,0.9175790771597373,0.0,0.0,0.9847087436251409,0.9453962365130574,0.0,0.0,0.9898674011229703
102,train,nan,0.8098366477272727,0.0,0.0,0.0,0.9141826368893664,0.0,0.0,0.9836786443536181,1.0,1.1844850843257407e-05,145.80269527435303,,,,,,,,
102,val,nan,0.8147674600283304,0.0,0.0,0.0,0.915458980545594,0.0,0.0,0.9843226114908094,1.0,1.1844850843257407e-05,145.80269527435303,0.9175790771597373,0.0,0.0,0.9847087436251409,0.9453962365130574,0.0,0.0,0.9898674011229703
103,train,nan,0.8097492564808239,0.0,0.0,0.0,0.9142426446628162,0.0,0.0,0.9836778974198878,1.0,1.069276420718889e-05,149.29102039337158,,,,,,,,
103,val,nan,0.8147674600283304,0.0,0.0,0.0,0.915458980545594,0.0,0.0,0.9843226114908094,1.0,1.069276420718889e-05,149.29102039337158,0.9175790771597373,0.0,0.0,0.9847087436251409,0.9453962365130574,0.0,0.0,0.9898674011229703
104,train,nan,0.8097492564808239,0.0,0.0,0.0,0.9141594219464567,0.0,0.0,0.9836741627512361,1.0,9.602226964561204e-06,146.28523111343384,,,,,,,,
104,val,nan,0.8147674600283304,0.0,0.0,0.0,0.915458980545594,0.0,0.0,0.9843226114908094,1.0,9.602226964561204e-06,146.28523111343384,0.9175790771597373,0.0,0.0,0.9847087436251409,0.9453962365130574,0.0,0.0,0.9898674011229703
105,train,nan,0.8097492564808239,0.0,0.0,0.0,0.9141702103659517,0.0,0.0,0.9836682406338028,1.0,8.573986515126971e-06,147.95972681045532,,,,,,,,
105,val,nan,0.8147674600283304,0.0,0.0,0.0,0.915458980545594,0.0,0.0,0.9843226114908094,1.0,8.573986515126971e-06,147.95972681045532,0.9175790771597373,0.0,0.0,0.9847087436251409,0.9453962365130574,0.0,0.0,0.9898674011229703
106,train,nan,0.8097492564808239,0.0,0.0,0.0,0.9141693954190255,0.0,0.0,0.9836701079681286,1.0,7.608747563528428e-06,148.66215062141418,,,,,,,,
106,val,nan,0.8147674600283304,0.0,0.0,0.0,0.915458980545594,0.0,0.0,0.9843226114908094,1.0,7.608747563528428e-06,148.66215062141418,0.9175790771597373,0.0,0.0,0.9847087436251409,0.9453962365130574,0.0,0.0,0.9898674011229703
107,train,nan,0.8097492564808239,0.0,0.0,0.0,0.9141844259021452,0.0,0.0,0.9836740026940082,1.0,6.707171636328258e-06,146.17615294456482,,,,,,,,
107,val,nan,0.8147674600283304,0.0,0.0,0.0,0.915458980545594,0.0,0.0,0.9843226114908094,1.0,6.707171636328258e-06,146.17615294456482,0.9175790771597373,0.0,0.0,0.9847087436251409,0.9453962365130574,0.0,0.0,0.9898674011229703
108,train,nan,0.8097492564808239,0.0,0.0,0.0,0.9141837002885704,0.0,0.0,0.9836776840102505,1.0,5.869876628632224e-06,148.5699577331543,,,,,,,,
108,val,nan,0.8147674600283304,0.0,0.0,0.0,0.915458980545594,0.0,0.0,0.9843226114908094,1.0,5.869876628632224e-06,148.5699577331543,0.9175790771597373,0.0,0.0,0.9847087436251409,0.9453962365130574,0.0,0.0,0.9898674011229703
109,train,nan,0.8097492564808239,0.0,0.0,0.0,0.9141872216255664,0.0,0.0,0.9836724554741382,1.0,5.097436380614803e-06,148.99862718582153,,,,,,,,
109,val,nan,0.8147674600283304,0.0,0.0,0.0,0.915458980545594,0.0,0.0,0.9843226114908094,1.0,5.097436380614803e-06,148.99862718582153,0.9175790771597373,0.0,0.0,0.9847087436251409,0.9453962365130574,0.0,0.0,0.9898674011229703
110,train,nan,0.8097492564808239,0.0,0.0,0.0,0.914138720083846,0.0,0.0,0.9836699479109006,1.0,4.390380284237703e-06,148.39167046546936,,,,,,,,
110,val,nan,0.8147674600283304,0.0,0.0,0.0,0.915458980545594,0.0,0.0,0.9843226114908094,1.0,4.390380284237703e-06,148.39167046546936,0.9175790771597373,0.0,0.0,0.9847087436251409,0.9453962365130574,0.0,0.0,0.9898674011229703
111,train,nan,0.8097492564808239,0.0,0.0,0.0,0.9141871706058619,0.0,0.0,0.9836705347874031,1.0,3.749192920431183e-06,145.76182508468628,,,,,,,,
111,val,nan,0.8147674600283304,0.0,0.0,0.0,0.915458980545594,0.0,0.0,0.9843226114908094,1.0,3.749192920431183e-06,145.76182508468628,0.9175790771597373,0.0,0.0,0.9847087436251409,0.9453962365130574,0.0,0.0,0.9898674011229703
112,train,nan,0.8097492564808239,0.0,0.0,0.0,0.9141331153267432,0.0,0.0,0.983660344477225,1.0,3.1743137269863346e-06,142.64862847328186,,,,,,,,
112,val,nan,0.8147674600283304,0.0,0.0,0.0,0.915458980545594,0.0,0.0,0.9843226114908094,1.0,3.1743137269863346e-06,142.64862847328186,0.9175790771597373,0.0,0.0,0.9847087436251409,0.9453962365130574,0.0,0.0,0.9898674011229703
113,train,nan,0.8099240389737216,0.0,0.0,0.0,0.9142275481081995,0.0,0.0,0.983692942799313,1.0,2.666136697386527e-06,137.78125476837158,,,,,,,,
113,val,nan,0.8147674600283304,0.0,0.0,0.0,0.915458980545594,0.0,0.0,0.9843226114908094,1.0,2.666136697386527e-06,137.78125476837158,0.9175790771597373,0.0,0.0,0.9847087436251409,0.9453962365130574,0.0,0.0,0.9898674011229703
114,train,nan,0.8098366477272727,0.0,0.0,0.0,0.9141208770484432,0.0,0.0,0.9836735225223243,1.0,2.225010110783803e-06,136.581889629364,,,,,,,,
114,val,nan,0.8147674600283304,0.0,0.0,0.0,0.915458980545594,0.0,0.0,0.9843226114908094,1.0,2.225010110783803e-06,136.581889629364,0.9175790771597373,0.0,0.0,0.9847087436251409,0.9453962365130574,0.0,0.0,0.9898674011229703
115,train,nan,0.8097492564808239,0.0,0.0,0.0,0.9142057687542149,0.0,0.0,0.9836731490554592,1.0,1.8512362933058672e-06,134.68891215324402,,,,,,,,
115,val,nan,0.8147674600283304,0.0,0.0,0.0,0.915458980545594,0.0,0.0,0.9843226114908094,1.0,1.8512362933058672e-06,134.68891215324402,0.9175790771597373,0.0,0.0,0.9847087436251409,0.9453962365130574,0.0,0.0,0.9898674011229703
116,train,nan,0.8097492564808239,0.0,0.0,0.0,0.9141812675674148,0.0,0.0,0.9836710683114961,1.0,1.5450714108567968e-06,135.12881708145142,,,,,,,,
116,val,nan,0.8147674600283304,0.0,0.0,0.0,0.915458980545594,0.0,0.0,0.9843226114908094,1.0,1.5450714108567968e-06,135.12881708145142,0.9175790771597373,0.0,0.0,0.9847087436251409,0.9453962365130574,0.0,0.0,0.9898674011229703
117,train,nan,0.8098366477272727,0.0,0.0,0.0,0.9141213074905475,0.0,0.0,0.9836759233807433,1.0,1.3067252935537676e-06,136.84712076187134,,,,,,,,
117,val,nan,0.8147674600283304,0.0,0.0,0.0,0.915458980545594,0.0,0.0,0.9843226114908094,1.0,1.3067252935537676e-06,136.84712076187134,0.9175790771597373,0.0,0.0,0.9847087436251409,0.9453962365130574,0.0,0.0,0.9898674011229703
118,train,nan,0.8097492564808239,0.0,0.0,0.0,0.9141246315904493,0.0,0.0,0.9836647727271975,1.0,1.1363612919199035e-06,134.78690552711487,,,,,,,,
118,val,nan,0.8147674600283304,0.0,0.0,0.0,0.915458980545594,0.0,0.0,0.9843226114908094,1.0,1.1363612919199035e-06,134.78690552711487,0.9175790771597373,0.0,0.0,0.9847087436251409,0.9453962365130574,0.0,0.0,0.9898674011229703
119,train,nan,0.8097492564808239,0.0,0.0,0.0,0.9141890251037015,0.0,0.0,0.9836704280825844,1.0,1.0340961649320526e-06,135.03943586349487,,,,,,,,
119,val,nan,0.8147674600283304,0.0,0.0,0.0,0.915458980545594,0.0,0.0,0.9843226114908094,1.0,1.0340961649320526e-06,135.03943586349487,0.9175790771597373,0.0,0.0,0.9847087436251409,0.9453962365130574,0.0,0.0,0.9898674011229703
120,train,nan,0.8097492564808239,0.0,0.0,0.0,0.9141374776092124,0.0,0.0,0.9836686674530772,1.0,1e-06,134.79759407043457,,,,,,,,
120,val,nan,0.8147674600283304,0.0,0.0,0.0,0.915458980545594,0.0,0.0,0.9843226114908094,1.0,1e-06,134.79759407043457,0.9175790771597373,0.0,0.0,0.9847087436251409,0.9453962365130574,0.0,0.0,0.9898674011229703
