epoch,split,loss,acc_all,acc_no_bg,f1_macro,iou_macro,d21_acc,d21_f1,d21_iou,d21_bin_acc_all,pred_bg_frac,lr,sec
1,train,2.394023627667994,0.372973942256474,0.20809652234290862,0.2145409183071006,0.12452269864064364,0.8797828906711647,0.2712877918042949,0.16081505173444471,0.9318209561433948,0.3808857844426082,0.00019996590383506793,13.949425458908081
1,val,2.398335099220276,0.8067506651083628,0.09555817938720186,0.1190481004818885,0.06895385789515775,0.910239829275621,0.1612795693791245,0.08939257219381902,0.9820489671494467,0.937253067890803,0.00019996590383506793,13.949425458908081
2,train,2.1969177289442583,0.4680145370376694,0.2776780534874309,0.3174858749579344,0.19328531225419177,0.9123012383733544,0.3667162873671098,0.22903491234574672,0.9585458181954034,0.46821844994605005,0.0001998636387080801,9.24392294883728
2,val,0.9615346292654673,0.7215755979220072,0.6586765746275584,0.6236055107996739,0.487368847687843,0.9750984702445825,0.860778135566496,0.7579076018940443,0.980601755777919,0.6051854491233826,0.0001998636387080801,9.24392294883728
3,train,2.1544496704648424,0.5088438020719515,0.2872719095720278,0.33893521039704405,0.20963966010297563,0.917890568386815,0.3818345925229501,0.24153815144298096,0.964698471389377,0.5126513501147291,0.00019969327470644626,9.256174325942993
3,val,1.339967966079712,0.8587075173854828,0.40445684393246967,0.4659142554138869,0.32799705017290526,0.9519957974967732,0.6792482535157488,0.5153945916698965,0.9891863505044808,0.8601270119349161,0.00019969327470644626,9.256174325942993
4,train,2.104384738248545,0.5096264285641117,0.2997956862608036,0.35484797913071636,0.2215351793306679,0.923459769269834,0.40025587882147085,0.2561064158497091,0.9697106101295432,0.5088398539936626,0.0001994549285891432,9.279376029968262
4,val,1.6817873120307922,0.8375091652075449,0.2770044480760892,0.3237928666589555,0.21224135810315328,0.9275911008164456,0.29263652321548717,0.17231782909026136,0.9857081943087347,0.8703483641147614,0.0001994549285891432,9.279376029968262
5,train,2.0798045155051703,0.5395559030812938,0.29878141210004167,0.3600784796659622,0.22558346552467023,0.9256735754301749,0.4056485108783726,0.2606584712772015,0.9722681112222001,0.5444768092015406,0.00019914876370669414,9.29945421218872
5,val,1.0130151708920796,0.6893475949764252,0.6615769565105438,0.6496576548158174,0.4959620377831577,0.9576468975160024,0.759330342985808,0.6143727566029288,0.9789265102809575,0.5678242246309916,0.00019914876370669414,9.29945421218872
6,train,2.0705582978842143,0.5589663098742078,0.2995550900280892,0.3639498764936217,0.22857486754252637,0.9259680445486073,0.40759241059205753,0.2628277685022791,0.9728724873148574,0.5679296746954218,0.0001987749898892162,9.32013463973999
6,val,1.7971780101458232,0.7576899329821268,0.5168322821458181,0.4458910402177074,0.3143253956122716,0.9507936973821275,0.6828907175808893,0.5304493708950582,0.9885958353677622,0.680336594581604,0.0001987749898892162,9.32013463973999
7,train,2.06186332735982,0.5577755374508304,0.30258396241839947,0.3670604489282489,0.23193419280270094,0.9275840925139793,0.41274207662635165,0.26813669282394537,0.9743393051040015,0.5649871826171875,0.00019833386330261348,9.344840288162231
7,val,0.6869592716296514,0.7045695881048838,0.772439161936442,0.7641664972275078,0.6279689620271321,0.9819515445884965,0.8998465153874996,0.8205558707688391,0.9762282477484056,0.5622154275576273,0.00019833386330261348,9.344840288162231
8,train,2.0502543065931413,0.5700239701704546,0.3011156589939044,0.3679071632035786,0.23258757063000474,0.9264305178396943,0.4112216700871911,0.2667782816189135,0.9733605551552204,0.5799373279918324,0.00019782568627301365,9.350193500518799
8,val,1.736855109532674,0.6038914223512014,0.48286648591359455,0.43995488908806585,0.31482439396900225,0.9691856805176928,0.8361668645088707,0.7193870585778441,0.9836092631021377,0.5219020446141561,0.00019782568627301365,9.350193500518799
9,train,2.040418060509475,0.5691113238568073,0.30425841955246624,0.3707880975686125,0.23505403950641635,0.9282555407551647,0.4162985450346398,0.27089664747126835,0.9751501550206861,0.5775269728440505,0.00019725080707956878,9.38741683959961
9,val,1.2582209904988606,0.2857385476430257,0.6050243278344473,0.5733139226751097,0.4395942671994881,0.9679711318558004,0.8051693680894697,0.674610612425839,0.9880741543239254,0.17353219042221704,0.00019725080707956878,9.38741683959961
10,train,2.010975947746864,0.5984488000402918,0.3034269877455451,0.37802634229295007,0.23918016740618028,0.930011188992216,0.4220803931806209,0.27408082485821006,0.9772972160285258,0.6131675026633523,0.00019660961971576226,9.41258955001831
10,val,1.2851456205050151,0.8911135395367941,0.5608419279257456,0.6069375660993527,0.4654967552472586,0.9687058896532869,0.8110916451317213,0.6832904726024411,0.9911305745441944,0.8385947446028391,0.00019660961971576226,9.41258955001831
11,train,2.0271464452876913,0.5916561313442417,0.30435059104974455,0.37934424020178015,0.24080854510234687,0.9298212211300162,0.41913901278051036,0.2727185868716089,0.9771522041800227,0.6048148628715035,0.00019590256361938518,9.442594289779663
11,val,0.982411523660024,0.8904289305210114,0.6412041087945303,0.6607184030887665,0.5099288822000029,0.9666229197131747,0.7730242079473348,0.6324917651383265,0.991728888617545,0.7968459328015646,0.00019590256361938518,9.442594289779663
12,train,2.0205052182390975,0.6021128301020269,0.30557173071103494,0.381061849015478,0.24332789925287115,0.9300368853302525,0.4204817894831396,0.2748984427625365,0.9771745588395235,0.6168893133843696,0.00019513012337136777,9.446773052215576
12,val,0.6598177949587504,0.799533853928248,0.7845241129398346,0.7815546775935079,0.649008450027024,0.9837740594261205,0.9053732155254615,0.8281983921547563,0.985773468017502,0.6559718747933706,0.00019513012337136777,9.446773052215576
13,train,2.0032588993752753,0.5906913063742898,0.3094387916209814,0.3838500739872165,0.24461087623657948,0.9305650069065573,0.4242040786542501,0.2773179830712871,0.9776790058695441,0.6017488066133085,0.00019429282836367175,9.461732864379883
13,val,1.0044415791829426,0.8681619465351105,0.6854598025480906,0.7206637923136165,0.5752761185414897,0.9773945563318766,0.851080100223597,0.7449753487119019,0.9922560797796544,0.7643354733784994,0.00019429282836367175,9.461732864379883
14,train,2.0274920680306177,0.6209896594494373,0.3035513754491206,0.3821300321177564,0.24487811473098636,0.9304004787200507,0.42164768640494993,0.2769192254555323,0.9778401834980678,0.640879651049634,0.00019339125243647155,9.460059404373169
14,val,2.0982940991719565,0.8099784056345621,0.2659292680521806,0.382134515726862,0.24776664372919008,0.9346823654397586,0.400922344799646,0.2620839251975502,0.9832553439669381,0.8837485512097677,0.00019339125243647155,9.460059404373169
15,train,2.0001005826296505,0.5903679907738746,0.31049919240437185,0.3851810827819679,0.24567226451353877,0.9316155010572196,0.4265046957013865,0.27877590339871555,0.9790638743579889,0.6005420284671383,0.000192426013484873,9.457325220108032
15,val,0.7849221030871073,0.7559763689835867,0.7577592432498932,0.7537384964907047,0.6124486090567095,0.975650772033148,0.836439155081781,0.7194730724946132,0.9871525234645504,0.6167615354061127,0.000192426013484873,9.457325220108032
16,train,1.986508627037902,0.6284026566085282,0.30685392324324257,0.39038229345021397,0.24973633394772735,0.9326279665667265,0.43283001028342727,0.28370428176487605,0.9795618657464832,0.6486387986403245,0.00019139777303543875,9.467089653015137
16,val,1.0633190075556438,0.7945967018604279,0.632847785949707,0.6228083072031243,0.4643665637446704,0.9728698774596721,0.8178086221490517,0.6929987165657292,0.9896343655055659,0.6793607175350189,0.00019139777303543875,9.467089653015137
17,train,1.9924931026005244,0.6274875027316433,0.3075492746763296,0.38947768647355296,0.24956589687790573,0.9317971947353212,0.4296587824371999,0.28166702830557633,0.9789447917804102,0.6470342249303431,0.0001903072357928111,9.472035884857178
17,val,1.0758991142114003,0.5734653969605764,0.7151286999384562,0.6955270046807241,0.5470791184408879,0.97417292168854,0.8539961877678238,0.7460606487333639,0.9866551717121633,0.4414614389340083,0.0001903072357928111,9.472035884857178
18,train,1.9798324516603163,0.6252474484743772,0.3129626098837886,0.39636189583841225,0.25569237385701127,0.9322884576050711,0.431271185981783,0.28393957253225444,0.9792723755735702,0.6426953935956622,0.00018915514915674255,9.482554197311401
18,val,2.0538410743077598,0.7292785743872324,0.35678841670354206,0.37404317237828905,0.24550707005417807,0.9399646679290186,0.5014779732541399,0.33809587411842973,0.9824689229328669,0.733469565709432,0.00018915514915674255,9.482554197311401
19,train,1.9734065149213884,0.6207591236888111,0.3126864782371721,0.3955217600617942,0.2539829918543603,0.9325906512240435,0.43107476782362897,0.28330185457633966,0.9797872796758158,0.6368606140563539,0.00018794230270986553,9.49037504196167
19,val,0.7229216992855072,0.8391431272029877,0.7703070441881815,0.7874561442652194,0.661300057323212,0.987595278906679,0.926227388519106,0.8635195408034178,0.9858578999836478,0.7060167193412781,0.00018794230270986553,9.49037504196167
20,train,1.9777855956471049,0.6216864952674279,0.31369953227418285,0.39583376330466225,0.2548963476287382,0.9328994467145805,0.43325871218441414,0.2851068901437334,0.9795808058517881,0.6383724079265461,0.00018666952767655164,9.50917649269104
20,val,0.655112087726593,0.8396809995174408,0.7597449719905853,0.7627349370879938,0.6272305616107468,0.9813828947638946,0.8812587049788326,0.7891709763228113,0.9918089124890729,0.701343963543574,0.00018666952767655164,9.50917649269104
21,train,1.9643717158090819,0.6384202116852874,0.3118161029748983,0.3977031943749998,0.2557166980766704,0.9335882684357344,0.4365794170676288,0.2862721817551569,0.9806328620109611,0.6584997110433511,0.00018533769635323215,9.5438871383667
21,val,1.0536825756231945,0.8885227739810944,0.6137612362702688,0.6611303958139333,0.5044361235439287,0.9694094561993439,0.7866479539502632,0.6490025259238648,0.9935032314723625,0.8033115863800049,0.00018533769635323215,9.5438871383667
22,train,1.970224660593313,0.6253232622480059,0.3152878518392156,0.39961358828781335,0.25764196312647064,0.9337267341542933,0.4366723919204399,0.28776867847566867,0.9806173898122612,0.642092778132512,0.00018394772151056967,9.571134567260742
22,val,1.4054359396298726,0.2627050628264745,0.6468876103560129,0.6241721834998767,0.46466266282884644,0.9703871470236459,0.8378796042002824,0.7225251154417985,0.9703937106661579,0.14303054908911386,0.00018394772151056967,9.571134567260742
23,train,1.9622572952217154,0.6455183762770432,0.3147689177543967,0.4010911581000881,0.2603516164013667,0.9336699797177839,0.4361557945901715,0.28920678229990365,0.9803631122294924,0.666954093879753,0.00018250055576789055,9.619937658309937
23,val,0.49332040051619214,0.7826716204484304,0.8464213808377584,0.844244566344715,0.7338843450908309,0.9841372523144964,0.905513091543232,0.8286206948543887,0.9855181376138562,0.6264873941739401,0.00018250055576789055,9.619937658309937
24,train,1.9469827530267356,0.6351807600968368,0.31750799824933074,0.4033391183773725,0.2611852993204988,0.9339332634817016,0.4385807825455563,0.28984485345569316,0.9806998726370534,0.653303079671793,0.00018099719094030725,9.66447901725769
24,val,0.6873752872149149,0.8671594460805258,0.7765179971853892,0.8031210558008754,0.6756314686462536,0.9826023352576021,0.8938390942578013,0.8090219975543244,0.9895654466416336,0.736408660809199,0.00018099719094030725,9.66447901725769
25,train,1.95466814341245,0.6366508323829491,0.317824340366817,0.404027215680981,0.26176638997111185,0.9334221756449578,0.43654401097854245,0.28812374174682964,0.98042665494898,0.6546808522898,0.00017943865735897788,9.687167406082153
25,val,0.6770901481310526,0.7814470132191976,0.8114506900310516,0.8055129755756338,0.6822274988659518,0.9836316931436445,0.9054294372038906,0.8295864163382426,0.9746385362412441,0.6322945555051168,0.00017943865735897788,9.687167406082153
26,train,1.9543796402591092,0.6322926341236889,0.31713241607054965,0.4023629441184341,0.26082368053779487,0.9336413039071976,0.43765341058313567,0.28910975147505347,0.9804749922318142,0.64959871518862,0.0001778260231649686,9.711763143539429
26,val,2.2063554525375366,0.24362496534983316,0.2950982054074605,0.2999794860052651,0.18456856713782174,0.9302091393204721,0.34848315589013845,0.21726064206499826,0.9842882792154187,0.19797465205192566,0.0001778260231649686,9.711763143539429
27,train,1.9626090910051253,0.6374273233480386,0.3170929794961756,0.4034614436991178,0.26199337598834455,0.9337786446510475,0.4335119658358285,0.2869001147041888,0.9809490283885285,0.6562267917019504,0.00017616039357720308,9.755977392196655
27,val,1.005512108405431,0.7771754066149393,0.6984085043271383,0.7152476260457673,0.5760302194899971,0.9766369140792711,0.8557536694405385,0.7529362675662713,0.9904155307345155,0.6644633909066519,0.00017616039357720308,9.755977392196655
28,train,1.9577658776636724,0.6179145332816598,0.32149544530189955,0.4042378419480295,0.2623178893303283,0.9332177746797804,0.4339314841633198,0.28744359228157174,0.9800503604061206,0.630541608050153,0.00017444291013500072,9.777961730957031
28,val,2.2052322228749595,0.592802514632543,0.3431036074956258,0.35153218693798566,0.2301509251882966,0.9259878844696402,0.28682180266304047,0.17217887177549854,0.982717471652485,0.603870819012324,0.00017444291013500072,9.777961730957031
29,train,1.9326769655401057,0.6318681090028135,0.3209227344372889,0.40774279501439303,0.264342068374325,0.9345195248456467,0.43880603112499766,0.28955742816555863,0.9815861628605018,0.6475277880688647,0.0001726747499157226,9.809585809707642
29,val,0.4946824610233307,0.7887394428253174,0.854057768980662,0.8508576623519336,0.7441919440632959,0.98425927323551,0.9096897000446221,0.8358471884512294,0.9812202453612523,0.6316633522510529,0.0001726747499157226,9.809585809707642
30,train,1.9437151296989068,0.643055202244045,0.3209921625944284,0.410685860001335,0.26670480530470264,0.9345482743513611,0.4427969866289788,0.2929444624753229,0.9811774300527824,0.6619626025219897,0.0001708571247280615,9.82058334350586
30,val,1.8789925575256348,0.4117151101430257,0.4687722722689311,0.4311558407454363,0.28857454733081117,0.9397815410403058,0.5510155784983928,0.3816358048235815,0.9822339375813044,0.33018239339192706,0.0001708571247280615,9.82058334350586
31,train,1.9328208920005319,0.6456215598366477,0.32155911964396916,0.41096870743357455,0.2671947742138472,0.934070458790071,0.4398006779489585,0.29027478384882316,0.9810841700413094,0.6643559382512019,0.00016899128028152852,9.859618186950684
31,val,0.5321460415919622,0.810518741607666,0.8081009487311045,0.8019108558883405,0.6801363062486092,0.9877665302913003,0.9269002033186027,0.8649537289332502,0.9867295159233179,0.6622525552908579,0.00016899128028152852,9.859618186950684
32,train,1.9386553610121453,0.6456798740200229,0.32050190485649177,0.40971782412801255,0.2668817703772109,0.9350237451565018,0.4409856599093769,0.29249418398058813,0.9818892578977889,0.665404419798951,0.00016707849533270639,9.879661560058594
32,val,1.8145411610603333,0.3501402984062831,0.5626319746176401,0.55209272494738,0.3977773088789933,0.9577645763539196,0.6954563102721337,0.5450583371321276,0.9811000400118601,0.2467798888683319,0.00016707849533270639,9.879661560058594
33,train,1.9310449770280531,0.6506247353720498,0.32034004643767866,0.4106661880093244,0.26701441836469847,0.9344405694095481,0.44162839121519853,0.29213067949496213,0.9812533505312298,0.6714145153552502,0.00016512008080885328,9.89509105682373
33,val,1.1991764108339946,0.8604911863803864,0.6495710810025533,0.6915299409073844,0.5356368825505277,0.9609617611559563,0.7169082683408828,0.5636838668337746,0.9915611267089078,0.7732582986354828,0.00016512008080885328,9.89509105682373
34,train,1.9420938508493917,0.6455802650718422,0.32310225283140903,0.41180443189915644,0.26987091005866487,0.934593326705163,0.43830057850646914,0.2916188867180529,0.981413887930842,0.6646073881562773,0.00016311737890945883,9.916616201400757
34,val,0.48585950831572217,0.8350569009780884,0.829175591468811,0.8321323985281867,0.7182901237541435,0.9844549092370068,0.9056982561538599,0.8288171095789686,0.9858138190374673,0.6835494240125021,0.00016311737890945883,9.916616201400757
35,train,1.9279720316400062,0.646191096806026,0.3215725661835054,0.41080256415043154,0.26754860902371386,0.9346431442744803,0.43896278832064517,0.2913277387870541,0.9816783024713794,0.6654627873347356,0.0001610717621863677,9.925838947296143
35,val,1.8466144998868306,0.8364323178927103,0.5394142766793569,0.5619855269333328,0.4095290655691497,0.9627063793955372,0.7678646436314088,0.6274230104453221,0.9902450561522672,0.7763603230317434,0.0001610717621863677,9.925838947296143
36,train,1.92965599373504,0.6334195970655321,0.3243677830779469,0.4126504044918718,0.26855979717739376,0.9347475561440478,0.4425094799532867,0.2930139614911045,0.9815685565654301,0.6489074813736069,0.00015898463260310107,9.947237491607666
36,val,0.5103667924801508,0.8497807880242666,0.8268700142701467,0.8269760626043836,0.7128455379587683,0.9878224415995009,0.9267871729857561,0.8649858886159271,0.9891764322915902,0.6983217100302378,0.00015898463260310107,9.947237491607666
37,train,1.9293748932284909,0.6503931325632375,0.3231952475917923,0.41336121329949316,0.27013341973928295,0.9348568604851802,0.4404620435482831,0.2924134418025429,0.9817436058203739,0.6702490853262948,0.00015685742057402086,9.961351156234741
37,val,0.5461129893859228,0.8832827309767405,0.8193367123603821,0.8263132728182513,0.7104439036127418,0.9864484704682045,0.9188948536971968,0.8510077625502682,0.9896032545300885,0.7381535867849985,0.00015685742057402086,9.961351156234741
38,train,1.9114749748390039,0.6463142875191215,0.32598164068026975,0.4161700804501028,0.27172101475808014,0.9353158489936192,0.4449028624858242,0.2954423847983025,0.9821252889565737,0.6640953117317253,0.0001546915839839952,9.978713274002075
38,val,0.7823292116324106,0.8547936379909515,0.7502957383791605,0.7632461264837421,0.6258223534128351,0.9769917163113627,0.8578995091638845,0.7522452838663232,0.9907770792642464,0.7246585488319397,0.0001546915839839952,9.978713274002075
39,train,1.920950640331615,0.6554164219569493,0.32250277909052955,0.41276014788742377,0.2704863691463214,0.9352392756499281,0.44038252116390514,0.29328925964056685,0.9822064379711334,0.6764985197907561,0.00015248860718923693,9.993188858032227
39,val,0.9231504450241724,0.9123820066452026,0.7155113716920217,0.7546647563610556,0.6121180743954947,0.9758582881976237,0.846773873988914,0.7349618134130993,0.9939856635198886,0.8051473100980123,0.00015248860718923693,9.993188858032227
40,train,1.9083792604766525,0.6403718428178267,0.3276777538386258,0.41918062450144733,0.27338945247342533,0.9353261725136052,0.4451147361921768,0.2947467118419747,0.9819492260058525,0.6566906375484867,0.00015025000000000002,10.005734205245972
40,val,1.0496109028657277,0.8147884905338287,0.677399218082428,0.7034438497254927,0.5512333311161632,0.9717158058156742,0.8016511102557855,0.6747676595047823,0.9924122280543939,0.7110472023487091,0.00015025000000000002,10.005734205245972
41,train,1.916362330630109,0.6573454850203507,0.3222506750192676,0.4159404582746389,0.2707451699161368,0.9351533309052767,0.4456558346918174,0.2947190811806609,0.9819955892495424,0.6787210211053595,0.00014797729664583106,10.02852749824524
41,val,0.46400447686513263,0.8628038267294565,0.8646026651064554,0.8687588088182587,0.7713360621557549,0.9880678112244493,0.9321449937583058,0.8731643721994313,0.986230044894672,0.7056423624356588,0.00014797729664583106,10.02852749824524
42,train,1.905675863886213,0.6607102614182693,0.325060461380786,0.4202825915274853,0.27443375210704984,0.9356050208592909,0.4481393844266116,0.29720409060700037,0.9822588833894845,0.6819306486970061,0.00014567205472408492,10.048123836517334
42,val,0.5513213574886322,0.8231188555558523,0.856289823849996,0.8588215660586149,0.7562728875950083,0.9851937808321051,0.9153937465262517,0.844691735357929,0.9843922085231446,0.6660690406958262,0.00014567205472408492,10.048123836517334
43,train,1.9050113137785372,0.6573038701410894,0.32484862223996985,0.4169910964087885,0.2739670298576405,0.9353684749391016,0.44223646725716936,0.29463171881562833,0.9822133737843436,0.67814385474145,0.0001433358541324254,10.047203779220581
43,val,0.7814667721589407,0.9003196756045023,0.7991922994454702,0.8169011169082432,0.6953969855858378,0.9780294462181397,0.8610127687916144,0.7585749786891954,0.9920585632323453,0.7637316485246023,0.0001433358541324254,10.047203779220581
44,train,1.9095728564095664,0.665885978645378,0.32543222158105223,0.4203036284413844,0.27544167734577124,0.9354210754724716,0.44395193986431697,0.2951408633005553,0.9823649479791917,0.6886584408633358,0.00014097029598604215,10.052634477615356
44,val,0.4671851694583893,0.8566568195819855,0.855702817440033,0.8580774061225149,0.7557413475140681,0.9842701703732386,0.9042539071410715,0.8260448111696571,0.9913589477538297,0.7002101540565491,0.00014097029598604215,10.052634477615356
45,train,1.9043585437161106,0.6611056027712522,0.3267173329172851,0.4219130374470959,0.2758056126480232,0.9355062195400753,0.44717414460982663,0.29649762133018065,0.9821395340498598,0.682259939767264,0.00013857700152032645,10.055238008499146
45,val,0.5564478784799576,0.8689668476581573,0.8234408895174662,0.8298480888871883,0.7152398666312566,0.9855365258634947,0.9128264747483837,0.8397836325308997,0.9915715535481006,0.7197843790054321,0.00013857700152032645,10.055238008499146
46,train,1.8929401602778402,0.6638284963327687,0.327788895660347,0.42451265633659946,0.27773187153768064,0.935926672337958,0.4500169947796861,0.2983523061808992,0.982560484559311,0.685250662423514,0.0001361576109797574,10.055195331573486
46,val,0.7160134613513947,0.8225950499375662,0.7887922922770182,0.7850006785777742,0.6536446933770566,0.980264286571111,0.8931170103963847,0.8102684279930309,0.9762663099500113,0.6789356668790182,0.0001361576109797574,10.055195331573486
47,train,1.8830239989540793,0.6589301049292504,0.3293118494582343,0.42403162043657455,0.2777197714004173,0.9357403565873992,0.4487628361299288,0.29760899514664096,0.9824620493641348,0.678594896009752,0.0001337137824937602,10.055643796920776
47,val,0.7966866195201874,0.8704981605211893,0.7813182175159454,0.7907063200666508,0.6605660977632478,0.9848778476979486,0.9147539372413148,0.8435274133136906,0.9901590135361649,0.7324918210506439,0.0001337137824937602,10.055643796920776
48,train,1.8963252985394083,0.6538946511862161,0.32992498670424614,0.42420141173847253,0.2773619329057068,0.935853572830158,0.4504558718416206,0.2988203211149992,0.982523938158934,0.6719328873641007,0.00013124719094030727,10.059555053710938
48,val,0.9042144318421682,0.8129181861877441,0.7715509434541067,0.7906289273266204,0.6613491511173882,0.9813365993993758,0.8906745237924735,0.8043430691595908,0.9856543646917642,0.6804418861865997,0.00013124719094030727,10.059555053710938
49,train,1.8840787419072398,0.6588294289328835,0.33028540438549087,0.4255893624092911,0.2785908313319394,0.9355831891172567,0.45050580516293476,0.2987692647534726,0.9820101544572839,0.6784807752062391,0.00012875952679804032,10.05489468574524
49,val,0.4251301810145378,0.871167927980423,0.8532436390717825,0.8614592391908816,0.760326923022221,0.9883528093459857,0.9299133342105202,0.8696023095447796,0.9880917019313472,0.7182869911193848,0.00012875952679804032,10.05489468574524
50,train,1.8828110436459522,0.6619385939378005,0.3293465176349753,0.4252571083704384,0.2787487463746225,0.9362468008491269,0.45019033504170136,0.29858203205682704,0.9829068484005477,0.6823170801976344,0.00012625249498770082,10.057406902313232
50,val,0.6523583034674326,0.8171890377998352,0.7959790627161661,0.7875835573400783,0.6558836367272177,0.9763470707147944,0.8643642237060898,0.7617792225948096,0.9873051961262259,0.6710123717784882,0.00012625249498770082,10.057406902313232
51,train,1.8827485988190125,0.6702662114496831,0.328257748870166,0.4242689957588956,0.2793364660684535,0.9363874062676267,0.4490405296194652,0.29958006683767296,0.9830860591434181,0.6928444708977546,0.0001237278137036626,10.06132698059082
51,val,0.3907167837023735,0.8739045957724253,0.8739004731178284,0.8764538240037631,0.7836138909464002,0.9890595252999542,0.9356145786397901,0.8793890975410692,0.9911785549586908,0.7149272561073303,0.0001237278137036626,10.06132698059082
52,train,1.8848306707568936,0.6626031515481589,0.3311621801002876,0.42641216042517643,0.28017730390781537,0.9363028419871622,0.4512564218306509,0.30030441726677237,0.98283018098837,0.6825560456389314,0.00012118721323636703,10.059803247451782
52,val,0.39590559403101605,0.8892369667689005,0.8617587983608246,0.867866466672961,0.7700703959867052,0.9875965414651762,0.9256272714190024,0.8622538447721312,0.9926318698458436,0.7334861854712168,0.00012118721323636703,10.059803247451782
53,train,1.8738735714158812,0.6578849845832878,0.3313359223254077,0.4271406855542778,0.28046369866945087,0.9361515623081998,0.45098576856459627,0.29997544157031913,0.98274599088648,0.6767491694096919,0.00011863243478646867,10.068458318710327
53,val,0.4671427756547928,0.8483446836471558,0.8474813997745514,0.8453557620532516,0.7360101477639946,0.9854388755826945,0.9080436365780066,0.8319121415413071,0.9926624721950188,0.6926310261090597,0.00011863243478646867,10.068458318710327
54,train,1.8824356144124812,0.6690887237762237,0.3292762112471607,0.4274246821633581,0.2799690936292238,0.9360345375715629,0.4517548556995344,0.29978001987234787,0.9825191897945053,0.6908892651537916,0.00011606522927150297,10.057046890258789
54,val,0.4149266630411148,0.8525925576686859,0.8649390041828156,0.8651514830721864,0.7659404367643918,0.9896693317362256,0.9375968411243102,0.8831533917354513,0.9909077114528314,0.6935631732145945,0.00011606522927150297,10.057046890258789
55,train,1.8711373597591907,0.6676310826014805,0.33015135858025585,0.4292639901885525,0.2811644860453405,0.9367771864492491,0.45316156874264785,0.30086834450617517,0.9834383451020884,0.6890000563401443,0.00011348735612589512,10.060495853424072
55,val,0.5761479437351227,0.8724066118399302,0.8509643574555715,0.8580035665037934,0.7547000497953605,0.9836000033912587,0.9024667353418763,0.8230331769302595,0.991026475694368,0.71901203195254,0.00011348735612589512,10.060495853424072
56,train,1.867525923502195,0.6560243726610304,0.3326373221157314,0.42996786007555327,0.28053300106262696,0.9367945128190694,0.455661651203117,0.30133745324700056,0.9832940268349063,0.6735367141403519,0.00011090058209513152,10.0504629611969
56,val,0.46032513678073883,0.8564548989137014,0.8432268500328064,0.8418062228743372,0.7316593485957749,0.9860495951609045,0.9155826031670572,0.84476388479853,0.9914438035752274,0.7019666930039724,0.00011090058209513152,10.0504629611969
57,train,1.8726110983561803,0.6749109121469351,0.3300567125002821,0.42963759901915705,0.28278727997144715,0.9363963609099286,0.45133315874257585,0.3008138552048906,0.982917945701684,0.6980253099561571,0.00010830668002492057,10.061178922653198
57,val,0.6551511337359747,0.8963053425153097,0.8070103923479716,0.825395785917241,0.7068246232951054,0.9829014684436399,0.8933894048035569,0.8082571458532826,0.9943394978840377,0.7569373349348704,0.00010830668002492057,10.061178922653198
58,train,1.863670294935053,0.66538595986533,0.3336512186414712,0.43206878494875317,0.2837969412570021,0.9371235820936159,0.45396198724507936,0.30191136299572746,0.9836695210916261,0.6850947133311025,0.00010570742764617289,10.054967164993286
58,val,0.7326438377300898,0.8619585732618967,0.7956894040107727,0.8283837491685989,0.7130890132353431,0.9843602033730701,0.9034741295784539,0.8263263569023129,0.9906132168239252,0.7312845091025034,0.00010570742764617289,10.054967164993286
59,train,1.8687453670101566,0.6640881625088778,0.33411478681059986,0.4320025483768014,0.2849531882153927,0.936601920471998,0.4525352919837989,0.3020035284543767,0.9832253622841253,0.6835048115336811,0.00010310460635663335,10.03775405883789
59,val,0.5599136650562286,0.8836982846260071,0.8368244568506876,0.8501116535750808,0.7436805650765944,0.9815112377951681,0.8903850321817091,0.8035598936531434,0.9896302964951492,0.7363712787628174,0.00010310460635663335,10.03775405883789
60,train,1.8632122603329746,0.6738152670693565,0.3327822431765653,0.4320014774614741,0.2846972377246235,0.936828689961235,0.4522836315689533,0.3014580606198713,0.9834105484968381,0.6955147056312828,0.0001005,10.056928157806396
60,val,0.449902040263017,0.8793347775936127,0.8648394147555033,0.8672401216193588,0.7691690143339017,0.9857855527150856,0.9146325335476453,0.8432111527260656,0.9906964619953662,0.7215285499890646,0.0001005,10.056928157806396
61,train,1.8531270827446784,0.6655540199546547,0.333653221180389,0.43177682907584125,0.2841579520510045,0.9366558400895263,0.451904361729013,0.30050490048260337,0.9830391623756353,0.6855321497350306,9.789539364336662e-05,10.05925726890564
61,val,0.5656725962956747,0.8837059140205383,0.8277522424856821,0.8443417228978092,0.7359386069565601,0.9858055626366523,0.9127011204934147,0.8408932895955527,0.9925966898599495,0.7385621070861816,9.789539364336662e-05,10.05925726890564
62,train,1.8570832922742084,0.6664190225667886,0.33450974836632924,0.43401223651676113,0.28545098453821593,0.9369990158236562,0.45453545914679166,0.30263181529410715,0.9835232287852996,0.6860184569458861,9.52925723538271e-05,10.054469108581543
62,val,2.381894508997599,0.7641150653362274,0.14974891021847725,0.20216077421219278,0.12030946356726722,0.9315250607142317,0.37118170885977064,0.23408411574130958,0.9842565748425889,0.8764194150765737,9.52925723538271e-05,10.054469108581543
63,train,1.8482852040470896,0.6730946894292231,0.3337369232431992,0.4341715615369119,0.2862447988022569,0.9368657316350062,0.4528810508242279,0.30131192208165586,0.9833879270752909,0.6945564963600852,9.269331997507943e-05,10.054113388061523
63,val,0.8835528890291849,0.8853872617085775,0.7408695220947266,0.77015193513894,0.6369631915687423,0.9812481504212749,0.8884187561501089,0.800999008922488,0.9893315633137257,0.7677421669165293,9.269331997507943e-05,10.054113388061523
64,train,1.855236542808426,0.6803006258877841,0.33134876921043527,0.4325621818267451,0.2844611745552611,0.937502060922011,0.45462226401779426,0.30226796745499934,0.9841570020554865,0.7042283811769285,9.009941790486849e-05,10.050180673599243
64,val,0.9312616288661957,0.9041578571001688,0.6796160638332367,0.7516354634125482,0.6116663765798748,0.9723337746227454,0.8086874710378672,0.6834810655261242,0.9931382073295674,0.8222813109556834,9.009941790486849e-05,10.050180673599243
65,train,1.850740902907365,0.6797572849513768,0.33489224524400035,0.4367441131750549,0.2885363594383688,0.9371206823760082,0.45583991941821655,0.3039076667433394,0.9835780217096607,0.7023312228542942,8.751264387410488e-05,10.047147274017334
65,val,0.561022475361824,0.8939186135927836,0.8280209501584371,0.8324357004773076,0.718856113621225,0.9861865198628474,0.9140464645146179,0.8417633660962952,0.9928850809732306,0.7464452187220255,8.751264387410488e-05,10.047147274017334
66,train,1.8521214473497618,0.6719515073549497,0.3352589282383035,0.43589849196267777,0.287732505049623,0.9371171440324433,0.4532836099392297,0.3027799544227794,0.9837639548561038,0.6925076037853748,8.493477072849703e-05,10.059290647506714
66,val,2.084351062774658,0.6113215982913971,0.3067162061731021,0.3365321899619376,0.21075188012890556,0.9302100571212985,0.3541992723385965,0.22456467802346616,0.9825775146483617,0.6135089496771494,8.493477072849703e-05,10.059290647506714
67,train,1.8494186559757153,0.6729397540325885,0.3355124534687379,0.43517177261958495,0.28752382813695265,0.937074387174388,0.4552827446879044,0.30368521390604236,0.9836262522876762,0.6938008661870356,8.236756521353134e-05,10.0677809715271
67,val,0.5509824653466543,0.8679132362206777,0.847016324599584,0.8515256645332144,0.7466159959623692,0.9886570999204228,0.9339851162801563,0.8767245729269112,0.9904997931585607,0.7130979001522064,8.236756521353134e-05,10.0677809715271
68,train,1.843780557592432,0.676804709267783,0.3351702213912577,0.43694465490909473,0.28850524849713194,0.937627529321993,0.45633345763066124,0.3044425153516943,0.9841573755223517,0.6988951676375382,7.981278676363294e-05,10.066713333129883
68,val,2.513988216718038,0.7547652423381805,0.10266910927991073,0.11382335036157293,0.06549029658512721,0.9141236222734234,0.2780884622918203,0.16478880995598402,0.9748825073241435,0.8757125933965048,7.981278676363294e-05,10.066713333129883
69,train,1.8570300832494988,0.6731136828869373,0.33674521324830453,0.4370232309227193,0.289470825219657,0.9371230030883884,0.4553703837549436,0.30449579062175886,0.9835771680711115,0.6936269373326869,7.727218629633741e-05,10.065282821655273
69,val,0.767691413561503,0.8592541217803955,0.7631700138250986,0.8038133151323321,0.6805173167043281,0.9793649815280334,0.8689091317570464,0.7725596749076994,0.9906261020235779,0.739184151093165,7.727218629633741e-05,10.065282821655273
70,train,1.8407207452333891,0.6749804836886746,0.3371694308373478,0.43845679519035724,0.2902726564596763,0.9378301776332625,0.4576228575405662,0.3064092282053452,0.9843363728555848,0.6958855048759834,7.474750501229919e-05,10.065443992614746
70,val,0.7805845141410828,0.8625478148460388,0.8022251824537913,0.8288040794347685,0.7120366606093115,0.981873168125047,0.887703791450738,0.7987967675401918,0.9913413153753575,0.7284420530001322,7.474750501229919e-05,10.065443992614746
71,train,1.8395305121695245,0.6784120573030485,0.3357080074509124,0.43741777334996385,0.28935060225519904,0.9376094435209403,0.4554089391418484,0.30428106766601903,0.9841840517270064,0.7004399866490931,7.224047320195969e-05,10.06013822555542
71,val,0.4951292996605237,0.8782684405644735,0.8419524431228638,0.8602099789626195,0.7590764311731011,0.9867573919767595,0.9202371102587928,0.8528825747590307,0.9928364223903313,0.731259157260259,7.224047320195969e-05,10.06013822555542
72,train,1.848575725422039,0.6721078299142264,0.33519712986646,0.4339337414361788,0.2875788579360812,0.9370551001622862,0.45402238664088873,0.3041925010744719,0.9835083968155118,0.692369207635626,6.975280905969273e-05,10.025831699371338
72,val,0.47907163202762604,0.8714135984579722,0.8605825901031494,0.861032120554318,0.7614756302088196,0.9887345725597085,0.9313751499488431,0.8722089478561661,0.9908403184678054,0.714197039604187,6.975280905969273e-05,10.025831699371338
73,train,1.832008546882576,0.6761779251632157,0.33751667697321286,0.4400548531717275,0.29021994644970306,0.9382253058918746,0.45844643352517994,0.3054585053389286,0.9847942965846875,0.6970256458629261,6.728621750623979e-05,10.059769630432129
73,val,0.8712776402632395,0.8603496253490448,0.7205633521080017,0.7685737460775431,0.6305379345811951,0.9766246891586213,0.8501827124285505,0.742844479600335,0.9910229153102534,0.7537953754266103,6.728621750623979e-05,10.059769630432129
74,train,1.8305474286312824,0.6799194762756774,0.3382072692046632,0.4423860018562305,0.2921583065442863,0.9377347352089962,0.4603418083238962,0.306924003795825,0.9839966247131023,0.7012933584359976,6.484238902024261e-05,10.028797626495361
74,val,0.5993246758977572,0.8535253008206686,0.8148945073286692,0.8309895138743424,0.7182999790414991,0.9859363795371577,0.9129215762295484,0.8410487828543154,0.9918630811902447,0.710084875424703,6.484238902024261e-05,10.028797626495361
75,train,1.8280468170459454,0.6817948134629043,0.33690419423205037,0.4388522483485153,0.29126962887369906,0.9379899115313745,0.45759198421980507,0.30656594540194104,0.9844783436167572,0.7042328627793105,6.242299847967355e-05,10.034471988677979
75,val,0.6870003044605255,0.8292760252952576,0.8147688706715902,0.8204828702168893,0.7008454545093055,0.9863425553210806,0.9206978489933161,0.8541896088905205,0.9856078253851237,0.6837277809778849,6.242299847967355e-05,10.034471988677979
76,train,1.825396791204706,0.6792131970812391,0.33785968586489873,0.44099478661234826,0.29144646444680666,0.9383831616926439,0.4600558904659401,0.3072166864368571,0.9848922516081797,0.7010520988411003,6.002970401395788e-05,10.033732414245605
76,val,0.49331781764825183,0.8953124185403188,0.8529202938079834,0.8673467265266,0.7700330234517364,0.9863017481259694,0.915521070256511,0.8450176829371753,0.993638610839767,0.745496799548467,6.002970401395788e-05,10.033732414245605
77,train,1.8299206753710766,0.6717661610850088,0.33965546736767244,0.4405453264542668,0.2924197919984599,0.9381499003325294,0.46003885421336466,0.3085512684483551,0.9843635292319234,0.6907389180643575,5.766414586757464e-05,10.065026760101318
77,val,0.5675081213315328,0.882557342449824,0.8099649747212728,0.8442794365654342,0.736131587570053,0.9814812531955863,0.8829925453100235,0.7932234240180812,0.9925038655598192,0.7494304279486338,5.766414586757464e-05,10.065026760101318
78,train,1.8215887746610842,0.6683115925822225,0.341950276514867,0.44276298907065814,0.2936842325918258,0.9379729082863485,0.4598813289571056,0.3075654844744417,0.9843144450153588,0.6861236678970444,5.532794527591508e-05,10.039264440536499
78,val,0.4665040324131648,0.8943618834018707,0.8542703787485758,0.8690430767211333,0.7729358509963108,0.9874330191748224,0.9251516718698184,0.8617015362800435,0.9915332370333436,0.7439679503440857,5.532794527591508e-05,10.039264440536499
79,train,1.8131394586363039,0.6777929559454218,0.3409427933759623,0.44349172253805347,0.29514914399643727,0.9381054664704714,0.4598998266696357,0.3086138476104617,0.9843430419067485,0.6979959127786276,5.302270335416894e-05,10.031117916107178
79,val,0.6310374885797501,0.8736631671587626,0.7989477813243866,0.8282952473149643,0.7146659746298645,0.9845970425751106,0.905230079358044,0.8294087878064517,0.9908252292208436,0.7412136594454447,5.302270335416894e-05,10.031117916107178
80,train,1.8185865445570513,0.6865018297742297,0.3397439370726372,0.443326968694066,0.2953744209115804,0.938489812369398,0.4607259293974548,0.30960789823349527,0.9847199766785195,0.7089568451567964,5.075000000000001e-05,10.042012453079224
80,val,0.45088155070940655,0.8694231708844503,0.8613495031992594,0.8686537396883418,0.7719018507940046,0.985264782276733,0.9097261639803583,0.8350249946192498,0.9917751736110346,0.7141795754432678,5.075000000000001e-05,10.042012453079224
81,train,1.8169300289420816,0.68131613564658,0.34018963742089436,0.44349468910694195,0.2938251079096665,0.9381651243386663,0.4616654970779909,0.3081271953501319,0.9843945269817321,0.7023843618539664,4.851139281076308e-05,10.101158857345581
81,val,0.5658741369843483,0.8500784238179525,0.8236011862754822,0.8457079923846629,0.7383670194706243,0.9839238659518429,0.8990249233193296,0.8196673639795531,0.9907029045951926,0.7085236509641012,4.851139281076308e-05,10.101158857345581
82,train,1.810747791003514,0.6777152214850579,0.34177603301676834,0.44465526753726087,0.2952925178623039,0.9382009036168378,0.46133477247123,0.30904315981209624,0.9844377424332728,0.6974782343510981,4.6308416016004826e-05,10.042450904846191
82,val,0.7295463383197784,0.9059102435906728,0.7319746414820353,0.7960446912169243,0.6675148303575459,0.9794415736375925,0.8665930016420854,0.7668537947617451,0.9932830810546108,0.803571750720342,4.6308416016004826e-05,10.042450904846191
83,train,1.810461015968056,0.679691981602382,0.3417216620661996,0.445946574255772,0.2955263742871587,0.9383420851083991,0.46387747470187257,0.30956885416621066,0.9845083810231985,0.7001835749699519,4.41425794259791e-05,10.08048129081726
83,val,0.5472730696201324,0.8812114397684733,0.8415943880875906,0.8620772974893431,0.7622990665024808,0.9862798560138758,0.9184505776301021,0.8514366063604576,0.990805053710861,0.7360746661822001,4.41425794259791e-05,10.08048129081726
84,train,1.8085757577335917,0.6725524688934112,0.3424222908028356,0.4450853590405634,0.29575241920357737,0.9378614613131107,0.4603823427473013,0.3078457699750376,0.9841095717636104,0.6910503360774968,4.2015367396898925e-05,10.139931440353394
84,val,0.43886109441518784,0.8660905659198761,0.8599804441134135,0.8732842680837196,0.7792110752106027,0.9876741398944229,0.9270768390346958,0.8650255475525457,0.9897744072807395,0.7144889036814371,4.2015367396898925e-05,10.139931440353394
85,train,1.809546804094648,0.6838419987605169,0.33997141793891267,0.44534088071621647,0.2948366118713752,0.9383984388154291,0.462956916918514,0.3094415697066412,0.9846921800732693,0.7054315313592657,3.9928237813632286e-05,10.38058066368103
85,val,0.5060942023992538,0.8711747129758199,0.8596977690855662,0.8685188805014771,0.7719181109544005,0.988110221076841,0.9286768026454237,0.8675978524777554,0.9904708862303923,0.7166137794653574,3.9928237813632286e-05,10.38058066368103
86,train,1.8061329751581578,0.6815202619645979,0.34258189443108084,0.44734773255223614,0.29721297224439974,0.9385520824073657,0.46367321875194056,0.310643749569107,0.984721630603208,0.7018310973694274,3.788262109054118e-05,10.15168285369873
86,val,0.698423278828462,0.8677966694037119,0.7710322837034861,0.818933893159154,0.699566415223383,0.9810484565288154,0.8798042701602702,0.7881290404454345,0.9912890964083436,0.7489246825377146,3.788262109054118e-05,10.15168285369873
87,train,1.8173234566941963,0.6808225191556491,0.34179406571429927,0.4447540169957847,0.29654401463965047,0.9383897398580832,0.4612787190336376,0.31013210885762627,0.98472227083212,0.7012391523881392,3.587991919114673e-05,10.121458530426025
87,val,0.5844984923799833,0.8809189796447754,0.8077651262283325,0.8420186730986806,0.7330779448268422,0.9844896831728795,0.9029723066206673,0.8255166171943403,0.9923290676540034,0.7484199603398641,3.587991919114673e-05,10.121458530426025
88,train,1.8011111104405009,0.6799921422571569,0.3429707588849368,0.4481413328773489,0.29760050346226863,0.9384403791627381,0.46226597212080517,0.30869643189164064,0.9846240490465813,0.7001534842111014,3.392150466729363e-05,10.188752174377441
88,val,0.531930185854435,0.875564326842626,0.8424107134342194,0.8576845126204243,0.7563551005961839,0.9868666661817298,0.9199508373451336,0.8532786720497983,0.9915029737683696,0.7272184689839681,3.392150466729363e-05,10.188752174377441
89,train,1.80393281349769,0.6857559097396744,0.34289891246732296,0.44778180409605733,0.298658377788893,0.9387203977806682,0.4643820981596426,0.31209292893557933,0.9847775439281644,0.7074730613014915,3.2008719718471455e-05,10.091679334640503
89,val,0.6501663898428282,0.8767845233281454,0.7945302824179331,0.8344896029865075,0.7226166884704114,0.981166731704325,0.8815745516639534,0.7909681226708177,0.9910842047796544,0.7501278420289358,3.2008719718471455e-05,10.091679334640503
90,train,1.802418566250301,0.6847431209537532,0.3428414865181996,0.4486962797135811,0.2982772788510817,0.9387954033924443,0.4637442393906767,0.310145300354834,0.9849319458007061,0.7060036825967002,3.0142875271938522e-05,10.296560764312744
90,val,0.6052111511429151,0.8816737830638885,0.8194482127825419,0.8485480233606945,0.7421697302881641,0.9850696168228678,0.9090232299591398,0.8362224124637864,0.9911311679415468,0.7444526751836141,3.0142875271938522e-05,10.296560764312744
91,train,1.803947653803792,0.6839762334223394,0.3421900739202966,0.44732086032650875,0.29728638329822665,0.9383976809480191,0.4626535094850676,0.30939010501604436,0.9846873783564316,0.7050144755756939,2.8325250084277377e-05,10.268611669540405
91,val,0.4684768045941989,0.8966647783915201,0.8484443724155426,0.8697013304275262,0.7742817321880571,0.9871180737248038,0.9204166620169557,0.8543535961976133,0.9929981655543938,0.7502680520216624,2.8325250084277377e-05,10.268611669540405
92,train,1.8043363807084678,0.6837183812281469,0.3427189822745073,0.4470298111353726,0.29767051931930577,0.9381630086824934,0.46224584675719443,0.3098288562591023,0.984236230383311,0.704557245427912,2.6557089864999292e-05,10.19337511062622
92,val,0.46912380556265515,0.9167051613330841,0.8467901746431986,0.8691960794860732,0.7727090537901621,0.987332191532786,0.9223337589401409,0.8567092713407716,0.9937160915797844,0.7714119056860606,2.6557089864999292e-05,10.19337511062622
93,train,1.8048927408831936,0.677069710684823,0.34441686921811604,0.44684900573820097,0.29810967105515684,0.9384447985247222,0.4610751854935311,0.3102246594913637,0.9845549043241163,0.6960158448119264,2.483960642279692e-05,10.177340984344482
93,val,0.6646607021490732,0.8854628702004751,0.7691756784915924,0.823079615129894,0.7053324016360197,0.9802739863747668,0.8761891021860334,0.7827545914308481,0.9912909613714512,0.770191878080368,2.483960642279692e-05,10.177340984344482
94,train,1.8180738579143176,0.6840564220935315,0.344032295478078,0.44662607519118774,0.2991358461609331,0.9386058112385672,0.462641319472228,0.3120715467338953,0.9846395745976904,0.7047711352368334,2.3173976835031395e-05,10.264393329620361
94,val,0.5425283635656039,0.8741705218950907,0.8323019643624624,0.8614410045140534,0.761678351700625,0.9864500917610345,0.9176601493742965,0.8496602739210936,0.9909020317924582,0.7346919675668081,2.3173976835031395e-05,10.264393329620361
95,train,1.7968180346322227,0.6796803507771525,0.3449380995406138,0.4484909621756436,0.2990477828069276,0.9386229739934725,0.4642330269230885,0.31277773075775056,0.98449434933955,0.6989024235652044,2.156134264102209e-05,10.305989265441895
95,val,0.6620326961080233,0.8872015277544657,0.7885242104530334,0.8319447867248465,0.7183370320472169,0.9819836955707392,0.8875588805375186,0.8006851196278121,0.9923495822481874,0.7630931536356608,2.156134264102209e-05,10.305989265441895
96,train,1.8028494465601195,0.6774838320858829,0.3449779197417356,0.445499414609677,0.2986410543368165,0.9382958372124055,0.4592408415013418,0.30991948241588047,0.9843779343824369,0.6965483552092439,2.0002809059692742e-05,10.246326684951782
96,val,0.46405237664779025,0.892475555340449,0.8523837526639303,0.8725877059741415,0.7785725390814685,0.9887705298529919,0.9322223264087626,0.8740579525017442,0.9920928107366856,0.7447715004285177,2.0002809059692742e-05,10.246326684951782
97,train,1.7951967982979087,0.6773279363458807,0.3461010552473835,0.447495219088277,0.30015886134625497,0.9383516182228083,0.4609834893439758,0.31140669348319755,0.9842820601029079,0.6955535461852601,1.8499444232109462e-05,10.244007349014282
97,val,0.590851033727328,0.8737687965234121,0.8237379391988119,0.8513076753683668,0.746910243898946,0.9857108521138281,0.9130276353264679,0.841825174802277,0.9911292182073889,0.7349109252293905,1.8499444232109462e-05,10.244007349014282
98,train,1.8022329748927297,0.674862788273738,0.3461329734825588,0.4481092427969728,0.2996579326353205,0.9384722938449058,0.46252274678714816,0.3114317753377403,0.9845214523634793,0.6927333911815723,1.705227848943032e-05,10.283670902252197
98,val,0.6448332617680231,0.8862340350945791,0.7907333473364512,0.8362051518033219,0.7239372487584994,0.9823148306546212,0.8877798027524105,0.8004297048634115,0.9921584235296542,0.7623264789581299,1.705227848943032e-05,10.283670902252197
99,train,1.7966591040571254,0.6795989883529556,0.34539511237111126,0.44852219202585936,0.29979288509179625,0.9386415514211789,0.4623045785852631,0.31133236704706113,0.9847811718919977,0.6984449266553758,1.566230364676783e-05,10.319381952285767
99,val,0.5280924439430237,0.8820564349492391,0.8384153147538503,0.8639383283039934,0.7651716123771073,0.9857097060275173,0.9116411318515931,0.8394894504095735,0.9925934685600363,0.7391328712304434,1.566230364676783e-05,10.319381952285767
100,train,1.7919694885507331,0.6777722552106097,0.34624642649522197,0.4510256015557906,0.29956422275709965,0.9389196764457117,0.4671612032231819,0.31238983453733765,0.9850061590020556,0.6959001234361342,1.433047232344835e-05,10.397910118103027
100,val,0.6349113658070564,0.8641224404176077,0.8070942560831705,0.8399252946484007,0.7299908309337418,0.9835253260844388,0.8993230511146574,0.8194029600494245,0.9907861497666336,0.7309059202671051,1.433047232344835e-05,10.397910118103027
101,train,1.794729090653933,0.6762648362379807,0.3470148606212823,0.44939812665365403,0.30011298780048873,0.9387340325523336,0.463851372477657,0.31242881459453503,0.9847681539041261,0.6940327891103037,1.3057697290134457e-05,10.281457901000977
101,val,0.5475217774510384,0.892008384068807,0.8314521511395773,0.8630509354252572,0.7641050943021415,0.9860035420585326,0.9134876843466356,0.842268653145089,0.9926533169215813,0.7538871864477793,1.3057697290134457e-05,10.281457901000977
102,train,1.7945074301499586,0.6751218675733446,0.34538675386172074,0.4468028086193596,0.299687349089307,0.9389968579208223,0.4616573534307447,0.31197953957387836,0.9851088623899762,0.6927762865186571,1.1844850843257407e-05,10.313589096069336
102,val,0.6020294974247614,0.876221219698588,0.8178841769695282,0.84930486822112,0.7437961706695723,0.9848351629711979,0.9059561694989274,0.8300653715743728,0.9922976175943244,0.7408654987812042,1.1844850843257407e-05,10.313589096069336
103,train,1.7945291258238412,0.6803086287491805,0.3454283546734523,0.448385056462945,0.2998495765083114,0.9387437831802162,0.4626590007681225,0.31144682946907426,0.9847526817054262,0.6996548525936954,1.069276420718889e-05,10.45249342918396
103,val,0.5601866741975149,0.8966809709866842,0.8290569384892782,0.8600285729413447,0.7599302569202093,0.9864573922376573,0.9167633953570967,0.8480695969201374,0.9929707845051317,0.7587415079275767,1.069276420718889e-05,10.45249342918396
104,train,1.7900254959826702,0.676218152879835,0.34856388061405064,0.4512489421629166,0.30205784042775136,0.9385473625960099,0.4648906022650831,0.31386502329022703,0.9843292236327376,0.6941201803567526,9.602226964561204e-06,10.531536340713501
104,val,0.589476058880488,0.8838500181833903,0.8128120005130768,0.849986771786606,0.7448875937031963,0.9851685343210527,0.9090010838453916,0.8351931537648839,0.9916437784829965,0.7519260048866272,9.602226964561204e-06,10.531536340713501
105,train,1.7910101288682096,0.6757698859368171,0.34729016525345247,0.4503535231116886,0.30107133554659415,0.9387118294024885,0.46358264978085933,0.3114842138245123,0.984790028391943,0.6931079250949246,8.573986515126971e-06,10.297135829925537
105,val,0.6188669204711914,0.8751532733440399,0.8092250327269236,0.8442929680507433,0.7367561021719798,0.9847339998892658,0.9053793217708774,0.8286292068857414,0.9925198025172847,0.7427490254243215,8.573986515126971e-06,10.297135829925537
106,train,1.7914986218605842,0.6732792887654337,0.34737523848360236,0.4499492772964381,0.3001688857966959,0.9387252358560889,0.4649304874113573,0.31184984066065485,0.984766606684256,0.6902622142871777,7.608747563528428e-06,10.333457708358765
106,val,0.5767515723903974,0.8755584756533304,0.8260170519351959,0.8546262295761039,0.7519341145488118,0.9860746692931214,0.9140730677337361,0.8432590032041727,0.9923712836370763,0.73672816157341,7.608747563528428e-06,10.333457708358765
107,train,1.7851156980007679,0.6787467369666467,0.3477848670282564,0.45308906450964426,0.3016532789392281,0.9387514193247918,0.4676347206929846,0.31307558562615645,0.9846380273778202,0.6969541002820422,6.707171636328258e-06,10.307053089141846
107,val,0.6011475970347723,0.8716719845930735,0.818916251262029,0.851588356947122,0.7475901272320501,0.9849144013288246,0.9063969048815624,0.8310723848263125,0.991639539930479,0.7361750304698944,6.707171636328258e-06,10.307053089141846
108,train,1.8005956894867903,0.671883109566215,0.3472712388118872,0.45126534565597504,0.3003214421723075,0.9384975345242044,0.46494885134963126,0.3111555530469157,0.9844579629964011,0.6886783413120083,5.869876628632224e-06,10.369037866592407
108,val,0.6075505614280701,0.8871335387229919,0.8106397092342377,0.8489719633162315,0.7438880630026453,0.9845080252127417,0.9037575654748345,0.8262437879799548,0.9922847323946717,0.7566525836785635,5.869876628632224e-06,10.369037866592407
109,train,1.7879049607090183,0.6760888799920782,0.3477575434046192,0.45160757202478746,0.301576598900019,0.9387457236882853,0.46398887505373015,0.312478056906465,0.9847255253290879,0.6936697793173623,5.097436380614803e-06,10.308844804763794
109,val,0.5652808944384257,0.8830333352088928,0.8290348052978516,0.8594730134534315,0.7591619466139804,0.9863616893718081,0.9166037571011815,0.8476532486068319,0.9917095608180658,0.7450153827667236,5.097436380614803e-06,10.308844804763794
110,train,1.791464972746122,0.6744464794238965,0.3466956274701165,0.449184842498936,0.30027513604338374,0.9384389361456561,0.4633112506965934,0.311868361621662,0.9844570026530335,0.6917724075850907,4.390380284237703e-06,10.330534219741821
110,val,0.5658652211229006,0.8830781777699789,0.8269330461819967,0.8580645565749343,0.7572022826072633,0.9860002342484483,0.9138046908789899,0.8429276446861859,0.9923856947156353,0.7456098000208536,4.390380284237703e-06,10.330534219741821
111,train,1.7830464089667046,0.6753701163338615,0.34961569053935004,0.4530828457228812,0.30258135128313696,0.9388767358385272,0.4668927115448669,0.31368218665553255,0.9846502450795525,0.6921735643506883,3.749192920431183e-06,10.328919172286987
111,val,0.5556995595494906,0.8896330197652181,0.8311858574549357,0.8616919191716322,0.7623396721595656,0.986548920740358,0.9172755179420177,0.8485008253846252,0.9924042595756614,0.7512853046258291,3.749192920431183e-06,10.328919172286987
112,train,1.788564555294864,0.6755952635011473,0.34727337060274777,0.45152370368939976,0.3005821423127804,0.93876549880844,0.4658850486568265,0.3120971854249426,0.9847737025546941,0.6931480461067253,3.1743137269863346e-06,10.304011344909668
112,val,0.5712240686019262,0.8870683511098226,0.8331205447514852,0.8619628684747497,0.762589437447255,0.985744563823364,0.9125025638516178,0.84103770998787,0.9922372606064772,0.7474946876366934,3.1743137269863346e-06,10.304011344909668
113,train,1.7864470882015628,0.6748475294846755,0.34844601758710153,0.4543005538656391,0.3018006014192321,0.9386096621511251,0.4686080385503028,0.31299411794856075,0.9845367645049511,0.6918585183737161,2.666136697386527e-06,10.31215524673462
113,val,0.576656199991703,0.8923373023668925,0.8168876270453135,0.853426008619357,0.7505136635527293,0.9844141859018695,0.9024321822203079,0.8246724840433695,0.9924367268879442,0.7597460448741913,2.666136697386527e-06,10.31215524673462
114,train,1.787775175554769,0.6769251256555944,0.3478955950561937,0.4505345969965219,0.30115362890553415,0.9390688209207234,0.4651096221376781,0.31307508267402606,0.9850478272337261,0.6947584352293215,2.225010110783803e-06,10.431960582733154
114,val,0.562064049144586,0.888611356417338,0.8329889376958212,0.8629561308731056,0.7642843640457354,0.9865343710348742,0.9176150271852007,0.8494110621510408,0.992005750867979,0.7496191263198853,2.225010110783803e-06,10.431960582733154
115,train,1.788970325376604,0.6763823182432802,0.34697949730016137,0.45066251173954847,0.30072766733846273,0.9385962908835266,0.46504232571275533,0.3120458542200901,0.9845908638479909,0.6938282359730114,1.8512362933058672e-06,10.417674541473389
115,val,0.6021396964788437,0.8847902119159698,0.8166487018267313,0.851886584777751,0.7479450784962252,0.9850285114589603,0.9075198784924624,0.8327166717199438,0.9921545240613384,0.7516347269217173,1.8512362933058672e-06,10.417674541473389
116,train,1.7981427732881132,0.6796733082591236,0.34691627011015697,0.450156772981929,0.3016765680310269,0.9390098085557471,0.4636684885356467,0.3126410652694242,0.9850446260891674,0.6981242253230169,1.5450714108567968e-06,10.344224452972412
116,val,0.5617448488871256,0.89287601908048,0.8327516516049703,0.8638081250122588,0.7654289792331097,0.9864943651684032,0.9166211284992598,0.847687371702157,0.9922907511392464,0.7545059223969778,1.5450714108567968e-06,10.344224452972412
117,train,1.7845153358432797,0.6774008690894067,0.34844675738286307,0.4539138775676276,0.302992314847129,0.9389506080700495,0.4667583886266974,0.3139392724351874,0.9847747162504712,0.6952014202838177,1.3067252935537676e-06,10.349331617355347
117,val,0.5507567748427391,0.8923055132230123,0.835283488035202,0.8655214707134028,0.7681435459624743,0.9871306899919988,0.9210019570961947,0.854942186983043,0.9923201666937169,0.7529812355836233,1.3067252935537676e-06,10.349331617355347
118,train,1.7973446687618335,0.6806758000300481,0.34693810246051193,0.44888626313620605,0.3014334856719584,0.938844131119744,0.46305814279194235,0.31357545499265566,0.9848459950693086,0.6994660917695585,1.1363612919199035e-06,10.32624363899231
118,val,0.5384240671992302,0.8944932818412781,0.8367994626363119,0.8667314282828597,0.7698017598844961,0.9866380359393633,0.9176423955929236,0.8492864011845555,0.9926589118109043,0.7547755837440491,1.1363612919199035e-06,10.32624363899231
119,train,1.7827142485371836,0.6770018464201814,0.3497320643880151,0.4533053634032121,0.3033880242130105,0.9390190430867104,0.4681857348105892,0.31545009937005103,0.9848529842349282,0.6944500583035129,1.0340961649320526e-06,10.443427324295044
119,val,0.5722387308875719,0.8841571509838104,0.8260758419831594,0.8596055816121123,0.7593996379388605,0.9854541707101688,0.9095149541340833,0.8363641766959352,0.9922652350530918,0.7482483784357706,1.0340961649320526e-06,10.443427324295044
120,train,1.793327779619844,0.6764635739626584,0.34660182367046394,0.44899796747467496,0.3002134061431408,0.9387203326865622,0.4639489778157535,0.3118166025127314,0.9848958262196036,0.6941062020255135,1e-06,10.277687549591064
120,val,0.5537507509191831,0.887209157148997,0.831388920545578,0.8622457678217077,0.7632989147019372,0.9865511896185426,0.9174808938184468,0.8490402702446448,0.9922265794541335,0.7489270567893982,1e-06,10.277687549591064
